{
	"aplauso":
		{
			"sounds":
				[
					{
						"name":"applause",
						"stream":false
					}
				],
			"category":"master"
		},
	"portales":
		{
			"sounds":
				[
					{
						"name":"portales",
						"stream":false
					}
				],
			"category":"master"
		},
	"navidad":
		{
			"sounds":
				[
					{
						"name":"navidad",
						"stream":false
					}
				],
			"category":"master"
		},
	"lnavidad":
		{
			"sounds":
				[
					{
						"name":"lnavidad",
						"stream":false
					}
				],
			"category":"master"
		},
	"anuevo":
		{
			"sounds":
				[
					{
						"name":"anuevo",
						"stream":false
					}
				],
			"category":"master"
		},
	"guerra":
		{
			"sounds":
				[
					{
						"name":"guerra",
						"stream":false
					}
				],
			"category":"master"
		},
	"zelda_cofre":
		{
			"sounds":
				[
					{
						"name":"zelda_cofre",
						"stream":false
					}
				],
			"category":"master"
		},
	"terremoto":
		{
			"sounds":
				[
					{
						"name":"terremoto",
						"stream":false
					}
				],
			"category":"master"
		},
	"anastasia":
		{
			"sounds":
				[
					{
						"name":"anastasia",
						"stream":false
					}
				],
			"category":"master"
		},
	"explosion":
		{
			"sounds":
				[
					{
						"name":"explosion",
						"stream":false
					}
				],
			"category":"master"
		},
	"anillo":
		{
			"sounds":
				[
					{
						"name":"anillo",
						"stream":false
					}
				],
			"category":"master"
		}
}