{
	"credit": "Made with Blockbench",
	"texture_size": [32, 32],
	"textures": {
		"0": "amarillo",
		"1": "pepe",
		"particle": "amarillo"
	},
	"elements": [
		{
			"name": "caution",
			"from": [3.5, 6.5879, 5.43003],
			"to": [12.5, 12.38912, 6.88033],
			"shade": false,
			"rotation": {"angle": 0, "axis": "y", "origin": [20.90364, 16.74003, 17.03246]},
			"faces": {
				"north": {"uv": [0, 2.5, 15.5, 13.5], "texture": "#1"},
				"east": {"uv": [0.5, 10, 15, 13], "texture": "#1"},
				"south": {"uv": [0.5, 3, 15, 6.5], "texture": "#1"},
				"west": {"uv": [0.5, 10, 15, 13], "texture": "#1"},
				"up": {"uv": [0.5, 10, 15, 13], "texture": "#1"},
				"down": {"uv": [0.5, 10, 15, 13], "texture": "#1"}
			}
		},
		{
			"from": [3.5, 0.11218, 4.43042],
			"to": [4.95031, 4.46309, 5.88072],
			"shade": false,
			"rotation": {"angle": 0, "axis": "y", "origin": [10.10243, 5.52553, 16.03285]},
			"faces": {
				"north": {"uv": [1, 2, 2, 4], "texture": "#0"},
				"east": {"uv": [0, 2, 1, 5], "texture": "#0"},
				"south": {"uv": [3, 2, 4, 5], "texture": "#0"},
				"west": {"uv": [2, 2, 3, 5], "texture": "#0"},
				"up": {"uv": [2, 2, 1, 1], "texture": "#0"},
				"down": {"uv": [3, 1, 2, 2], "texture": "#0"}
			}
		},
		{
			"name": "pata este n",
			"from": [11.04969, 0.11218, 4.43042],
			"to": [12.5, 4.46309, 5.88072],
			"shade": false,
			"rotation": {"angle": 0, "axis": "y", "origin": [17.65212, 5.52553, 16.03285]},
			"faces": {
				"north": {"uv": [1, 2, 2, 4], "texture": "#0"},
				"east": {"uv": [0, 2, 1, 5], "texture": "#0"},
				"south": {"uv": [3, 2, 4, 5], "texture": "#0"},
				"west": {"uv": [2, 2, 3, 5], "texture": "#0"},
				"up": {"uv": [2, 2, 1, 1], "texture": "#0"},
				"down": {"uv": [3, 1, 2, 2], "texture": "#0"}
			}
		},
		{
			"from": [3.5, 4.07519, 4.93023],
			"to": [4.95031, 6.9758, 6.38053],
			"shade": false,
			"rotation": {"angle": 22.5, "axis": "x", "origin": [-0.77484, 5.52553, 5.65538]},
			"faces": {
				"north": {"uv": [1, 2, 2, 4], "texture": "#0"},
				"east": {"uv": [0, 2, 1, 4], "texture": "#0"},
				"south": {"uv": [3, 2, 4, 4], "texture": "#0"},
				"west": {"uv": [2, 2, 3, 4], "texture": "#0"},
				"up": {"uv": [2, 2, 1, 1], "texture": "#0"},
				"down": {"uv": [3, 1, 2, 2], "texture": "#0"}
			}
		},
		{
			"name": "pata este n",
			"from": [11.04969, 4.07519, 4.93023],
			"to": [12.5, 6.9758, 6.38053],
			"shade": false,
			"rotation": {"angle": 22.5, "axis": "x", "origin": [6.77484, 5.52553, 5.65538]},
			"faces": {
				"north": {"uv": [1, 2, 2, 4], "texture": "#0"},
				"east": {"uv": [0, 2, 1, 4], "texture": "#0"},
				"south": {"uv": [3, 2, 4, 4], "texture": "#0"},
				"west": {"uv": [2, 2, 3, 4], "texture": "#0"},
				"up": {"uv": [2, 2, 1, 1], "texture": "#0"},
				"down": {"uv": [3, 1, 2, 2], "texture": "#0"}
			}
		},
		{
			"name": "caution",
			"from": [3.5, 6.51139, 9.04578],
			"to": [12.5, 12.31261, 10.49608],
			"shade": false,
			"rotation": {"angle": 0, "axis": "y", "origin": [8, 4.94644, 10.3707]},
			"faces": {
				"north": {"uv": [0.5, 3, 15, 6.5], "texture": "#1"},
				"east": {"uv": [0.5, 10, 15, 13], "texture": "#1"},
				"south": {"uv": [0, 2.5, 15.5, 13.5], "texture": "#1"},
				"west": {"uv": [0.5, 10, 15, 13], "texture": "#1"},
				"up": {"uv": [0.5, 10, 15, 13], "rotation": 180, "texture": "#1"},
				"down": {"uv": [0.5, 10, 15, 13], "rotation": 180, "texture": "#1"}
			}
		},
		{
			"from": [3.5, 0.03567, 10.0454],
			"to": [4.95031, 4.38658, 11.4957],
			"shade": false,
			"rotation": {"angle": 0, "axis": "y", "origin": [8, 4.94645, 11.17039]},
			"faces": {
				"north": {"uv": [1, 2, 2, 4], "texture": "#0"},
				"east": {"uv": [0, 2, 1, 5], "texture": "#0"},
				"south": {"uv": [3, 2, 4, 5], "texture": "#0"},
				"west": {"uv": [2, 2, 3, 5], "texture": "#0"},
				"up": {"uv": [2, 2, 1, 1], "texture": "#0"},
				"down": {"uv": [3, 1, 2, 2], "texture": "#0"}
			}
		},
		{
			"name": "pata este s",
			"from": [11.04969, 0.03567, 10.0454],
			"to": [12.5, 4.38658, 11.4957],
			"shade": false,
			"rotation": {"angle": 0, "axis": "y", "origin": [8, 4.94645, 11.17039]},
			"faces": {
				"north": {"uv": [1, 2, 2, 4], "texture": "#0"},
				"east": {"uv": [0, 2, 1, 5], "texture": "#0"},
				"south": {"uv": [3, 2, 4, 5], "texture": "#0"},
				"west": {"uv": [2, 2, 3, 5], "texture": "#0"},
				"up": {"uv": [2, 2, 1, 1], "texture": "#0"},
				"down": {"uv": [3, 1, 2, 2], "texture": "#0"}
			}
		},
		{
			"from": [3.5, 4.07519, 9.73029],
			"to": [4.95031, 6.9758, 11.18059],
			"shade": false,
			"rotation": {"angle": -22.5, "axis": "x", "origin": [8, 5.02295, 10.55541]},
			"faces": {
				"north": {"uv": [1, 2, 2, 4], "texture": "#0"},
				"east": {"uv": [0, 2, 1, 4], "texture": "#0"},
				"south": {"uv": [3, 2, 4, 4], "texture": "#0"},
				"west": {"uv": [2, 2, 3, 4], "texture": "#0"},
				"up": {"uv": [2, 2, 1, 1], "texture": "#0"},
				"down": {"uv": [3, 1, 2, 2], "texture": "#0"}
			}
		},
		{
			"name": "pata este s",
			"from": [11.04969, 4.07519, 9.73029],
			"to": [12.5, 6.9758, 11.18059],
			"shade": false,
			"rotation": {"angle": -22.5, "axis": "x", "origin": [8, 5.02295, 10.55541]},
			"faces": {
				"north": {"uv": [1, 2, 2, 4], "texture": "#0"},
				"east": {"uv": [0, 2, 1, 4], "texture": "#0"},
				"south": {"uv": [3, 2, 4, 4], "texture": "#0"},
				"west": {"uv": [2, 2, 3, 4], "texture": "#0"},
				"up": {"uv": [2, 2, 1, 1], "texture": "#0"},
				"down": {"uv": [3, 1, 2, 2], "texture": "#0"}
			}
		},
		{
			"from": [3.89158, 6, 6.14962],
			"to": [4.55873, 6.5879, 9.71769],
			"rotation": {"angle": 0, "axis": "y", "origin": [5.96158, 8, 8]},
			"faces": {
				"north": {"uv": [0, 0, 0.72516, 0.29395], "texture": "#0"},
				"east": {"uv": [0, 0, 2.47783, 0.29395], "texture": "#0"},
				"south": {"uv": [0, 0, 0.72516, 0.29395], "texture": "#0"},
				"west": {"uv": [0, 0, 2.47783, 0.29395], "texture": "#0"},
				"up": {"uv": [0, 0, 0.72516, 2.47783], "texture": "#0"},
				"down": {"uv": [0, 0, 0.72516, 2.47783], "texture": "#0"}
			}
		},
		{
			"from": [11.44127, 6, 6.28231],
			"to": [12.10842, 6.5879, 9.85038],
			"faces": {
				"north": {"uv": [0, 0, 0.72516, 0.29395], "texture": "#0"},
				"east": {"uv": [0, 0, 2.47783, 0.29395], "texture": "#0"},
				"south": {"uv": [0, 0, 0.72516, 0.29395], "texture": "#0"},
				"west": {"uv": [0, 0, 2.47783, 0.29395], "texture": "#0"},
				"up": {"uv": [0, 0, 0.72516, 2.47783], "rotation": 180, "texture": "#0"},
				"down": {"uv": [0, 0, 0.72516, 2.47783], "rotation": 180, "texture": "#0"}
			}
		},
		{
			"from": [3.625, 11.31261, 5.68003],
			"to": [4.125, 11.625, 10.12108],
			"rotation": {"angle": 0, "axis": "y", "origin": [38, 21, 16.30984]},
			"faces": {
				"north": {"uv": [0, 0, 0.5, 0.5], "texture": "#0"},
				"east": {"uv": [0, 0, 0.5, 0.5], "texture": "#0"},
				"south": {"uv": [0, 0, 0.5, 0.5], "texture": "#0"},
				"west": {"uv": [0, 0, 0.5, 0.5], "texture": "#0"},
				"up": {"uv": [0, 0, 0.5, 0.5], "texture": "#0"},
				"down": {"uv": [0, 0, 0.5, 0.5], "texture": "#0"}
			}
		},
		{
			"from": [11.875, 11.31261, 5.87892],
			"to": [12.375, 11.625, 10.31997],
			"rotation": {"angle": 0, "axis": "y", "origin": [8, 7, 8]},
			"faces": {
				"north": {"uv": [0, 0, 0.5, 0.5], "texture": "#0"},
				"east": {"uv": [0, 0, 0.5, 0.5], "texture": "#0"},
				"south": {"uv": [0, 0, 0.5, 0.5], "texture": "#0"},
				"west": {"uv": [0, 0, 0.5, 0.5], "texture": "#0"},
				"up": {"uv": [0, 0, 0.5, 0.5], "rotation": 180, "texture": "#0"},
				"down": {"uv": [0, 0, 0.5, 0.5], "rotation": 180, "texture": "#0"}
			}
		}
	],
	"display": {
		"thirdperson_righthand": {
			"rotation": [90.75, 0, 0],
			"translation": [-0.25, -2, -3.25]
		},
		"thirdperson_lefthand": {
			"rotation": [91.5, 0, 0],
			"translation": [0, -1.5, -3.25]
		},
		"ground": {
			"translation": [0, 4.75, 0]
		},
		"gui": {
			"rotation": [0, -37, 0],
			"translation": [0, -0.15, 0]
		},
		"head": {
			"translation": [-0.25, 14.25, 0],
			"scale": [1.2, 1.2, 1.2]
		},
		"fixed": {
			"rotation": [-90, 0, 0],
			"translation": [0, 0, -26],
			"scale": [3.45, 3.45, 3.45]
		}
	},
	"groups": [
		{
			"name": "peligro",
			"origin": [8, 8, 8],
			"children": [
				{
					"name": "lado norte",
					"origin": [19.1, 11, 11.6],
					"children": [0, 1, 2, 3, 4]
				},
				{
					"name": "lado sur",
					"origin": [19.1, 11, 11.6],
					"children": [5, 6, 7, 8, 9]
				},
				{
					"name": "uniones",
					"origin": [8, 8, 8],
					"children": [10, 11, 12, 13]
				}
			]
		}
	]
}