{"parent":"item/handheld","textures":{"layer0":"item/diamond_sword"},"overrides":[{"predicate":{"custom_model_data":1},"model":"great_sword"},{"predicate":{"custom_model_data":2},"model":"bone_sword"},{"predicate":{"custom_model_data":3},"model":"wood_sword"},{"predicate":{"custom_model_data":4},"model":"storm_sword"},{"predicate":{"custom_model_data":5},"model":"energy_crystal_sword"},{"predicate":{"custom_model_data":6},"model":"glass_sword"},{"predicate":{"custom_model_data":7},"model":"obsidian_sword"},{"predicate":{"custom_model_data":8},"model":"blood_sword"},{"predicate":{"custom_model_data":9},"model":"octavia_sword"},{"predicate":{"custom_model_data":10},"model":"dagger"},{"predicate":{"custom_model_data":11},"model":"custom/kirito_sword"}]}