{"parent":"item/generated","textures":{"layer0":"item/diamond"},"overrides":[{"predicate":{"custom_model_data":1},"model":"caveblock"},{"predicate":{"custom_model_data":2},"model":"amethyst_ore"},{"predicate":{"custom_model_data":3},"model":"ruby_ore"},{"predicate":{"custom_model_data":4},"model":"onyx_ore"},{"predicate":{"custom_model_data":5},"model":"orax_ore"},{"predicate":{"custom_model_data":6},"model":"hallowen"},{"predicate":{"custom_model_data":7},"model":"arrow_next_icon"},{"predicate":{"custom_model_data":8},"model":"arrow_previous_icon"},{"predicate":{"custom_model_data":9},"model":"recipe_showcase"},{"predicate":{"custom_model_data":10},"model":"upper_section"},{"predicate":{"custom_model_data":11},"model":"lower_section"},{"predicate":{"custom_model_data":12},"model":"amethyst"},{"predicate":{"custom_model_data":13},"model":"ruby"},{"predicate":{"custom_model_data":14},"model":"onyx"},{"predicate":{"custom_model_data":15},"model":"orax"},{"predicate":{"custom_model_data":16},"model":"block/fire_floor0"},{"predicate":{"custom_model_data":17},"model":"iron_cog"},{"predicate":{"custom_model_data":18},"model":"gold_cog"},{"predicate":{"custom_model_data":19},"model":"diamond_cog"}]}