{"parent":"item/handheld","textures":{"layer0":"item/diamond_pickaxe"},"overrides":[{"predicate":{"custom_model_data":1},"model":"legendary_hammer"},{"predicate":{"custom_model_data":2},"model":"earth_hammer"},{"predicate":{"custom_model_data":3},"model":"emerald_hammer"},{"predicate":{"custom_model_data":4},"model":"amethyst_hammer"},{"predicate":{"custom_model_data":5},"model":"onyx_hammer"},{"predicate":{"custom_model_data":6},"model":"orax_hammer"},{"predicate":{"custom_model_data":7},"model":"fire_hammer"}]}