{"parent":"item/generated","textures":{"layer0":"item/leather_chestplate","layer1":"item/leather_chestplate_overlay"},"overrides":[{"predicate":{"custom_model_data":1},"model":"custom_chestplate"},{"predicate":{"custom_model_data":1},"model":"custom_chestplate"},{"predicate":{"custom_model_data":1},"model":"custom_chestplate"},{"predicate":{"custom_model_data":2},"model":"anubis_head"},{"predicate":{"custom_model_data":3},"model":"crown"},{"predicate":{"custom_model_data":4},"model":"pharaoh_head"},{"predicate":{"custom_model_data":5},"model":"witch_hat"},{"predicate":{"custom_model_data":6},"model":"space_helmet"}]}