{
	"credit": "Made with Blockbench",
	"texture_size": [32, 32],
	"textures": {
		"0": "block/birch_planks",
		"1": "sorien",
		"particle": "block/birch_planks"
	},
	"elements": [
		{
			"from": [16, 0, 7.5625],
			"to": [17, 32, 8.5625],
			"rotation": {"angle": 0, "axis": "y", "origin": [9, 8, 15.5625]},
			"faces": {
				"north": {"uv": [0.5, 0, 0, 16], "texture": "#0"},
				"east": {"uv": [0.5, 0, 0, 16], "texture": "#0"},
				"south": {"uv": [0.5, 0, 0, 16], "texture": "#0"},
				"west": {"uv": [0.5, 0, 0, 16], "texture": "#0"},
				"up": {"uv": [0.5, 0, 0, 0.69565], "texture": "#0"},
				"down": {"uv": [0.5, 0, 0, 0.69565], "texture": "#0"}
			}
		},
		{
			"from": [12, 20, 7.5625],
			"to": [16, 31, 8.5625],
			"rotation": {"angle": 0, "axis": "y", "origin": [8, 38, 15.5625]},
			"faces": {
				"north": {"uv": [16, 0, 13.5, 16], "texture": "#1"},
				"east": {"uv": [0.5, 0, 0, 7.65217], "texture": "#missing"},
				"south": {"uv": [3.5, 0, 0, 16], "texture": "#1"},
				"west": {"uv": [4.5, 0, 3.5, 16], "texture": "#1"},
				"up": {"uv": [0.5, 0, 0, 7.65217], "texture": "#1"},
				"down": {"uv": [0.5, 0, 0, 7.65217], "texture": "#1"}
			}
		},
		{
			"from": [8, 20, 6.5625],
			"to": [12, 31, 7.5625],
			"rotation": {"angle": 0, "axis": "y", "origin": [4, 38, 14.5625]},
			"faces": {
				"north": {"uv": [12.5, 0, 9, 16], "texture": "#1"},
				"east": {"uv": [13.5, 0, 12.5, 16], "texture": "#1"},
				"south": {"uv": [8, 0, 4.5, 16], "texture": "#1"},
				"west": {"uv": [9, 0, 8, 16], "texture": "#1"},
				"up": {"uv": [0.5, 0, 0, 7.65217], "texture": "#1"},
				"down": {"uv": [0.5, 0, 0, 7.65217], "texture": "#1"}
			}
		},
		{
			"from": [4, 20, 7.5625],
			"to": [8, 31, 8.5625],
			"rotation": {"angle": 0, "axis": "y", "origin": [0, 38, 15.5625]},
			"faces": {
				"north": {"uv": [8, 0, 4.5, 16], "texture": "#1"},
				"east": {"uv": [9, 0, 8, 16], "texture": "#1"},
				"south": {"uv": [12.5, 0, 9, 16], "texture": "#1"},
				"west": {"uv": [13.5, 0, 12.5, 16], "texture": "#1"},
				"up": {"uv": [0.5, 0, 0, 7.65217], "texture": "#1"},
				"down": {"uv": [0.5, 0, 0, 7.65217], "texture": "#1"}
			}
		},
		{
			"from": [0, 20, 6.5625],
			"to": [4, 31, 7.5625],
			"rotation": {"angle": 0, "axis": "y", "origin": [-4, 38, 14.5625]},
			"faces": {
				"north": {"uv": [3.5, 0, 0, 16], "texture": "#1"},
				"east": {"uv": [4.5, 0, 3.5, 16], "texture": "#1"},
				"south": {"uv": [16, 0, 13.5, 16], "texture": "#1"},
				"west": {"uv": [0.5, 0, 0, 7.65217], "texture": "#1"},
				"up": {"uv": [0.5, 0, 0, 7.65217], "texture": "#1"},
				"down": {"uv": [0.5, 0, 0, 7.65217], "texture": "#1"}
			}
		}
	],
	"display": {
		"thirdperson_righthand": {
			"translation": [-8.5, 3, 1.25]
		},
		"thirdperson_lefthand": {
			"translation": [8.5, 3, 1.75]
		},
		"firstperson_righthand": {
			"rotation": [-18, 0, 0],
			"translation": [0, -3.25, 0]
		},
		"firstperson_lefthand": {
			"rotation": [-18, 0, 0],
			"translation": [8, 0, 0]
		},
		"gui": {
			"rotation": [0, 136.75, 0],
			"translation": [0, -4, 0],
			"scale": [0.5, 0.5, 0.5]
		},
		"head": {
			"translation": [-3, 1.75, -1.25]
		},
		"fixed": {
			"rotation": [-90, 0, 0],
			"translation": [-11.25, 0, -23.5],
			"scale": [3, 3, 3]
		}
	}
}