{"providers":[{"chars":["ꐪ"],"file":"default/chat/hablar.png","ascent":8,"height":8,"type":"bitmap"},{"chars":["ꐙ"],"file":"default/chat/pococomun_tag.png","ascent":9,"height":10,"type":"bitmap"},{"chars":["ꐜ"],"file":"default/chat/epico_tag.png","ascent":9,"height":10,"type":"bitmap"},{"chars":["ꐲ"],"file":"required/recipe_showcase.png","ascent":40,"height":164,"type":"bitmap"},{"chars":["ꐚ"],"file":"default/chat/raro_tag.png","ascent":9,"height":10,"type":"bitmap"},{"chars":["ꐝ"],"file":"default/chat/heroico_tag.png","ascent":9,"height":10,"type":"bitmap"},{"chars":["ꐴ"],"file":"required/ui/menu_items_gems.png","ascent":37,"height":256,"type":"bitmap"},{"chars":["ꐺ"],"file":"required/null.png","ascent":-32768,"height":-34,"type":"bitmap"},{"chars":["ꐽ"],"file":"required/null.png","ascent":-32768,"height":-258,"type":"bitmap"},{"chars":["ꐨ"],"file":"default/chat/mercado.png","ascent":8,"height":8,"type":"bitmap"},{"chars":["ꐛ"],"file":"default/chat/ultrararo_tag.png","ascent":9,"height":10,"type":"bitmap"},{"chars":["ꐓ"],"file":"default/chat/lord_tag.png","ascent":9,"height":10,"type":"bitmap"},{"chars":["ꐰ"],"file":"required/logo.png","ascent":20,"height":36,"type":"bitmap"},{"chars":["ꐑ"],"file":"default/chat/explorer_tag.png","ascent":9,"height":10,"type":"bitmap"},{"chars":["ꐾ"],"file":"required/null.png","ascent":-32768,"height":-514,"type":"bitmap"},{"chars":["ꐿ"],"file":"required/null.png","ascent":-32768,"height":-1026,"type":"bitmap"},{"chars":["ꐢ"],"file":"default/chat/artesano_tag.png","ascent":9,"height":10,"type":"bitmap"},{"chars":["ꐟ"],"file":"default/chat/mitico_tag.png","ascent":9,"height":10,"type":"bitmap"},{"chars":["ꐣ"],"file":"default/chat/guía_tag.png","ascent":9,"height":10,"type":"bitmap"},{"chars":["ꐮ"],"file":"default/chat/pase_de_batalla.png","ascent":8,"height":8,"type":"bitmap"},{"chars":["ꐠ"],"file":"default/chat/celestial_tag.png","ascent":9,"height":10,"type":"bitmap"},{"chars":["ꐦ"],"file":"default/chat/enchantador.png","ascent":8,"height":8,"type":"bitmap"},{"chars":["ꐥ"],"file":"default/chat/alquimista.png","ascent":8,"height":8,"type":"bitmap"},{"chars":["ꐸ"],"file":"required/null.png","ascent":-32768,"height":-10,"type":"bitmap"},{"chars":["ꐵ"],"file":"required/null.png","ascent":-32768,"height":-3,"type":"bitmap"},{"chars":["ꐧ"],"file":"default/chat/banco.png","ascent":8,"height":8,"type":"bitmap"},{"chars":["ꐶ"],"file":"required/null.png","ascent":-32768,"height":-4,"type":"bitmap"},{"chars":["ꐔ"],"file":"default/chat/prince_tag.png","ascent":9,"height":10,"type":"bitmap"},{"chars":["ꐕ"],"file":"default/chat/king_tag.png","ascent":9,"height":10,"type":"bitmap"},{"chars":["ꐷ"],"file":"required/null.png","ascent":-32768,"height":-6,"type":"bitmap"},{"chars":["ꐱ"],"file":"required/ui/menu_banner.png","ascent":-14,"height":256,"type":"bitmap"},{"chars":["ꐹ"],"file":"required/null.png","ascent":-32768,"height":-18,"type":"bitmap"},{"chars":["ꐗ"],"file":"default/chat/god_tag.png","ascent":9,"height":10,"type":"bitmap"},{"chars":["ꐤ"],"file":"default/chat/heart.png","ascent":8,"height":8,"type":"bitmap"},{"chars":["ꐞ"],"file":"default/chat/legendario_tag.png","ascent":9,"height":10,"type":"bitmap"},{"chars":["ꐫ"],"file":"default/chat/tienda.png","ascent":8,"height":8,"type":"bitmap"},{"chars":["ꐯ"],"file":"default/chat/tienda_de_jugador.png","ascent":8,"height":8,"type":"bitmap"},{"chars":["ꐖ"],"file":"default/chat/hero_tag.png","ascent":9,"height":10,"type":"bitmap"},{"chars":["ꐩ"],"file":"default/chat/tradear.png","ascent":8,"height":8,"type":"bitmap"},{"chars":["ꐬ"],"file":"default/chat/donaciones.png","ascent":8,"height":8,"type":"bitmap"},{"chars":["ꐻ"],"file":"required/null.png","ascent":-32768,"height":-66,"type":"bitmap"},{"chars":["ꐐ"],"file":"default/chat/farmer_tag.png","ascent":9,"height":10,"type":"bitmap"},{"chars":["ꐒ"],"file":"default/chat/knight_tag.png","ascent":9,"height":10,"type":"bitmap"},{"chars":["ꐘ"],"file":"default/chat/comun_tag.png","ascent":9,"height":10,"type":"bitmap"},{"chars":["ꐭ"],"file":"default/chat/misiones.png","ascent":8,"height":8,"type":"bitmap"},{"chars":["ꐳ"],"file":"required/ui/menu_items.png","ascent":37,"height":256,"type":"bitmap"},{"chars":["ꐼ"],"file":"required/null.png","ascent":-32768,"height":-130,"type":"bitmap"},{"chars":["ꐡ"],"file":"default/chat/vagabundo_tag.png","ascent":9,"height":10,"type":"bitmap"}]}