{"multipart":[{"apply":{"model":"required/mushroom_stem"},"when":{"east":true,"west":true,"south":true,"north":true,"down":false,"up":false}},{"apply":{"model":"caveblock"},"when":{"east":true,"west":false,"south":false,"north":false,"down":false,"up":false}},{"apply":{"model":"amethyst_ore"},"when":{"east":false,"west":true,"south":false,"north":false,"down":false,"up":false}},{"apply":{"model":"ruby_ore"},"when":{"east":true,"west":true,"south":false,"north":false,"down":false,"up":false}},{"apply":{"model":"onyx_ore"},"when":{"east":false,"west":false,"south":true,"north":false,"down":false,"up":false}},{"apply":{"model":"orax_ore"},"when":{"east":true,"west":false,"south":true,"north":false,"down":false,"up":false}},{"apply":{"model":"peligro"},"when":{"east":true,"west":false,"south":true,"north":false,"down":false,"up":false}}]}