{
	"credit": "Made with Blockbench",
	"textures": {
		"0": "block/black_wool",
		"2": "block/white_wool",
		"particle": "block/black_wool"
	},
	"elements": [
		{
			"from": [7, -0.25, 0],
			"to": [9, 1, 2],
			"rotation": {"angle": 0, "axis": "y", "origin": [16, 8, 8]},
			"faces": {
				"north": {"uv": [10, 9, 12, 10], "texture": "#0"},
				"east": {"uv": [10, 9, 12, 10], "texture": "#0"},
				"south": {"uv": [10, 9, 12, 10], "texture": "#0"},
				"west": {"uv": [10, 9, 12, 10], "texture": "#0"},
				"up": {"uv": [10, 9, 12, 10], "texture": "#0"},
				"down": {"uv": [10, 9, 12, 10], "texture": "#0"}
			}
		},
		{
			"from": [7, 6, -0.25],
			"to": [9, 7, 2.25],
			"rotation": {"angle": 0, "axis": "y", "origin": [16, 14, 8]},
			"faces": {
				"north": {"uv": [10, 9, 12, 10], "texture": "#0"},
				"east": {"uv": [10, 9, 12, 10], "texture": "#0"},
				"south": {"uv": [10, 9, 12, 10], "texture": "#0"},
				"west": {"uv": [10, 9, 12, 10], "texture": "#0"},
				"up": {"uv": [10, 9, 12, 10], "texture": "#0"},
				"down": {"uv": [10, 9, 12, 10], "texture": "#0"}
			}
		},
		{
			"from": [7.25, 1, 0.25],
			"to": [8.75, 6, 1.75],
			"rotation": {"angle": 0, "axis": "y", "origin": [15.5, 9, 8.5]},
			"faces": {
				"north": {"uv": [0, 0, 1, 1], "texture": "#0"},
				"east": {"uv": [0, 0, 1, 1], "texture": "#0"},
				"south": {"uv": [0, 0, 1, 1], "texture": "#0"},
				"west": {"uv": [0, 0, 1, 1], "texture": "#0"},
				"up": {"uv": [0, 0, 1, 1], "texture": "#0"},
				"down": {"uv": [0, 0, 1, 1], "texture": "#0"}
			}
		},
		{
			"from": [7.5, 7, 0],
			"to": [8.5, 14, 2],
			"rotation": {"angle": 0, "axis": "y", "origin": [15.5, 15, 8.5]},
			"faces": {
				"north": {"uv": [0, 0, 1, 1], "texture": "#0"},
				"east": {"uv": [15, 15, 16, 16], "texture": "#0"},
				"south": {"uv": [0, 0, 1, 1], "texture": "#0"},
				"west": {"uv": [15, 13, 16, 14], "texture": "#0"},
				"up": {"uv": [15, 15, 16, 16], "texture": "#0"},
				"down": {"uv": [0, 0, 1, 1], "texture": "#0"}
			}
		},
		{
			"from": [3.5, 7.5, 0],
			"to": [7.5, 8.5, 2],
			"rotation": {"angle": 0, "axis": "y", "origin": [14.5, 15.5, 8]},
			"faces": {
				"north": {"uv": [0, 0, 1, 1], "texture": "#0"},
				"east": {"uv": [0, 0, 1, 1], "texture": "#0"},
				"south": {"uv": [0, 0, 1, 1], "texture": "#0"},
				"west": {"uv": [0, 0, 1, 1], "texture": "#0"},
				"up": {"uv": [15, 15, 16, 16], "texture": "#0"},
				"down": {"uv": [15, 13, 16, 14], "texture": "#0"}
			}
		},
		{
			"from": [-4.3, 10.75, 0],
			"to": [-3.6, 11.45, 2],
			"rotation": {"angle": 45, "axis": "z", "origin": [3.525, 18.55, 8]},
			"faces": {
				"north": {"uv": [0, 0, 1, 1], "texture": "#0"},
				"east": {"uv": [0, 0, 1, 1], "texture": "#0"},
				"south": {"uv": [0, 0, 1, 1], "texture": "#0"},
				"west": {"uv": [15, 13, 16, 14], "texture": "#0"},
				"up": {"uv": [15, 13, 16, 14], "texture": "#0"},
				"down": {"uv": [0, 0, 1, 1], "texture": "#0"}
			}
		},
		{
			"from": [8.5, 7.5, 0],
			"to": [9.5, 8.5, 2],
			"rotation": {"angle": 0, "axis": "y", "origin": [16.5, 15.5, 8]},
			"faces": {
				"north": {"uv": [0, 0, 1, 1], "texture": "#0"},
				"east": {"uv": [0, 0, 1, 1], "texture": "#0"},
				"south": {"uv": [0, 0, 1, 1], "texture": "#0"},
				"west": {"uv": [0, 0, 1, 1], "texture": "#0"},
				"up": {"uv": [0, 0, 1, 1], "texture": "#0"},
				"down": {"uv": [0, 0, 1, 1], "texture": "#0"}
			}
		},
		{
			"from": [11, 0.55, -0.25],
			"to": [11.25, 0.8, 0.75],
			"rotation": {"angle": -45, "axis": "z", "origin": [18.5, 7.8, 7.75]},
			"faces": {
				"north": {"uv": [0, 0, 0.25, 0.25], "texture": "#2"},
				"east": {"uv": [0, 0, 0.25, 0.25], "texture": "#2"},
				"south": {"uv": [0, 0, 0.25, 0.25], "texture": "#2"},
				"west": {"uv": [0, 0, 0.25, 0.25], "texture": "#2"},
				"up": {"uv": [0, 0, 0.25, 0.25], "texture": "#2"},
				"down": {"uv": [0, 0, 0.25, 0.25], "texture": "#2"}
			}
		},
		{
			"from": [10.775, 0.775, -0.25],
			"to": [11.025, 1.025, 0.75],
			"rotation": {"angle": -45, "axis": "z", "origin": [18.275, 8.025, 7.75]},
			"faces": {
				"north": {"uv": [0, 0, 0.25, 0.25], "texture": "#2"},
				"east": {"uv": [0, 0, 0.25, 0.25], "texture": "#2"},
				"south": {"uv": [0, 0, 0.25, 0.25], "texture": "#2"},
				"west": {"uv": [0, 0, 0.25, 0.25], "texture": "#2"},
				"up": {"uv": [0, 0, 0.25, 0.25], "texture": "#2"},
				"down": {"uv": [0, 0, 0.25, 0.25], "texture": "#2"}
			}
		},
		{
			"from": [10.775, 0.3, -0.25],
			"to": [11.025, 0.55, 0.75],
			"rotation": {"angle": -45, "axis": "z", "origin": [18.275, 7.55, 7.75]},
			"faces": {
				"north": {"uv": [0, 0, 0.25, 0.25], "texture": "#2"},
				"east": {"uv": [0, 0, 0.25, 0.25], "texture": "#2"},
				"south": {"uv": [0, 0, 0.25, 0.25], "texture": "#2"},
				"west": {"uv": [0, 0, 0.25, 0.25], "texture": "#2"},
				"up": {"uv": [0, 0, 0.25, 0.25], "texture": "#2"},
				"down": {"uv": [0, 0, 0.25, 0.25], "texture": "#2"}
			}
		},
		{
			"from": [10.525, 0.55, -0.25],
			"to": [10.775, 0.8, 0.75],
			"rotation": {"angle": -45, "axis": "z", "origin": [18.025, 7.8, 7.75]},
			"faces": {
				"north": {"uv": [0, 0, 0.25, 0.25], "texture": "#2"},
				"east": {"uv": [0, 0, 0.25, 0.25], "texture": "#2"},
				"south": {"uv": [0, 0, 0.25, 0.25], "texture": "#2"},
				"west": {"uv": [0, 0, 0.25, 0.25], "texture": "#2"},
				"up": {"uv": [0, 0, 0.25, 0.25], "texture": "#2"},
				"down": {"uv": [0, 0, 0.25, 0.25], "texture": "#2"}
			}
		},
		{
			"from": [6.1, 9.65, 0.7],
			"to": [7.5, 10.65, 1.5],
			"rotation": {"angle": 0, "axis": "y", "origin": [14.5, 17.65, 8.5]},
			"faces": {
				"north": {"uv": [0, 0, 1.4, 1], "texture": "#0"},
				"east": {"uv": [0, 0, 1.4, 1], "texture": "#0"},
				"south": {"uv": [0, 0, 1.4, 1], "texture": "#0"},
				"west": {"uv": [0, 0, 1.4, 1], "texture": "#0"},
				"up": {"uv": [14, 15, 15.4, 16], "texture": "#0"},
				"down": {"uv": [0, 0, 1.4, 1], "texture": "#0"}
			}
		},
		{
			"from": [8.1, 9.65, 0.7],
			"to": [9.5, 10.65, 1.5],
			"rotation": {"angle": 0, "axis": "y", "origin": [16.5, 17.65, 8.5]},
			"faces": {
				"north": {"uv": [0, 0, 1.4, 1], "texture": "#0"},
				"east": {"uv": [0, 0, 1.4, 1], "texture": "#0"},
				"south": {"uv": [0, 0, 1.4, 1], "texture": "#0"},
				"west": {"uv": [0, 0, 1.4, 1], "texture": "#0"},
				"up": {"uv": [14, 15, 15.4, 16], "texture": "#0"},
				"down": {"uv": [0, 0, 1.4, 1], "texture": "#0"}
			}
		},
		{
			"from": [6.65, 10.65, 0.5],
			"to": [7.5, 32, 1.5],
			"rotation": {"angle": 0, "axis": "y", "origin": [14.5, 18.65, 8.5]},
			"faces": {
				"north": {"uv": [0, 0, 1.4, 1], "texture": "#0"},
				"east": {"uv": [0, 0, 1.4, 1], "texture": "#0"},
				"south": {"uv": [0, 0, 1.4, 1], "texture": "#0"},
				"west": {"uv": [15, 13, 16, 14], "texture": "#0"},
				"up": {"uv": [0, 0, 1.4, 1], "texture": "#0"},
				"down": {"uv": [0, 0, 1.4, 1], "texture": "#0"}
			}
		},
		{
			"from": [8.5, 10.65, 0.5],
			"to": [9.35, 32, 1.5],
			"rotation": {"angle": 0, "axis": "y", "origin": [16.35, 18.65, 8.5]},
			"faces": {
				"north": {"uv": [0, 0, 1.4, 1], "texture": "#0"},
				"east": {"uv": [15, 13, 16, 14], "texture": "#0"},
				"south": {"uv": [0, 0, 1.4, 1], "texture": "#0"},
				"west": {"uv": [0, 0, 1.4, 1], "texture": "#0"},
				"up": {"uv": [0, 0, 1.4, 1], "texture": "#0"},
				"down": {"uv": [0, 0, 1.4, 1], "texture": "#0"}
			}
		},
		{
			"from": [7.5, 10.65, 0.5],
			"to": [8.5, 32, 1.5],
			"rotation": {"angle": 0, "axis": "y", "origin": [15.35, 18.65, 8.5]},
			"faces": {
				"north": {"uv": [0, 0, 1.4, 1], "texture": "#0"},
				"east": {"uv": [0, 0, 1.4, 1], "texture": "#0"},
				"south": {"uv": [0, 0, 1.4, 1], "texture": "#0"},
				"west": {"uv": [0, 0, 1.4, 1], "texture": "#0"},
				"up": {"uv": [0, 0, 1.4, 1], "texture": "#0"},
				"down": {"uv": [0, 0, 1.4, 1], "texture": "#0"}
			}
		},
		{
			"from": [1.6, 11.8, 0.65],
			"to": [2.9, 12.8, 1.5],
			"rotation": {"angle": 22.5, "axis": "z", "origin": [9.9, 19.8, 8.5]},
			"faces": {
				"north": {"uv": [0, 0, 1.3, 1], "texture": "#0"},
				"east": {"uv": [0, 0, 1.3, 1], "texture": "#0"},
				"south": {"uv": [0, 0, 1.3, 1], "texture": "#0"},
				"west": {"uv": [0, 0, 1.3, 1], "texture": "#0"},
				"up": {"uv": [14, 15, 15.4, 16], "texture": "#0"},
				"down": {"uv": [0, 0, 1.3, 1], "texture": "#0"}
			}
		},
		{
			"from": [1.025, 12.05, 0.65],
			"to": [1.725, 14.025, 1.5],
			"rotation": {"angle": 22.5, "axis": "z", "origin": [9.05, 21.025, 8.5]},
			"faces": {
				"north": {"uv": [0, 0, 1.3, 1], "texture": "#0"},
				"east": {"uv": [0, 0, 1.3, 1], "texture": "#0"},
				"south": {"uv": [0, 0, 1.3, 1], "texture": "#0"},
				"west": {"uv": [14, 15, 15.3, 16], "texture": "#0"},
				"up": {"uv": [14, 15, 15.4, 16], "texture": "#0"},
				"down": {"uv": [0, 0, 1.3, 1], "texture": "#0"}
			}
		},
		{
			"from": [12.375, 6.05, 0.65],
			"to": [13.075, 8.025, 1.5],
			"rotation": {"angle": -22.5, "axis": "z", "origin": [20.4, 15.025, 8.5]},
			"faces": {
				"north": {"uv": [0, 0, 1.3, 1], "texture": "#0"},
				"east": {"uv": [0, 0, 1.3, 1], "texture": "#0"},
				"south": {"uv": [0, 0, 1.3, 1], "texture": "#0"},
				"west": {"uv": [14, 15, 15.3, 16], "texture": "#0"},
				"up": {"uv": [14, 15, 15.4, 16], "texture": "#0"},
				"down": {"uv": [0, 0, 1.3, 1], "texture": "#0"}
			}
		},
		{
			"from": [10.25, 9.375, 0.65],
			"to": [10.95, 11.35, 1.5],
			"rotation": {"angle": 0, "axis": "z", "origin": [18.275, 18.35, 8.5]},
			"faces": {
				"north": {"uv": [0, 0, 1.3, 1], "texture": "#0"},
				"east": {"uv": [14, 15, 15.3, 16], "texture": "#0"},
				"south": {"uv": [0, 0, 1.3, 1], "texture": "#0"},
				"west": {"uv": [14, 15, 15.3, 16], "texture": "#0"},
				"up": {"uv": [14, 15, 15.4, 16], "texture": "#0"},
				"down": {"uv": [0, 0, 1.3, 1], "texture": "#0"}
			}
		},
		{
			"from": [12.25, 13.775, 0.675],
			"to": [14.225, 14.475, 1.5],
			"rotation": {"angle": -45, "axis": "z", "origin": [5.25, 21.8, 8.5]},
			"faces": {
				"north": {"uv": [0, 0, 1.3, 1], "rotation": 90, "texture": "#0"},
				"east": {"uv": [0, 0, 1.3, 1], "rotation": 270, "texture": "#0"},
				"south": {"uv": [0, 0, 1.3, 1], "rotation": 270, "texture": "#0"},
				"west": {"uv": [14, 15, 15.4, 16], "rotation": 270, "texture": "#0"},
				"up": {"uv": [14, 15, 15.3, 16], "rotation": 270, "texture": "#0"},
				"down": {"uv": [14, 15, 15.3, 16], "rotation": 270, "texture": "#0"}
			}
		},
		{
			"from": [11.525, 5.925, 0.5],
			"to": [12.825, 6.925, 1.5],
			"rotation": {"angle": -22.5, "axis": "z", "origin": [19.825, 13.925, 8.5]},
			"faces": {
				"north": {"uv": [0, 0, 1.3, 1], "texture": "#0"},
				"east": {"uv": [0, 0, 1.3, 1], "texture": "#0"},
				"south": {"uv": [0, 0, 1.3, 1], "texture": "#0"},
				"west": {"uv": [0, 0, 1.3, 1], "texture": "#0"},
				"up": {"uv": [14, 15, 15.4, 16], "texture": "#0"},
				"down": {"uv": [0, 0, 1.3, 1], "texture": "#0"}
			}
		},
		{
			"from": [7.9, 10.45, 0.7],
			"to": [8.9, 12.35, 1.5],
			"rotation": {"angle": -22.5, "axis": "z", "origin": [0.9, 18.8, 8.5]},
			"faces": {
				"north": {"uv": [0, 0, 1.9, 1], "rotation": 90, "texture": "#0"},
				"east": {"uv": [0, 0, 1.9, 1], "rotation": 90, "texture": "#0"},
				"south": {"uv": [0, 0, 1.9, 1], "rotation": 90, "texture": "#0"},
				"west": {"uv": [14, 15, 15.9, 16], "rotation": 90, "texture": "#0"},
				"up": {"uv": [14, 15, 15.4, 16], "rotation": 90, "texture": "#0"},
				"down": {"uv": [0, 0, 1.9, 1], "rotation": 90, "texture": "#0"}
			}
		},
		{
			"from": [6.85, 16.1, 0.55],
			"to": [8.15, 17.1, 1.5],
			"rotation": {"angle": -45, "axis": "z", "origin": [0.4, 9.1, 8.5]},
			"faces": {
				"north": {"uv": [0, 0, 1.9, 1], "rotation": 180, "texture": "#0"},
				"east": {"uv": [0, 0, 1.9, 1], "texture": "#0"},
				"south": {"uv": [0, 0, 1.9, 1], "texture": "#0"},
				"west": {"uv": [14, 15, 15.4, 16], "texture": "#0"},
				"up": {"uv": [14, 15, 15.9, 16], "texture": "#0"},
				"down": {"uv": [14, 15, 15.9, 16], "texture": "#0"}
			}
		},
		{
			"from": [9.7, 23.3, 0.5],
			"to": [11.6, 25.175, 1.5],
			"rotation": {"angle": -45, "axis": "z", "origin": [18.7, 31.3, 8.5]},
			"faces": {
				"north": {"uv": [0, 0, 1.9, 1], "texture": "#0"},
				"east": {"uv": [0, 0, 1.9, 1], "texture": "#0"},
				"south": {"uv": [0, 0, 1.9, 1], "texture": "#0"},
				"west": {"uv": [14, 15, 15.9, 16], "texture": "#0"},
				"up": {"uv": [14, 15, 15.9, 16], "texture": "#0"},
				"down": {"uv": [0, 0, 1.9, 1], "texture": "#0"}
			}
		}
	],
	"display": {
		"thirdperson_righthand": {
			"rotation": [0, -180, 0],
			"translation": [0, 2.5, -4.75]
		},
		"thirdperson_lefthand": {
			"rotation": [0, -180, 0],
			"translation": [0, 2.5, -6]
		},
		"firstperson_righthand": {
			"rotation": [0, 125.5, 0],
			"translation": [5.5, 2.25, -6]
		},
		"firstperson_lefthand": {
			"rotation": [0, 125.5, 0],
			"translation": [5.5, 2.5, -6]
		},
		"ground": {
			"translation": [0, 4, 0]
		},
		"gui": {
			"rotation": [0, -146.25, -48.75],
			"translation": [0.75, -3.5, 0],
			"scale": [0.67, 0.67, 0.67]
		},
		"fixed": {
			"rotation": [0, 0, -45],
			"translation": [-4.25, -4.5, 5],
			"scale": [0.75, 0.75, 0.75]
		}
	},
	"groups": [0, 1, 2, 3, 4, 5, 6, 7, 8, 9, 10, 11, 12, 13, 14, 15, 16, 17, 18, 19, 20, 21, 22, 23,
		{
			"name": "group",
			"origin": [4, 24, 8],
			"children": [24]
		}
	]
}