{
	"__comment": "Designed by Cm@BlackSpigotMC with Cubik Studio - https://cubik.studio",
	"textures": {
		"particle": "item/scary_movie/particle",
		"texture": "item/scary_movie/texture",
		"mesh_atlas": "item/scary_movie/mesh_atlas"
	},
	"elements": [
		{
			"__comment": "Cube1",
			"from": [ 9, 4, 7.7 ],
			"to": [ 10, 8, 8 ],
			"faces": {
				"down": { "uv": [ 11, 8.5, 10, 7.5 ], "texture": "#texture", "rotation": 270 },
				"up": { "uv": [ 9, 7, 10, 8 ], "texture": "#texture", "rotation": 90 },
				"north": { "uv": [ 7, 11, 8, 12 ], "texture": "#texture" },
				"south": { "uv": [ 8, 11, 9, 12 ], "texture": "#texture" },
				"west": { "uv": [ 9, 11, 10, 12 ], "texture": "#texture" },
				"east": { "uv": [ 6, 11, 7, 12 ], "texture": "#texture" }
			}
		},
		{
			"__comment": "Cube1",
			"from": [ 6, 4, 7.7 ],
			"to": [ 7, 8, 8 ],
			"faces": {
				"down": { "uv": [ 11, 8.5, 10, 7.5 ], "texture": "#texture", "rotation": 270 },
				"up": { "uv": [ 9, 7, 10, 8 ], "texture": "#texture", "rotation": 90 },
				"north": { "uv": [ 7, 11, 8, 12 ], "texture": "#texture" },
				"south": { "uv": [ 8, 11, 9, 12 ], "texture": "#texture" },
				"west": { "uv": [ 9, 11, 10, 12 ], "texture": "#texture" },
				"east": { "uv": [ 6, 11, 7, 12 ], "texture": "#texture" }
			}
		},
		{
			"__comment": "Cube1",
			"from": [ 7, 8, 7.7 ],
			"to": [ 9, 9, 8 ],
			"faces": {
				"down": { "uv": [ 6, 11, 7, 12 ], "texture": "#texture", "rotation": 90 },
				"up": { "uv": [ 10, 12, 9, 11 ], "texture": "#texture", "rotation": 270 },
				"north": { "uv": [ 7, 11, 8, 12 ], "texture": "#texture", "rotation": 270 },
				"south": { "uv": [ 8, 11, 9, 12 ], "texture": "#texture", "rotation": 90 },
				"west": { "uv": [ 11, 8.5, 10, 7.5 ], "texture": "#texture" },
				"east": { "uv": [ 10, 8, 9, 7 ], "texture": "#texture" }
			}
		},
		{
			"__comment": "Cube1",
			"from": [ 7, 3, 7.7 ],
			"to": [ 9, 4, 8 ],
			"faces": {
				"down": { "uv": [ 6, 11, 7, 12 ], "texture": "#texture", "rotation": 90 },
				"up": { "uv": [ 10, 12, 9, 11 ], "texture": "#texture", "rotation": 270 },
				"north": { "uv": [ 7, 11, 8, 12 ], "texture": "#texture", "rotation": 270 },
				"south": { "uv": [ 8, 11, 9, 12 ], "texture": "#texture", "rotation": 90 },
				"west": { "uv": [ 11, 8.5, 10, 7.5 ], "texture": "#texture" },
				"east": { "uv": [ 10, 8, 9, 7 ], "texture": "#texture" }
			}
		},
		{
			"__comment": "Voxels",
			"from": [ -1, 2, -6 ],
			"to": [ 1, 16, 7 ],
			"faces": {
				"down": { "uv": [ 5.375, 10.375, 5.625, 12 ], "texture": "#mesh_atlas" },
				"up": { "uv": [ 5.625, 12, 5.875, 10.375 ], "texture": "#mesh_atlas" },
				"north": { "uv": [ 2, 10.5, 1.75, 12.25 ], "texture": "#mesh_atlas" },
				"south": { "uv": [ 1.75, 8.5, 2, 10.25 ], "texture": "#mesh_atlas" },
				"west": { "uv": [ 2, 14.25, 3.625, 16 ], "texture": "#mesh_atlas" },
				"east": { "uv": [ 3.625, 12.5, 2, 14.25 ], "texture": "#mesh_atlas" }
			}
		},
		{
			"__comment": "Voxels",
			"from": [ -1, 8, 7 ],
			"to": [ 3, 15, 8 ],
			"faces": {
				"down": { "uv": [ 13.625, 14.875, 14.125, 15 ], "texture": "#mesh_atlas" },
				"up": { "uv": [ 13.125, 15, 13.625, 14.875 ], "texture": "#mesh_atlas" },
				"north": { "uv": [ 5.125, 9.375, 4.625, 10.25 ], "texture": "#mesh_atlas" },
				"south": { "uv": [ 6.125, 13.625, 6.625, 14.5 ], "texture": "#mesh_atlas" },
				"west": { "uv": [ 7.375, 8.5, 7.5, 9.375 ], "texture": "#mesh_atlas" },
				"east": { "uv": [ 7.375, 8, 7.25, 8.875 ], "texture": "#mesh_atlas" }
			}
		},
		{
			"__comment": "Voxels",
			"from": [ 0, 1, -7 ],
			"to": [ 16, 16, -6 ],
			"faces": {
				"down": { "uv": [ 5.125, 8.625, 7.125, 8.75 ], "texture": "#mesh_atlas" },
				"up": { "uv": [ 5.125, 8.625, 7.125, 8.5 ], "texture": "#mesh_atlas" },
				"north": { "uv": [ 2, 14.125, 0, 16 ], "texture": "#mesh_atlas" },
				"south": { "uv": [ 0, 12.25, 2, 14.125 ], "texture": "#mesh_atlas" },
				"west": { "uv": [ 7.125, 8.25, 7.25, 10.125 ], "texture": "#mesh_atlas" },
				"east": { "uv": [ 7.25, 10.125, 7.125, 12 ], "texture": "#mesh_atlas" }
			}
		},
		{
			"__comment": "Voxels",
			"from": [ 0, 1, -6 ],
			"to": [ 1, 2, 8 ],
			"faces": {
				"down": { "uv": [ 7.25, 14.125, 7.375, 15.875 ], "texture": "#mesh_atlas" },
				"up": { "uv": [ 7.25, 14.125, 7.375, 12.375 ], "texture": "#mesh_atlas" },
				"north": { "uv": [ 16, 15.5, 15.875, 15.625 ], "texture": "#mesh_atlas" },
				"south": { "uv": [ 12.75, 14.625, 12.875, 14.75 ], "texture": "#mesh_atlas" },
				"west": { "uv": [ 9.125, 15.75, 10.875, 15.875 ], "texture": "#mesh_atlas" },
				"east": { "uv": [ 12.625, 15.75, 10.875, 15.875 ], "texture": "#mesh_atlas" }
			}
		},
		{
			"__comment": "Voxels",
			"from": [ 0, 2, 7 ],
			"to": [ 5, 3, 8 ],
			"faces": {
				"down": { "uv": [ 9.375, 14.875, 10, 15 ], "texture": "#mesh_atlas" },
				"up": { "uv": [ 7.75, 8.625, 8.375, 8.5 ], "texture": "#mesh_atlas" },
				"north": { "uv": [ 8.375, 8, 7.75, 8.125 ], "texture": "#mesh_atlas" },
				"south": { "uv": [ 7.75, 8.375, 8.375, 8.5 ], "texture": "#mesh_atlas" },
				"west": { "uv": [ 11.75, 14.625, 11.875, 14.75 ], "texture": "#mesh_atlas" },
				"east": { "uv": [ 11.75, 14.625, 11.625, 14.75 ], "texture": "#mesh_atlas" }
			}
		},
		{
			"__comment": "Voxels",
			"from": [ 0, 3, 7 ],
			"to": [ 4, 5, 8 ],
			"faces": {
				"down": { "uv": [ 6.625, 9.875, 7.125, 10 ], "texture": "#mesh_atlas" },
				"up": { "uv": [ 12.625, 15, 13.125, 14.875 ], "texture": "#mesh_atlas" },
				"north": { "uv": [ 7.125, 10.125, 6.625, 10.375 ], "texture": "#mesh_atlas" },
				"south": { "uv": [ 6.625, 13.625, 7.125, 13.875 ], "texture": "#mesh_atlas" },
				"west": { "uv": [ 8.875, 8.25, 9, 8.5 ], "texture": "#mesh_atlas" },
				"east": { "uv": [ 9, 8, 8.875, 8.25 ], "texture": "#mesh_atlas" }
			}
		},
		{
			"__comment": "Voxels",
			"from": [ 0, 5, 7 ],
			"to": [ 3, 8, 8 ],
			"faces": {
				"down": { "uv": [ 10.375, 14.75, 10.75, 14.875 ], "texture": "#mesh_atlas" },
				"up": { "uv": [ 11.5, 14.875, 11.875, 14.75 ], "texture": "#mesh_atlas" },
				"north": { "uv": [ 7, 12.25, 6.625, 12.625 ], "texture": "#mesh_atlas" },
				"south": { "uv": [ 7.875, 12.25, 8.25, 12.625 ], "texture": "#mesh_atlas" },
				"west": { "uv": [ 8.875, 14.375, 9, 14.75 ], "texture": "#mesh_atlas" },
				"east": { "uv": [ 9, 14, 8.875, 14.375 ], "texture": "#mesh_atlas" }
			}
		},
		{
			"__comment": "Voxels",
			"from": [ 0, 7, 8 ],
			"to": [ 16, 13, 9 ],
			"faces": {
				"down": { "uv": [ 5.125, 8.125, 7.125, 8.25 ], "texture": "#mesh_atlas" },
				"up": { "uv": [ 5.125, 8.875, 7.125, 8.75 ], "texture": "#mesh_atlas" },
				"north": { "uv": [ 7.125, 14.5, 5.125, 15.25 ], "texture": "#mesh_atlas" },
				"south": { "uv": [ 5.125, 15.25, 7.125, 16 ], "texture": "#mesh_atlas" },
				"west": { "uv": [ 7.625, 9.125, 7.75, 9.875 ], "texture": "#mesh_atlas" },
				"east": { "uv": [ 7.625, 9.125, 7.5, 9.875 ], "texture": "#mesh_atlas" }
			}
		},
		{
			"__comment": "Voxels",
			"from": [ 0, 13, 8 ],
			"to": [ 1, 17, 9 ],
			"faces": {
				"down": { "uv": [ 11.5, 14.625, 11.625, 14.75 ], "texture": "#mesh_atlas" },
				"up": { "uv": [ 11.375, 14.75, 11.5, 14.625 ], "texture": "#mesh_atlas" },
				"north": { "uv": [ 8.875, 11.375, 8.75, 11.875 ], "texture": "#mesh_atlas" },
				"south": { "uv": [ 8.75, 10.875, 8.875, 11.375 ], "texture": "#mesh_atlas" },
				"west": { "uv": [ 8.75, 10.375, 8.875, 10.875 ], "texture": "#mesh_atlas" },
				"east": { "uv": [ 8.875, 9.875, 8.75, 10.375 ], "texture": "#mesh_atlas" }
			}
		},
		{
			"__comment": "Voxels",
			"from": [ 0, 13, 9 ],
			"to": [ 1, 16, 10 ],
			"faces": {
				"down": { "uv": [ 11.25, 14.625, 11.375, 14.75 ], "texture": "#mesh_atlas" },
				"up": { "uv": [ 9.125, 9.375, 9.25, 9.25 ], "texture": "#mesh_atlas" },
				"north": { "uv": [ 9, 11.375, 8.875, 11.75 ], "texture": "#mesh_atlas" },
				"south": { "uv": [ 8.875, 11.75, 9, 12.125 ], "texture": "#mesh_atlas" },
				"west": { "uv": [ 8.875, 12.125, 9, 12.5 ], "texture": "#mesh_atlas" },
				"east": { "uv": [ 9, 12.5, 8.875, 12.875 ], "texture": "#mesh_atlas" }
			}
		},
		{
			"__comment": "Voxels",
			"from": [ 0, 15, 7 ],
			"to": [ 16, 17, 8 ],
			"faces": {
				"down": { "uv": [ 5.125, 8.375, 7.125, 8.5 ], "texture": "#mesh_atlas" },
				"up": { "uv": [ 5.125, 8.375, 7.125, 8.25 ], "texture": "#mesh_atlas" },
				"north": { "uv": [ 7.125, 12, 5.125, 12.25 ], "texture": "#mesh_atlas" },
				"south": { "uv": [ 0, 8, 2, 8.25 ], "texture": "#mesh_atlas" },
				"west": { "uv": [ 9, 14.25, 9.125, 14.5 ], "texture": "#mesh_atlas" },
				"east": { "uv": [ 9.25, 14.25, 9.125, 14.5 ], "texture": "#mesh_atlas" }
			}
		},
		{
			"__comment": "Voxels",
			"from": [ 0, 16, -7 ],
			"to": [ 4, 17, -6 ],
			"faces": {
				"down": { "uv": [ 6.625, 9.75, 7.125, 9.875 ], "texture": "#mesh_atlas" },
				"up": { "uv": [ 6.625, 10.125, 7.125, 10 ], "texture": "#mesh_atlas" },
				"north": { "uv": [ 7.125, 9.375, 6.625, 9.5 ], "texture": "#mesh_atlas" },
				"south": { "uv": [ 6.625, 9.5, 7.125, 9.625 ], "texture": "#mesh_atlas" },
				"west": { "uv": [ 11.125, 14.625, 11.25, 14.75 ], "texture": "#mesh_atlas" },
				"east": { "uv": [ 11.125, 14.625, 11, 14.75 ], "texture": "#mesh_atlas" }
			}
		},
		{
			"__comment": "Voxels",
			"from": [ 0, 16, -6 ],
			"to": [ 2, 17, 7 ],
			"faces": {
				"down": { "uv": [ 5.875, 10.375, 6.125, 12 ], "texture": "#mesh_atlas" },
				"up": { "uv": [ 5.125, 12, 5.375, 10.375 ], "texture": "#mesh_atlas" },
				"north": { "uv": [ 9.25, 14.125, 9, 14.25 ], "texture": "#mesh_atlas" },
				"south": { "uv": [ 9, 13.75, 9.25, 13.875 ], "texture": "#mesh_atlas" },
				"west": { "uv": [ 14.25, 15.5, 15.875, 15.625 ], "texture": "#mesh_atlas" },
				"east": { "uv": [ 9, 15.375, 7.375, 15.5 ], "texture": "#mesh_atlas" }
			}
		},
		{
			"__comment": "Voxels",
			"from": [ 1, 1, -8 ],
			"to": [ 15, 17, -7 ],
			"faces": {
				"down": { "uv": [ 9.125, 15.5, 10.875, 15.625 ], "texture": "#mesh_atlas" },
				"up": { "uv": [ 10.875, 15.625, 12.625, 15.5 ], "texture": "#mesh_atlas" },
				"north": { "uv": [ 1.75, 8.25, 0, 10.25 ], "texture": "#mesh_atlas" },
				"south": { "uv": [ 0, 10.25, 1.75, 12.25 ], "texture": "#mesh_atlas" },
				"west": { "uv": [ 7.125, 12, 7.25, 14 ], "texture": "#mesh_atlas" },
				"east": { "uv": [ 7.25, 14, 7.125, 16 ], "texture": "#mesh_atlas" }
			}
		},
		{
			"__comment": "Voxels",
			"from": [ 1, 1, 7 ],
			"to": [ 7, 2, 8 ],
			"faces": {
				"down": { "uv": [ 7.875, 9.75, 8.625, 9.875 ], "texture": "#mesh_atlas" },
				"up": { "uv": [ 7.625, 10, 8.375, 9.875 ], "texture": "#mesh_atlas" },
				"north": { "uv": [ 8.375, 10, 7.625, 10.125 ], "texture": "#mesh_atlas" },
				"south": { "uv": [ 7.625, 10.125, 8.375, 10.25 ], "texture": "#mesh_atlas" },
				"west": { "uv": [ 10.875, 14.625, 11, 14.75 ], "texture": "#mesh_atlas" },
				"east": { "uv": [ 10.875, 14.625, 10.75, 14.75 ], "texture": "#mesh_atlas" }
			}
		},
		{
			"__comment": "Voxels",
			"from": [ 1, 7, 6 ],
			"to": [ 2, 16, 7 ],
			"faces": {
				"down": { "uv": [ 10.625, 14.625, 10.75, 14.75 ], "texture": "#mesh_atlas" },
				"up": { "uv": [ 9, 8.875, 9.125, 8.75 ], "texture": "#mesh_atlas" },
				"north": { "uv": [ 7.125, 10.375, 7, 11.5 ], "texture": "#mesh_atlas" },
				"south": { "uv": [ 6.75, 10.375, 6.875, 11.5 ], "texture": "#mesh_atlas" },
				"west": { "uv": [ 6.875, 10.375, 7, 11.5 ], "texture": "#mesh_atlas" },
				"east": { "uv": [ 6.75, 10.375, 6.625, 11.5 ], "texture": "#mesh_atlas" }
			}
		},
		{
			"__comment": "Voxels",
			"from": [ 1, 15, 10 ],
			"to": [ 4, 16, 11 ],
			"faces": {
				"down": { "uv": [ 10.75, 14.75, 11.125, 14.875 ], "texture": "#mesh_atlas" },
				"up": { "uv": [ 9.625, 14.875, 10, 14.75 ], "texture": "#mesh_atlas" },
				"north": { "uv": [ 9.625, 14.75, 9.25, 14.875 ], "texture": "#mesh_atlas" },
				"south": { "uv": [ 8.375, 8.25, 8.75, 8.375 ], "texture": "#mesh_atlas" },
				"west": { "uv": [ 9.125, 8.875, 9.25, 9 ], "texture": "#mesh_atlas" },
				"east": { "uv": [ 9.125, 8.875, 9, 9 ], "texture": "#mesh_atlas" }
			}
		},
		{
			"__comment": "Voxels",
			"from": [ 1, 16, 8 ],
			"to": [ 16, 17, 9 ],
			"faces": {
				"down": { "uv": [ 5.125, 8, 7, 8.125 ], "texture": "#mesh_atlas" },
				"up": { "uv": [ 11, 16, 12.875, 15.875 ], "texture": "#mesh_atlas" },
				"north": { "uv": [ 11, 15.875, 9.125, 16 ], "texture": "#mesh_atlas" },
				"south": { "uv": [ 7.25, 15.875, 9.125, 16 ], "texture": "#mesh_atlas" },
				"west": { "uv": [ 9.125, 9, 9.25, 9.125 ], "texture": "#mesh_atlas" },
				"east": { "uv": [ 9.125, 9.125, 9, 9.25 ], "texture": "#mesh_atlas" }
			}
		},
		{
			"__comment": "Voxels",
			"from": [ 1, 16, 9 ],
			"to": [ 15, 17, 10 ],
			"faces": {
				"down": { "uv": [ 12.625, 15.625, 14.375, 15.75 ], "texture": "#mesh_atlas" },
				"up": { "uv": [ 10.875, 15.75, 12.625, 15.625 ], "texture": "#mesh_atlas" },
				"north": { "uv": [ 9.125, 15.5, 7.375, 15.625 ], "texture": "#mesh_atlas" },
				"south": { "uv": [ 9.125, 15.625, 10.875, 15.75 ], "texture": "#mesh_atlas" },
				"west": { "uv": [ 9, 10, 9.125, 10.125 ], "texture": "#mesh_atlas" },
				"east": { "uv": [ 9.25, 10.125, 9.125, 10.25 ], "texture": "#mesh_atlas" }
			}
		},
		{
			"__comment": "Voxels",
			"from": [ 2, 1, 4 ],
			"to": [ 3, 4, 5 ],
			"faces": {
				"down": { "uv": [ 9.125, 10.375, 9.25, 10.5 ], "texture": "#mesh_atlas" },
				"up": { "uv": [ 9, 10.875, 9.125, 10.75 ], "texture": "#mesh_atlas" },
				"north": { "uv": [ 9, 10.25, 8.875, 10.625 ], "texture": "#mesh_atlas" },
				"south": { "uv": [ 8.875, 10.625, 9, 11 ], "texture": "#mesh_atlas" },
				"west": { "uv": [ 8.875, 11, 9, 11.375 ], "texture": "#mesh_atlas" },
				"east": { "uv": [ 8.75, 9.875, 8.625, 10.25 ], "texture": "#mesh_atlas" }
			}
		},
		{
			"__comment": "Voxels",
			"from": [ 2, 2, 3 ],
			"to": [ 3, 3, 4 ],
			"faces": {
				"down": { "uv": [ 9.125, 10.875, 9.25, 11 ], "texture": "#mesh_atlas" },
				"up": { "uv": [ 9, 11, 9.125, 10.875 ], "texture": "#mesh_atlas" },
				"north": { "uv": [ 9.25, 11.125, 9.125, 11.25 ], "texture": "#mesh_atlas" },
				"south": { "uv": [ 9, 11.125, 9.125, 11.25 ], "texture": "#mesh_atlas" },
				"west": { "uv": [ 9.125, 11.25, 9.25, 11.375 ], "texture": "#mesh_atlas" },
				"east": { "uv": [ 9.125, 11.5, 9, 11.625 ], "texture": "#mesh_atlas" }
			}
		},
		{
			"__comment": "Voxels",
			"from": [ 2, 5, 6 ],
			"to": [ 3, 7, 7 ],
			"faces": {
				"down": { "uv": [ 9.125, 11.625, 9.25, 11.75 ], "texture": "#mesh_atlas" },
				"up": { "uv": [ 9, 11.75, 9.125, 11.625 ], "texture": "#mesh_atlas" },
				"north": { "uv": [ 9.125, 13.5, 9, 13.75 ], "texture": "#mesh_atlas" },
				"south": { "uv": [ 9.125, 13.5, 9.25, 13.75 ], "texture": "#mesh_atlas" },
				"west": { "uv": [ 9, 13.25, 9.125, 13.5 ], "texture": "#mesh_atlas" },
				"east": { "uv": [ 9.25, 13.25, 9.125, 13.5 ], "texture": "#mesh_atlas" }
			}
		},
		{
			"__comment": "Voxels",
			"from": [ 2, 5, 8 ],
			"to": [ 14, 7, 9 ],
			"faces": {
				"down": { "uv": [ 9, 15, 10.5, 15.125 ], "texture": "#mesh_atlas" },
				"up": { "uv": [ 10.625, 15.5, 12.125, 15.375 ], "texture": "#mesh_atlas" },
				"north": { "uv": [ 5.125, 8, 3.625, 8.25 ], "texture": "#mesh_atlas" },
				"south": { "uv": [ 5.125, 9.875, 6.625, 10.125 ], "texture": "#mesh_atlas" },
				"west": { "uv": [ 9, 13, 9.125, 13.25 ], "texture": "#mesh_atlas" },
				"east": { "uv": [ 9.25, 13, 9.125, 13.25 ], "texture": "#mesh_atlas" }
			}
		},
		{
			"__comment": "Voxels",
			"from": [ 2, 13, 6 ],
			"to": [ 3, 16, 7 ],
			"faces": {
				"down": { "uv": [ 9.125, 11.875, 9.25, 12 ], "texture": "#mesh_atlas" },
				"up": { "uv": [ 9, 12.125, 9.125, 12 ], "texture": "#mesh_atlas" },
				"north": { "uv": [ 7.625, 8, 7.5, 8.375 ], "texture": "#mesh_atlas" },
				"south": { "uv": [ 8.75, 8.25, 8.875, 8.625 ], "texture": "#mesh_atlas" },
				"west": { "uv": [ 7.625, 8, 7.75, 8.375 ], "texture": "#mesh_atlas" },
				"east": { "uv": [ 8.875, 9, 8.75, 9.375 ], "texture": "#mesh_atlas" }
			}
		},
		{
			"__comment": "Voxels",
			"from": [ 2, 13, 8 ],
			"to": [ 14, 14, 9 ],
			"faces": {
				"down": { "uv": [ 13.5, 15.125, 15, 15.25 ], "texture": "#mesh_atlas" },
				"up": { "uv": [ 10.5, 15.25, 12, 15.125 ], "texture": "#mesh_atlas" },
				"north": { "uv": [ 10.5, 15.125, 9, 15.25 ], "texture": "#mesh_atlas" },
				"south": { "uv": [ 7.5, 15.125, 9, 15.25 ], "texture": "#mesh_atlas" },
				"west": { "uv": [ 8.625, 13.125, 8.75, 13.25 ], "texture": "#mesh_atlas" },
				"east": { "uv": [ 8.75, 13.25, 8.625, 13.375 ], "texture": "#mesh_atlas" }
			}
		},
		{
			"__comment": "Voxels",
			"from": [ 2, 14, 4 ],
			"to": [ 14, 18, 6 ],
			"faces": {
				"down": { "uv": [ 5.125, 9.375, 6.625, 9.625 ], "texture": "#mesh_atlas" },
				"up": { "uv": [ 5.125, 10.375, 6.625, 10.125 ], "texture": "#mesh_atlas" },
				"north": { "uv": [ 3.5, 8.25, 2, 8.75 ], "texture": "#mesh_atlas" },
				"south": { "uv": [ 3.625, 8.25, 5.125, 8.75 ], "texture": "#mesh_atlas" },
				"west": { "uv": [ 7.5, 11.625, 7.75, 12.125 ], "texture": "#mesh_atlas" },
				"east": { "uv": [ 8, 11.625, 7.75, 12.125 ], "texture": "#mesh_atlas" }
			}
		},
		{
			"__comment": "Voxels",
			"from": [ 2, 15, 3 ],
			"to": [ 14, 18, 4 ],
			"faces": {
				"down": { "uv": [ 13.5, 15.25, 15, 15.375 ], "texture": "#mesh_atlas" },
				"up": { "uv": [ 12, 15.375, 13.5, 15.25 ], "texture": "#mesh_atlas" },
				"north": { "uv": [ 6.625, 12.625, 5.125, 13 ], "texture": "#mesh_atlas" },
				"south": { "uv": [ 5.125, 12.25, 6.625, 12.625 ], "texture": "#mesh_atlas" },
				"west": { "uv": [ 8.875, 12.875, 9, 13.25 ], "texture": "#mesh_atlas" },
				"east": { "uv": [ 8.875, 8.625, 8.75, 9 ], "texture": "#mesh_atlas" }
			}
		},
		{
			"__comment": "Voxels",
			"from": [ 2, 16, 2 ],
			"to": [ 16, 17, 3 ],
			"faces": {
				"down": { "uv": [ 7.375, 15.75, 9.125, 15.875 ], "texture": "#mesh_atlas" },
				"up": { "uv": [ 7.375, 15.75, 9.125, 15.625 ], "texture": "#mesh_atlas" },
				"north": { "uv": [ 14.375, 15.75, 12.625, 15.875 ], "texture": "#mesh_atlas" },
				"south": { "uv": [ 12.875, 15.875, 14.625, 16 ], "texture": "#mesh_atlas" },
				"west": { "uv": [ 15.875, 15.375, 16, 15.5 ], "texture": "#mesh_atlas" },
				"east": { "uv": [ 9.125, 9.5, 9, 9.625 ], "texture": "#mesh_atlas" }
			}
		},
		{
			"__comment": "Voxels",
			"from": [ 2, 17, -6 ],
			"to": [ 14, 18, 3 ],
			"faces": {
				"down": { "uv": [ 3.625, 11.375, 5.125, 12.5 ], "texture": "#mesh_atlas" },
				"up": { "uv": [ 3.625, 11.375, 5.125, 10.25 ], "texture": "#mesh_atlas" },
				"north": { "uv": [ 10.5, 15.25, 9, 15.375 ], "texture": "#mesh_atlas" },
				"south": { "uv": [ 7.5, 15.25, 9, 15.375 ], "texture": "#mesh_atlas" },
				"west": { "uv": [ 7.5, 13.25, 8.625, 13.375 ], "texture": "#mesh_atlas" },
				"east": { "uv": [ 8.625, 13, 7.5, 13.125 ], "texture": "#mesh_atlas" }
			}
		},
		{
			"__comment": "Voxels",
			"from": [ 2, 17, 6 ],
			"to": [ 14, 18, 8 ],
			"faces": {
				"down": { "uv": [ 5.125, 9.625, 6.625, 9.875 ], "texture": "#mesh_atlas" },
				"up": { "uv": [ 2, 8.25, 3.5, 8 ], "texture": "#mesh_atlas" },
				"north": { "uv": [ 15.125, 15.375, 13.625, 15.5 ], "texture": "#mesh_atlas" },
				"south": { "uv": [ 12.125, 15.375, 13.625, 15.5 ], "texture": "#mesh_atlas" },
				"west": { "uv": [ 9, 12.875, 9.25, 13 ], "texture": "#mesh_atlas" },
				"east": { "uv": [ 9.25, 12.75, 9, 12.875 ], "texture": "#mesh_atlas" }
			}
		},
		{
			"__comment": "Voxels",
			"from": [ 3, 3, 6 ],
			"to": [ 4, 5, 7 ],
			"faces": {
				"down": { "uv": [ 12.625, 14.625, 12.75, 14.75 ], "texture": "#mesh_atlas" },
				"up": { "uv": [ 10.25, 14.75, 10.375, 14.625 ], "texture": "#mesh_atlas" },
				"north": { "uv": [ 9.125, 12.5, 9, 12.75 ], "texture": "#mesh_atlas" },
				"south": { "uv": [ 9.125, 12.5, 9.25, 12.75 ], "texture": "#mesh_atlas" },
				"west": { "uv": [ 9, 12.25, 9.125, 12.5 ], "texture": "#mesh_atlas" },
				"east": { "uv": [ 9.25, 12.25, 9.125, 12.5 ], "texture": "#mesh_atlas" }
			}
		},
		{
			"__comment": "Voxels",
			"from": [ 3, 3, 8 ],
			"to": [ 13, 5, 9 ],
			"faces": {
				"down": { "uv": [ 7.5, 13.375, 8.75, 13.5 ], "texture": "#mesh_atlas" },
				"up": { "uv": [ 14.625, 16, 15.875, 15.875 ], "texture": "#mesh_atlas" },
				"north": { "uv": [ 6.375, 8.875, 5.125, 9.125 ], "texture": "#mesh_atlas" },
				"south": { "uv": [ 5.125, 9.125, 6.375, 9.375 ], "texture": "#mesh_atlas" },
				"west": { "uv": [ 3.5, 8, 3.625, 8.25 ], "texture": "#mesh_atlas" },
				"east": { "uv": [ 7.25, 8, 7.125, 8.25 ], "texture": "#mesh_atlas" }
			}
		},
		{
			"__comment": "Voxels",
			"from": [ 3, 14, 6 ],
			"to": [ 4, 16, 7 ],
			"faces": {
				"down": { "uv": [ 9.875, 14.625, 10, 14.75 ], "texture": "#mesh_atlas" },
				"up": { "uv": [ 9.75, 14.75, 9.875, 14.625 ], "texture": "#mesh_atlas" },
				"north": { "uv": [ 8.625, 9.125, 8.5, 9.375 ], "texture": "#mesh_atlas" },
				"south": { "uv": [ 8.625, 9.125, 8.75, 9.375 ], "texture": "#mesh_atlas" },
				"west": { "uv": [ 8.75, 8, 8.875, 8.25 ], "texture": "#mesh_atlas" },
				"east": { "uv": [ 9, 10, 8.875, 10.25 ], "texture": "#mesh_atlas" }
			}
		},
		{
			"__comment": "Voxels",
			"from": [ 3, 14, 7 ],
			"to": [ 4, 15, 9 ],
			"faces": {
				"down": { "uv": [ 8.875, 9.75, 9, 10 ], "texture": "#mesh_atlas" },
				"up": { "uv": [ 8.875, 9.75, 9, 9.5 ], "texture": "#mesh_atlas" },
				"north": { "uv": [ 9.25, 8, 9.125, 8.125 ], "texture": "#mesh_atlas" },
				"south": { "uv": [ 9, 8, 9.125, 8.125 ], "texture": "#mesh_atlas" },
				"west": { "uv": [ 6.125, 10.375, 6.375, 10.5 ], "texture": "#mesh_atlas" },
				"east": { "uv": [ 6.625, 10.375, 6.375, 10.5 ], "texture": "#mesh_atlas" }
			}
		},
		{
			"__comment": "Voxels",
			"from": [ 3, 16, 10 ],
			"to": [ 13, 17, 11 ],
			"faces": {
				"down": { "uv": [ 7.5, 14.125, 8.75, 14.25 ], "texture": "#mesh_atlas" },
				"up": { "uv": [ 7.5, 14.375, 8.75, 14.25 ], "texture": "#mesh_atlas" },
				"north": { "uv": [ 8.75, 13.75, 7.5, 13.875 ], "texture": "#mesh_atlas" },
				"south": { "uv": [ 7.5, 14.375, 8.75, 14.5 ], "texture": "#mesh_atlas" },
				"west": { "uv": [ 9.125, 8.125, 9.25, 8.25 ], "texture": "#mesh_atlas" },
				"east": { "uv": [ 9.125, 8.5, 9, 8.625 ], "texture": "#mesh_atlas" }
			}
		},
		{
			"__comment": "Voxels",
			"from": [ 3, 17, -7 ],
			"to": [ 13, 18, -6 ],
			"faces": {
				"down": { "uv": [ 7.5, 14.5, 8.75, 14.625 ], "texture": "#mesh_atlas" },
				"up": { "uv": [ 7.5, 14, 8.75, 13.875 ], "texture": "#mesh_atlas" },
				"north": { "uv": [ 8.75, 14.625, 7.5, 14.75 ], "texture": "#mesh_atlas" },
				"south": { "uv": [ 7.5, 14, 8.75, 14.125 ], "texture": "#mesh_atlas" },
				"west": { "uv": [ 9.125, 9.75, 9.25, 9.875 ], "texture": "#mesh_atlas" },
				"east": { "uv": [ 9.125, 10.5, 9, 10.625 ], "texture": "#mesh_atlas" }
			}
		},
		{
			"__comment": "Voxels",
			"from": [ 3, 17, 8 ],
			"to": [ 13, 18, 9 ],
			"faces": {
				"down": { "uv": [ 7.5, 14.875, 8.75, 15 ], "texture": "#mesh_atlas" },
				"up": { "uv": [ 7.5, 14.875, 8.75, 14.75 ], "texture": "#mesh_atlas" },
				"north": { "uv": [ 8.75, 13.5, 7.5, 13.625 ], "texture": "#mesh_atlas" },
				"south": { "uv": [ 7.5, 13.625, 8.75, 13.75 ], "texture": "#mesh_atlas" },
				"west": { "uv": [ 9.125, 10.625, 9.25, 10.75 ], "texture": "#mesh_atlas" },
				"east": { "uv": [ 9.125, 10.625, 9, 10.75 ], "texture": "#mesh_atlas" }
			}
		},
		{
			"__comment": "Voxels",
			"from": [ 4, 2, 6 ],
			"to": [ 5, 3, 7 ],
			"faces": {
				"down": { "uv": [ 9, 10.125, 9.125, 10.25 ], "texture": "#mesh_atlas" },
				"up": { "uv": [ 9, 9.5, 9.125, 9.375 ], "texture": "#mesh_atlas" },
				"north": { "uv": [ 9.25, 9.125, 9.125, 9.25 ], "texture": "#mesh_atlas" },
				"south": { "uv": [ 9, 9, 9.125, 9.125 ], "texture": "#mesh_atlas" },
				"west": { "uv": [ 9.125, 8.75, 9.25, 8.875 ], "texture": "#mesh_atlas" },
				"east": { "uv": [ 9.25, 10.75, 9.125, 10.875 ], "texture": "#mesh_atlas" }
			}
		},
		{
			"__comment": "Voxels",
			"from": [ 4, 2, 8 ],
			"to": [ 12, 3, 9 ],
			"faces": {
				"down": { "uv": [ 15, 15.25, 16, 15.375 ], "texture": "#mesh_atlas" },
				"up": { "uv": [ 7.5, 10.75, 8.5, 10.625 ], "texture": "#mesh_atlas" },
				"north": { "uv": [ 8.5, 11, 7.5, 11.125 ], "texture": "#mesh_atlas" },
				"south": { "uv": [ 7.5, 11.125, 8.5, 11.25 ], "texture": "#mesh_atlas" },
				"west": { "uv": [ 9, 9.625, 9.125, 9.75 ], "texture": "#mesh_atlas" },
				"east": { "uv": [ 9.25, 9.625, 9.125, 9.75 ], "texture": "#mesh_atlas" }
			}
		},
		{
			"__comment": "Voxels",
			"from": [ 4, 10, 7 ],
			"to": [ 6, 11, 8 ],
			"faces": {
				"down": { "uv": [ 8.5, 12.125, 8.75, 12.25 ], "texture": "#mesh_atlas" },
				"up": { "uv": [ 8, 11.75, 8.25, 11.625 ], "texture": "#mesh_atlas" },
				"north": { "uv": [ 8.5, 11.625, 8.25, 11.75 ], "texture": "#mesh_atlas" },
				"south": { "uv": [ 8.5, 11.625, 8.75, 11.75 ], "texture": "#mesh_atlas" },
				"west": { "uv": [ 9, 8.625, 9.125, 8.75 ], "texture": "#mesh_atlas" },
				"east": { "uv": [ 9.25, 8.625, 9.125, 8.75 ], "texture": "#mesh_atlas" }
			}
		},
		{
			"__comment": "Voxels",
			"from": [ 4, 14, 8 ],
			"to": [ 13, 15, 9 ],
			"faces": {
				"down": { "uv": [ 7.5, 12.875, 8.625, 13 ], "texture": "#mesh_atlas" },
				"up": { "uv": [ 7.5, 13.25, 8.625, 13.125 ], "texture": "#mesh_atlas" },
				"north": { "uv": [ 8.625, 12.75, 7.5, 12.875 ], "texture": "#mesh_atlas" },
				"south": { "uv": [ 7.5, 12.625, 8.625, 12.75 ], "texture": "#mesh_atlas" },
				"west": { "uv": [ 9.25, 14.625, 9.375, 14.75 ], "texture": "#mesh_atlas" },
				"east": { "uv": [ 9.75, 14.625, 9.625, 14.75 ], "texture": "#mesh_atlas" }
			}
		},
		{
			"__comment": "Voxels",
			"from": [ 4, 15, 6 ],
			"to": [ 17, 16, 7 ],
			"faces": {
				"down": { "uv": [ 12.625, 15.5, 14.25, 15.625 ], "texture": "#mesh_atlas" },
				"up": { "uv": [ 14.375, 15.875, 16, 15.75 ], "texture": "#mesh_atlas" },
				"north": { "uv": [ 10.625, 15.375, 9, 15.5 ], "texture": "#mesh_atlas" },
				"south": { "uv": [ 14.375, 15.625, 16, 15.75 ], "texture": "#mesh_atlas" },
				"west": { "uv": [ 7, 8, 7.125, 8.125 ], "texture": "#mesh_atlas" },
				"east": { "uv": [ 16, 15.875, 15.875, 16 ], "texture": "#mesh_atlas" }
			}
		},
		{
			"__comment": "Voxels",
			"from": [ 4, 15, 8 ],
			"to": [ 12, 16, 9 ],
			"faces": {
				"down": { "uv": [ 7.5, 11.5, 8.5, 11.625 ], "texture": "#mesh_atlas" },
				"up": { "uv": [ 7.5, 12.25, 8.5, 12.125 ], "texture": "#mesh_atlas" },
				"north": { "uv": [ 16, 15, 15, 15.125 ], "texture": "#mesh_atlas" },
				"south": { "uv": [ 15, 15.125, 16, 15.25 ], "texture": "#mesh_atlas" },
				"west": { "uv": [ 9.125, 12, 9.25, 12.125 ], "texture": "#mesh_atlas" },
				"east": { "uv": [ 9.125, 11.875, 9, 12 ], "texture": "#mesh_atlas" }
			}
		},
		{
			"__comment": "Voxels",
			"from": [ 4, 16, 6 ],
			"to": [ 16, 17, 7 ],
			"faces": {
				"down": { "uv": [ 10.5, 15.25, 12, 15.375 ], "texture": "#mesh_atlas" },
				"up": { "uv": [ 13.5, 15.125, 15, 15 ], "texture": "#mesh_atlas" },
				"north": { "uv": [ 13.5, 15, 12, 15.125 ], "texture": "#mesh_atlas" },
				"south": { "uv": [ 10.5, 15, 12, 15.125 ], "texture": "#mesh_atlas" },
				"west": { "uv": [ 9.125, 11.5, 9.25, 11.625 ], "texture": "#mesh_atlas" },
				"east": { "uv": [ 9.125, 11.25, 9, 11.375 ], "texture": "#mesh_atlas" }
			}
		},
		{
			"__comment": "Voxels",
			"from": [ 4, 18, -5 ],
			"to": [ 12, 19, 7 ],
			"faces": {
				"down": { "uv": [ 5.125, 13, 6.125, 14.5 ], "texture": "#mesh_atlas" },
				"up": { "uv": [ 3.625, 10.25, 4.625, 8.75 ], "texture": "#mesh_atlas" },
				"north": { "uv": [ 8.5, 10.75, 7.5, 10.875 ], "texture": "#mesh_atlas" },
				"south": { "uv": [ 7.5, 10.875, 8.5, 11 ], "texture": "#mesh_atlas" },
				"west": { "uv": [ 7.5, 15, 9, 15.125 ], "texture": "#mesh_atlas" },
				"east": { "uv": [ 13.5, 15.125, 12, 15.25 ], "texture": "#mesh_atlas" }
			}
		},
		{
			"__comment": "Voxels",
			"from": [ 5, 1, 6 ],
			"to": [ 7, 2, 7 ],
			"faces": {
				"down": { "uv": [ 8.5, 11.5, 8.75, 11.625 ], "texture": "#mesh_atlas" },
				"up": { "uv": [ 8.5, 11.5, 8.75, 11.375 ], "texture": "#mesh_atlas" },
				"north": { "uv": [ 8.75, 11.25, 8.5, 11.375 ], "texture": "#mesh_atlas" },
				"south": { "uv": [ 8.5, 11.125, 8.75, 11.25 ], "texture": "#mesh_atlas" },
				"west": { "uv": [ 9.125, 10.5, 9.25, 10.625 ], "texture": "#mesh_atlas" },
				"east": { "uv": [ 9.125, 10.375, 9, 10.5 ], "texture": "#mesh_atlas" }
			}
		},
		{
			"__comment": "Voxels",
			"from": [ 5, 1, 8 ],
			"to": [ 11, 2, 9 ],
			"faces": {
				"down": { "uv": [ 15.125, 15.375, 15.875, 15.5 ], "texture": "#mesh_atlas" },
				"up": { "uv": [ 7.625, 10.375, 8.375, 10.25 ], "texture": "#mesh_atlas" },
				"north": { "uv": [ 7.125, 8.875, 6.375, 9 ], "texture": "#mesh_atlas" },
				"south": { "uv": [ 6.375, 9, 7.125, 9.125 ], "texture": "#mesh_atlas" },
				"west": { "uv": [ 9.125, 10, 9.25, 10.125 ], "texture": "#mesh_atlas" },
				"east": { "uv": [ 9.125, 9.75, 9, 9.875 ], "texture": "#mesh_atlas" }
			}
		},
		{
			"__comment": "Voxels",
			"from": [ 5, 11, 7 ],
			"to": [ 7, 12, 8 ],
			"faces": {
				"down": { "uv": [ 8.5, 11, 8.75, 11.125 ], "texture": "#mesh_atlas" },
				"up": { "uv": [ 8.5, 11, 8.75, 10.875 ], "texture": "#mesh_atlas" },
				"north": { "uv": [ 8.75, 10.75, 8.5, 10.875 ], "texture": "#mesh_atlas" },
				"south": { "uv": [ 8.5, 10.625, 8.75, 10.75 ], "texture": "#mesh_atlas" },
				"west": { "uv": [ 9.125, 9.375, 9.25, 9.5 ], "texture": "#mesh_atlas" },
				"east": { "uv": [ 9.125, 9.25, 9, 9.375 ], "texture": "#mesh_atlas" }
			}
		},
		{
			"__comment": "Voxels",
			"from": [ 7, 0, 6 ],
			"to": [ 9, 1, 9 ],
			"faces": {
				"down": { "uv": [ 8.25, 12.25, 8.5, 12.625 ], "texture": "#mesh_atlas" },
				"up": { "uv": [ 8.5, 12.625, 8.75, 12.25 ], "texture": "#mesh_atlas" },
				"north": { "uv": [ 8.75, 9.625, 8.5, 9.75 ], "texture": "#mesh_atlas" },
				"south": { "uv": [ 8.5, 9.5, 8.75, 9.625 ], "texture": "#mesh_atlas" },
				"west": { "uv": [ 10, 14.75, 10.375, 14.875 ], "texture": "#mesh_atlas" },
				"east": { "uv": [ 8.75, 8.5, 8.375, 8.625 ], "texture": "#mesh_atlas" }
			}
		},
		{
			"__comment": "Voxels",
			"from": [ 9, 1, 6 ],
			"to": [ 11, 2, 8 ],
			"faces": {
				"down": { "uv": [ 1.75, 8.25, 2, 8.5 ], "texture": "#mesh_atlas" },
				"up": { "uv": [ 1.75, 10.5, 2, 10.25 ], "texture": "#mesh_atlas" },
				"north": { "uv": [ 8.75, 9.375, 8.5, 9.5 ], "texture": "#mesh_atlas" },
				"south": { "uv": [ 12.625, 14.75, 12.875, 14.875 ], "texture": "#mesh_atlas" },
				"west": { "uv": [ 12.875, 14.75, 13.125, 14.875 ], "texture": "#mesh_atlas" },
				"east": { "uv": [ 13.375, 14.75, 13.125, 14.875 ], "texture": "#mesh_atlas" }
			}
		},
		{
			"__comment": "Voxels",
			"from": [ 9, 2, 6 ],
			"to": [ 10, 3, 7 ],
			"faces": {
				"down": { "uv": [ 9.125, 8.5, 9.25, 8.625 ], "texture": "#mesh_atlas" },
				"up": { "uv": [ 9, 8.5, 9.125, 8.375 ], "texture": "#mesh_atlas" },
				"north": { "uv": [ 9.25, 8.375, 9.125, 8.5 ], "texture": "#mesh_atlas" },
				"south": { "uv": [ 9, 8.25, 9.125, 8.375 ], "texture": "#mesh_atlas" },
				"west": { "uv": [ 9.125, 8.25, 9.25, 8.375 ], "texture": "#mesh_atlas" },
				"east": { "uv": [ 9.125, 8.125, 9, 8.25 ], "texture": "#mesh_atlas" }
			}
		},
		{
			"__comment": "Voxels",
			"from": [ 9, 11, 7 ],
			"to": [ 11, 12, 8 ],
			"faces": {
				"down": { "uv": [ 13.875, 14.75, 14.125, 14.875 ], "texture": "#mesh_atlas" },
				"up": { "uv": [ 14.125, 14.875, 14.375, 14.75 ], "texture": "#mesh_atlas" },
				"north": { "uv": [ 14.625, 14.75, 14.375, 14.875 ], "texture": "#mesh_atlas" },
				"south": { "uv": [ 14.625, 14.75, 14.875, 14.875 ], "texture": "#mesh_atlas" },
				"west": { "uv": [ 9.375, 14.625, 9.5, 14.75 ], "texture": "#mesh_atlas" },
				"east": { "uv": [ 9.625, 14.625, 9.5, 14.75 ], "texture": "#mesh_atlas" }
			}
		},
		{
			"__comment": "Voxels",
			"from": [ 10, 10, 7 ],
			"to": [ 12, 11, 8 ],
			"faces": {
				"down": { "uv": [ 15.375, 14.75, 15.625, 14.875 ], "texture": "#mesh_atlas" },
				"up": { "uv": [ 15.625, 14.875, 15.875, 14.75 ], "texture": "#mesh_atlas" },
				"north": { "uv": [ 9.25, 14.625, 9, 14.75 ], "texture": "#mesh_atlas" },
				"south": { "uv": [ 9, 14.5, 9.25, 14.625 ], "texture": "#mesh_atlas" },
				"west": { "uv": [ 10.375, 14.625, 10.5, 14.75 ], "texture": "#mesh_atlas" },
				"east": { "uv": [ 10.625, 14.625, 10.5, 14.75 ], "texture": "#mesh_atlas" }
			}
		},
		{
			"__comment": "Voxels",
			"from": [ 11, 1, 7 ],
			"to": [ 16, 5, 8 ],
			"faces": {
				"down": { "uv": [ 7.75, 8.25, 8.375, 8.375 ], "texture": "#mesh_atlas" },
				"up": { "uv": [ 7.75, 8.25, 8.375, 8.125 ], "texture": "#mesh_atlas" },
				"north": { "uv": [ 6.75, 11.5, 6.125, 12 ], "texture": "#mesh_atlas" },
				"south": { "uv": [ 6.125, 13.125, 6.75, 13.625 ], "texture": "#mesh_atlas" },
				"west": { "uv": [ 3.5, 8.25, 3.625, 8.75 ], "texture": "#mesh_atlas" },
				"east": { "uv": [ 8.875, 9.375, 8.75, 9.875 ], "texture": "#mesh_atlas" }
			}
		},
		{
			"__comment": "Voxels",
			"from": [ 11, 14, 7 ],
			"to": [ 17, 15, 8 ],
			"faces": {
				"down": { "uv": [ 7.625, 10.5, 8.375, 10.625 ], "texture": "#mesh_atlas" },
				"up": { "uv": [ 7.625, 10.5, 8.375, 10.375 ], "texture": "#mesh_atlas" },
				"north": { "uv": [ 7.125, 9.125, 6.375, 9.25 ], "texture": "#mesh_atlas" },
				"south": { "uv": [ 6.375, 9.25, 7.125, 9.375 ], "texture": "#mesh_atlas" },
				"west": { "uv": [ 11.875, 14.625, 12, 14.75 ], "texture": "#mesh_atlas" },
				"east": { "uv": [ 12.125, 14.625, 12, 14.75 ], "texture": "#mesh_atlas" }
			}
		},
		{
			"__comment": "Voxels",
			"from": [ 12, 3, 6 ],
			"to": [ 13, 5, 7 ],
			"faces": {
				"down": { "uv": [ 12.125, 14.625, 12.25, 14.75 ], "texture": "#mesh_atlas" },
				"up": { "uv": [ 12.5, 14.75, 12.625, 14.625 ], "texture": "#mesh_atlas" },
				"north": { "uv": [ 9, 9, 8.875, 9.25 ], "texture": "#mesh_atlas" },
				"south": { "uv": [ 8.875, 9.25, 9, 9.5 ], "texture": "#mesh_atlas" },
				"west": { "uv": [ 8.875, 8.75, 9, 9 ], "texture": "#mesh_atlas" },
				"east": { "uv": [ 9, 8.5, 8.875, 8.75 ], "texture": "#mesh_atlas" }
			}
		},
		{
			"__comment": "Voxels",
			"from": [ 12, 8, 7 ],
			"to": [ 17, 9, 8 ],
			"faces": {
				"down": { "uv": [ 10, 14.875, 10.625, 15 ], "texture": "#mesh_atlas" },
				"up": { "uv": [ 6.125, 13.125, 6.75, 13 ], "texture": "#mesh_atlas" },
				"north": { "uv": [ 8.5, 9.625, 7.875, 9.75 ], "texture": "#mesh_atlas" },
				"south": { "uv": [ 7.875, 9.5, 8.5, 9.625 ], "texture": "#mesh_atlas" },
				"west": { "uv": [ 8.625, 13, 8.75, 13.125 ], "texture": "#mesh_atlas" },
				"east": { "uv": [ 8.75, 12.875, 8.625, 13 ], "texture": "#mesh_atlas" }
			}
		},
		{
			"__comment": "Voxels",
			"from": [ 12, 9, 7 ],
			"to": [ 13, 10, 8 ],
			"faces": {
				"down": { "uv": [ 8.625, 12.75, 8.75, 12.875 ], "texture": "#mesh_atlas" },
				"up": { "uv": [ 8.625, 12.75, 8.75, 12.625 ], "texture": "#mesh_atlas" },
				"north": { "uv": [ 8.75, 9.75, 8.625, 9.875 ], "texture": "#mesh_atlas" },
				"south": { "uv": [ 15.875, 14.75, 16, 14.875 ], "texture": "#mesh_atlas" },
				"west": { "uv": [ 9, 12.125, 9.125, 12.25 ], "texture": "#mesh_atlas" },
				"east": { "uv": [ 9.25, 12.125, 9.125, 12.25 ], "texture": "#mesh_atlas" }
			}
		},
		{
			"__comment": "Voxels",
			"from": [ 12, 13, 7 ],
			"to": [ 17, 14, 8 ],
			"faces": {
				"down": { "uv": [ 7.875, 9.375, 8.5, 9.5 ], "texture": "#mesh_atlas" },
				"up": { "uv": [ 7.875, 9.375, 8.5, 9.25 ], "texture": "#mesh_atlas" },
				"north": { "uv": [ 8.5, 9.125, 7.875, 9.25 ], "texture": "#mesh_atlas" },
				"south": { "uv": [ 7.75, 9, 8.375, 9.125 ], "texture": "#mesh_atlas" },
				"west": { "uv": [ 9, 11.75, 9.125, 11.875 ], "texture": "#mesh_atlas" },
				"east": { "uv": [ 9.25, 11.75, 9.125, 11.875 ], "texture": "#mesh_atlas" }
			}
		},
		{
			"__comment": "Voxels",
			"from": [ 12, 14, 6 ],
			"to": [ 17, 15, 7 ],
			"faces": {
				"down": { "uv": [ 7.75, 8.875, 8.375, 9 ], "texture": "#mesh_atlas" },
				"up": { "uv": [ 7.75, 8.875, 8.375, 8.75 ], "texture": "#mesh_atlas" },
				"north": { "uv": [ 9.375, 14.875, 8.75, 15 ], "texture": "#mesh_atlas" },
				"south": { "uv": [ 7.75, 8.625, 8.375, 8.75 ], "texture": "#mesh_atlas" },
				"west": { "uv": [ 9, 11.375, 9.125, 11.5 ], "texture": "#mesh_atlas" },
				"east": { "uv": [ 9.25, 11.375, 9.125, 11.5 ], "texture": "#mesh_atlas" }
			}
		},
		{
			"__comment": "Voxels",
			"from": [ 12, 15, 10 ],
			"to": [ 15, 16, 11 ],
			"faces": {
				"down": { "uv": [ 8.375, 8, 8.75, 8.125 ], "texture": "#mesh_atlas" },
				"up": { "uv": [ 8.375, 8.25, 8.75, 8.125 ], "texture": "#mesh_atlas" },
				"north": { "uv": [ 8.75, 8.375, 8.375, 8.5 ], "texture": "#mesh_atlas" },
				"south": { "uv": [ 8.375, 9, 8.75, 9.125 ], "texture": "#mesh_atlas" },
				"west": { "uv": [ 9, 11, 9.125, 11.125 ], "texture": "#mesh_atlas" },
				"east": { "uv": [ 9.25, 11, 9.125, 11.125 ], "texture": "#mesh_atlas" }
			}
		},
		{
			"__comment": "Voxels",
			"from": [ 13, 5, 7 ],
			"to": [ 16, 8, 8 ],
			"faces": {
				"down": { "uv": [ 8.375, 8.875, 8.75, 9 ], "texture": "#mesh_atlas" },
				"up": { "uv": [ 11.125, 14.875, 11.5, 14.75 ], "texture": "#mesh_atlas" },
				"north": { "uv": [ 7.875, 12.25, 7.5, 12.625 ], "texture": "#mesh_atlas" },
				"south": { "uv": [ 6.625, 12.625, 7, 13 ], "texture": "#mesh_atlas" },
				"west": { "uv": [ 7, 12.625, 7.125, 13 ], "texture": "#mesh_atlas" },
				"east": { "uv": [ 7.125, 12.25, 7, 12.625 ], "texture": "#mesh_atlas" }
			}
		},
		{
			"__comment": "Voxels",
			"from": [ 13, 7, 6 ],
			"to": [ 17, 8, 7 ],
			"faces": {
				"down": { "uv": [ 10.625, 14.875, 11.125, 15 ], "texture": "#mesh_atlas" },
				"up": { "uv": [ 11.125, 15, 11.625, 14.875 ], "texture": "#mesh_atlas" },
				"north": { "uv": [ 12.125, 14.875, 11.625, 15 ], "texture": "#mesh_atlas" },
				"south": { "uv": [ 12.125, 14.875, 12.625, 15 ], "texture": "#mesh_atlas" },
				"west": { "uv": [ 9, 10.25, 9.125, 10.375 ], "texture": "#mesh_atlas" },
				"east": { "uv": [ 9.25, 10.25, 9.125, 10.375 ], "texture": "#mesh_atlas" }
			}
		},
		{
			"__comment": "Voxels",
			"from": [ 13, 13, 6 ],
			"to": [ 17, 14, 7 ],
			"faces": {
				"down": { "uv": [ 14.625, 14.875, 15.125, 15 ], "texture": "#mesh_atlas" },
				"up": { "uv": [ 15.125, 15, 15.625, 14.875 ], "texture": "#mesh_atlas" },
				"north": { "uv": [ 14.625, 14.875, 14.125, 15 ], "texture": "#mesh_atlas" },
				"south": { "uv": [ 6.625, 9.625, 7.125, 9.75 ], "texture": "#mesh_atlas" },
				"west": { "uv": [ 9, 9.875, 9.125, 10 ], "texture": "#mesh_atlas" },
				"east": { "uv": [ 9.25, 9.875, 9.125, 10 ], "texture": "#mesh_atlas" }
			}
		},
		{
			"__comment": "Voxels",
			"from": [ 13, 16, -7 ],
			"to": [ 16, 17, -6 ],
			"faces": {
				"down": { "uv": [ 11.875, 14.75, 12.25, 14.875 ], "texture": "#mesh_atlas" },
				"up": { "uv": [ 12.25, 14.875, 12.625, 14.75 ], "texture": "#mesh_atlas" },
				"north": { "uv": [ 7.125, 13, 6.75, 13.125 ], "texture": "#mesh_atlas" },
				"south": { "uv": [ 8.375, 10.5, 8.75, 10.625 ], "texture": "#mesh_atlas" },
				"west": { "uv": [ 12.875, 14.625, 13, 14.75 ], "texture": "#mesh_atlas" },
				"east": { "uv": [ 9.25, 9.5, 9.125, 9.625 ], "texture": "#mesh_atlas" }
			}
		},
		{
			"__comment": "Voxels",
			"from": [ 14, 8, 6 ],
			"to": [ 17, 13, 7 ],
			"faces": {
				"down": { "uv": [ 8.375, 10.375, 8.75, 10.5 ], "texture": "#mesh_atlas" },
				"up": { "uv": [ 8.375, 10.375, 8.75, 10.25 ], "texture": "#mesh_atlas" },
				"north": { "uv": [ 7, 13.875, 6.625, 14.5 ], "texture": "#mesh_atlas" },
				"south": { "uv": [ 4.625, 8.75, 5, 9.375 ], "texture": "#mesh_atlas" },
				"west": { "uv": [ 5, 8.75, 5.125, 9.375 ], "texture": "#mesh_atlas" },
				"east": { "uv": [ 7.125, 13.875, 7, 14.5 ], "texture": "#mesh_atlas" }
			}
		},
		{
			"__comment": "Voxels",
			"from": [ 14, 9, 7 ],
			"to": [ 17, 13, 8 ],
			"faces": {
				"down": { "uv": [ 8.375, 8.75, 8.75, 8.875 ], "texture": "#mesh_atlas" },
				"up": { "uv": [ 8.375, 8.75, 8.75, 8.625 ], "texture": "#mesh_atlas" },
				"north": { "uv": [ 7.125, 13.125, 6.75, 13.625 ], "texture": "#mesh_atlas" },
				"south": { "uv": [ 6.75, 11.5, 7.125, 12 ], "texture": "#mesh_atlas" },
				"west": { "uv": [ 7.375, 8, 7.5, 8.5 ], "texture": "#mesh_atlas" },
				"east": { "uv": [ 8.875, 11.875, 8.75, 12.375 ], "texture": "#mesh_atlas" }
			}
		},
		{
			"__comment": "Voxels",
			"from": [ 14, 16, -6 ],
			"to": [ 16, 17, 2 ],
			"faces": {
				"down": { "uv": [ 6.375, 10.5, 6.625, 11.5 ], "texture": "#mesh_atlas" },
				"up": { "uv": [ 6.125, 11.5, 6.375, 10.5 ], "texture": "#mesh_atlas" },
				"north": { "uv": [ 13.625, 14.75, 13.375, 14.875 ], "texture": "#mesh_atlas" },
				"south": { "uv": [ 13.625, 14.75, 13.875, 14.875 ], "texture": "#mesh_atlas" },
				"west": { "uv": [ 7.5, 11.375, 8.5, 11.5 ], "texture": "#mesh_atlas" },
				"east": { "uv": [ 8.5, 11.25, 7.5, 11.375 ], "texture": "#mesh_atlas" }
			}
		},
		{
			"__comment": "Voxels",
			"from": [ 14, 16, 3 ],
			"to": [ 16, 17, 6 ],
			"faces": {
				"down": { "uv": [ 8.375, 9.875, 8.625, 10.25 ], "texture": "#mesh_atlas" },
				"up": { "uv": [ 8, 12.125, 8.25, 11.75 ], "texture": "#mesh_atlas" },
				"north": { "uv": [ 15.125, 14.75, 14.875, 14.875 ], "texture": "#mesh_atlas" },
				"south": { "uv": [ 15.125, 14.75, 15.375, 14.875 ], "texture": "#mesh_atlas" },
				"west": { "uv": [ 15.625, 14.875, 16, 15 ], "texture": "#mesh_atlas" },
				"east": { "uv": [ 9.25, 14.75, 8.875, 14.875 ], "texture": "#mesh_atlas" }
			}
		},
		{
			"__comment": "Voxels",
			"from": [ 15, 1, -6 ],
			"to": [ 16, 16, 6 ],
			"faces": {
				"down": { "uv": [ 7.375, 12.375, 7.5, 13.875 ], "texture": "#mesh_atlas" },
				"up": { "uv": [ 7.375, 15.375, 7.5, 13.875 ], "texture": "#mesh_atlas" },
				"north": { "uv": [ 3.625, 8.75, 3.5, 10.625 ], "texture": "#mesh_atlas" },
				"south": { "uv": [ 3.5, 10.625, 3.625, 12.5 ], "texture": "#mesh_atlas" },
				"west": { "uv": [ 2, 8.75, 3.5, 10.625 ], "texture": "#mesh_atlas" },
				"east": { "uv": [ 3.5, 10.625, 2, 12.5 ], "texture": "#mesh_atlas" }
			}
		},
		{
			"__comment": "Voxels",
			"from": [ 15, 1, 6 ],
			"to": [ 16, 7, 7 ],
			"faces": {
				"down": { "uv": [ 10, 14.625, 10.125, 14.75 ], "texture": "#mesh_atlas" },
				"up": { "uv": [ 10.125, 14.75, 10.25, 14.625 ], "texture": "#mesh_atlas" },
				"north": { "uv": [ 7.75, 8.375, 7.625, 9.125 ], "texture": "#mesh_atlas" },
				"south": { "uv": [ 7.5, 9.875, 7.625, 10.625 ], "texture": "#mesh_atlas" },
				"west": { "uv": [ 7.5, 8.375, 7.625, 9.125 ], "texture": "#mesh_atlas" },
				"east": { "uv": [ 7.875, 9.125, 7.75, 9.875 ], "texture": "#mesh_atlas" }
			}
		},
		{
			"__comment": "Voxels",
			"from": [ 15, 13, 8 ],
			"to": [ 16, 16, 10 ],
			"faces": {
				"down": { "uv": [ 9, 13.875, 9.125, 14.125 ], "texture": "#mesh_atlas" },
				"up": { "uv": [ 9.125, 14.125, 9.25, 13.875 ], "texture": "#mesh_atlas" },
				"north": { "uv": [ 9, 13.625, 8.875, 14 ], "texture": "#mesh_atlas" },
				"south": { "uv": [ 8.875, 13.25, 9, 13.625 ], "texture": "#mesh_atlas" },
				"west": { "uv": [ 8.5, 11.75, 8.75, 12.125 ], "texture": "#mesh_atlas" },
				"east": { "uv": [ 8.5, 11.75, 8.25, 12.125 ], "texture": "#mesh_atlas" }
			}
		},
		{
			"__comment": "Voxels",
			"from": [ 16, 2, -6 ],
			"to": [ 17, 16, 6 ],
			"faces": {
				"down": { "uv": [ 7.375, 9.375, 7.5, 10.875 ], "texture": "#mesh_atlas" },
				"up": { "uv": [ 7.375, 12.375, 7.5, 10.875 ], "texture": "#mesh_atlas" },
				"north": { "uv": [ 7.375, 8.875, 7.25, 10.625 ], "texture": "#mesh_atlas" },
				"south": { "uv": [ 7.25, 10.625, 7.375, 12.375 ], "texture": "#mesh_atlas" },
				"west": { "uv": [ 3.625, 12.5, 5.125, 14.25 ], "texture": "#mesh_atlas" },
				"east": { "uv": [ 5.125, 14.25, 3.625, 16 ], "texture": "#mesh_atlas" }
			}
		},
		{
			"__comment": "Voxels",
			"from": [ 16, 2, 6 ],
			"to": [ 17, 7, 7 ],
			"faces": {
				"down": { "uv": [ 12.25, 14.625, 12.375, 14.75 ], "texture": "#mesh_atlas" },
				"up": { "uv": [ 12.375, 14.75, 12.5, 14.625 ], "texture": "#mesh_atlas" },
				"north": { "uv": [ 8.875, 13.625, 8.75, 14.25 ], "texture": "#mesh_atlas" },
				"south": { "uv": [ 8.75, 13, 8.875, 13.625 ], "texture": "#mesh_atlas" },
				"west": { "uv": [ 8.75, 12.375, 8.875, 13 ], "texture": "#mesh_atlas" },
				"east": { "uv": [ 8.875, 14.25, 8.75, 14.875 ], "texture": "#mesh_atlas" }
			}
		}
	],
	"display": {
		"thirdperson_righthand": {
			"scale":  [ 0.5, 0.5, 0.5 ]
		},
		"thirdperson_lefthand": {
			"rotation":  [ 2, 0, 0 ],
			"scale":  [ 0.5, 0.5, 0.5 ]
		},
		"firstperson_righthand": {
			"scale":  [ 0.5, 0.5, 0.5 ]
		},
		"firstperson_lefthand": {
			"scale":  [ 0.5, 0.5, 0.5 ]
		},
		"gui": {
			"scale":  [ 0.5, 0.5, 0.54 ]
		},
		"head": {
			"rotation":  [ 0, -180, 0 ],
			"translation":  [ 0, -0.5, -7.5 ]
		},
		"ground": {
			"translation":  [ 0, 1.5, 0 ],
			"scale":  [ 0.5, 0.5, 0.5 ]
		},
		"fixed": {
			"translation":  [ 0, 0, 5.5652 ],
			"scale":  [ 0.5, 0.5, 0.5 ]
		}
	}
}