{"providers":[{"chars":["\u0bbe"],"file":"required/null.png","ascent":-32768,"height":-20,"type":"bitmap"},{"chars":["\u0bc5"],"file":"default/chat/prince_tag.png","ascent":9,"height":10,"type":"bitmap"},{"chars":["\u0bc6"],"file":"default/chat/king_tag.png","ascent":9,"height":10,"type":"bitmap"},{"chars":["\u0bb9"],"file":"required/ui/menu_banner.png","ascent":-14,"height":256,"type":"bitmap"},{"chars":["\u0bba"],"file":"required/null.png","ascent":-32768,"height":-145,"type":"bitmap"},{"chars":["\u0bc8"],"file":"default/chat/god_tag.png","ascent":9,"height":10,"type":"bitmap"},{"chars":["\u0bc9"],"file":"default/chat/heart.png","ascent":8,"height":8,"type":"bitmap"},{"chars":["\u0bbb"],"file":"required/recipe_showcase.png","ascent":40,"height":164,"type":"bitmap"},{"chars":["\u0bbf"],"file":"required/ui/menu_items_gems.png","ascent":37,"height":256,"type":"bitmap"},{"chars":["\u0bc7"],"file":"default/chat/hero_tag.png","ascent":9,"height":10,"type":"bitmap"},{"chars":["\u0bc1"],"file":"default/chat/farmer_tag.png","ascent":9,"height":10,"type":"bitmap"},{"chars":["\u0bc3"],"file":"default/chat/knight_tag.png","ascent":9,"height":10,"type":"bitmap"},{"chars":["\u0bb8"],"file":"required/logo.png","ascent":20,"height":36,"type":"bitmap"},{"chars":["\u0bbd"],"file":"required/ui/menu_items.png","ascent":37,"height":256,"type":"bitmap"},{"chars":["\u0bc4"],"file":"default/chat/lord_tag.png","ascent":9,"height":10,"type":"bitmap"},{"chars":["\u0bc2"],"file":"default/chat/explorer_tag.png","ascent":9,"height":10,"type":"bitmap"},{"chars":["\u0bbc"],"file":"required/null.png","ascent":-32768,"height":-9,"type":"bitmap"},{"chars":["\u0bc0"],"file":"required/null.png","ascent":-32768,"height":-195,"type":"bitmap"}]}