{"textures":{"0":"blood_sword0"},"elements":[{"from":[6.5,-4.5,11.5],"to":[11.5,-2,14],"faces":{"down":{"uv":[7,1,12,3.5],"texture":"#0"},"up":{"uv":[7,1,12,3.5],"texture":"#0"},"north":{"uv":[7,1,12,3.5],"texture":"#0"},"south":{"uv":[7,1,12,3.5],"texture":"#0"},"west":{"uv":[7,1,8.5,3.5],"texture":"#0"},"east":{"uv":[10.5,1,12,3.5],"texture":"#0"}}},{"from":[7.5,-13,11.5],"to":[10.5,-11.5,14],"faces":{"down":{"uv":[8,10.5,11,12],"texture":"#0"},"up":{"uv":[8,10.5,11,12],"texture":"#0"},"north":{"uv":[8,10.5,11,12],"texture":"#0"},"south":{"uv":[8,10.5,11,12],"texture":"#0"},"west":{"uv":[8,14,11,15.5],"texture":"#0"},"east":{"uv":[8,14,11,15.5],"texture":"#0"}}},{"from":[8,-11.5,12],"to":[10,-11,13.5],"faces":{"up":{"uv":[8.5,10.5,10.5,11],"texture":"#0"},"north":{"uv":[8.5,10.5,10.5,11],"texture":"#0"},"south":{"uv":[8.5,10.5,10.5,11],"texture":"#0"},"west":{"uv":[8.5,10.5,10.5,11],"texture":"#0"},"east":{"uv":[8.5,10.5,10.5,11],"texture":"#0"}}},{"from":[8.5,-11,12],"to":[9.5,-5,13.5],"faces":{"north":{"uv":[9,4,10,10],"texture":"#0"},"south":{"uv":[9,4,10,10],"texture":"#0"},"west":{"uv":[9,4,10,10],"texture":"#0"},"east":{"uv":[9,4,10,10],"texture":"#0"}}},{"from":[5,-4,12],"to":[6,-3.5,13.5],"faces":{"down":{"uv":[12.5,2.5,13.5,3],"texture":"#0"},"north":{"uv":[12.5,2.5,13.5,3],"texture":"#0"},"south":{"uv":[12.5,2.5,13.5,3],"texture":"#0"},"west":{"uv":[12.5,2.5,13.5,3],"texture":"#0"},"east":{"uv":[12.5,2.5,13.5,3],"texture":"#0"}}},{"from":[8,-4,11],"to":[8.5,-3,14.5],"faces":{"down":{"uv":[10,2,10.5,3],"texture":"#0"},"up":{"uv":[10,2,10.5,3],"texture":"#0"},"north":{"uv":[10,2,10.5,3],"texture":"#0"},"south":{"uv":[10,2,10.5,3],"texture":"#0"},"west":{"uv":[10,2,10.5,3],"texture":"#0"}}},{"from":[12,-4,12],"to":[13,-3.5,13.5],"faces":{"down":{"uv":[5.5,2.5,6.5,3],"texture":"#0"},"north":{"uv":[5.5,2.5,6.5,3],"texture":"#0"},"south":{"uv":[5.5,2.5,6.5,3],"texture":"#0"},"west":{"uv":[5.5,2.5,6.5,3],"texture":"#0"},"east":{"uv":[5.5,2.5,6.5,3],"texture":"#0"}}},{"from":[8,-0.5,12.5],"to":[10,2.5,13],"faces":{"north":{"uv":[1,11.5,3,14.5],"texture":"#0"},"south":{"uv":[3,11.5,1,14.5],"texture":"#0"},"west":{"uv":[2.5,11.5,3,14.5],"texture":"#0"},"east":{"uv":[1,11.5,1.5,14.5],"texture":"#0"}}},{"from":[5,-3.5,12],"to":[13,-3,13.5],"faces":{"down":{"uv":[5.5,2,13.5,2.5],"texture":"#0"},"up":{"uv":[5.5,2,13.5,2.5],"texture":"#0"},"north":{"uv":[5.5,2,13.5,2.5],"texture":"#0"},"south":{"uv":[5.5,2,13.5,2.5],"texture":"#0"},"west":{"uv":[10.5,2,13.5,2.5],"texture":"#0"},"east":{"uv":[5.5,2,8.5,2.5],"texture":"#0"}}},{"from":[5.5,-3,12],"to":[12.5,-2.5,13.5],"faces":{"up":{"uv":[6,1.5,13,2],"texture":"#0"},"north":{"uv":[6,1.5,13,2],"texture":"#0"},"south":{"uv":[6,1.5,13,2],"texture":"#0"},"west":{"uv":[10,1.5,13,2],"texture":"#0"},"east":{"uv":[6,1.5,9,2],"texture":"#0"}}},{"from":[7.5,-5,12],"to":[10.5,-4.5,13.5],"faces":{"down":{"uv":[8,3.5,11,4],"texture":"#0"},"north":{"uv":[8,3.5,11,4],"texture":"#0"},"south":{"uv":[8,3.5,11,4],"texture":"#0"},"west":{"uv":[8,3.5,11,4],"texture":"#0"},"east":{"uv":[8,3.5,11,4],"texture":"#0"}}},{"from":[8.5,-4.5,11],"to":[9.5,-2.5,14.5],"faces":{"down":{"uv":[9,1.5,10,3.5],"texture":"#0"},"up":{"uv":[9,1.5,10,3.5],"texture":"#0"},"north":{"uv":[9,1.5,10,3.5],"texture":"#0"},"south":{"uv":[9,1.5,10,3.5],"texture":"#0"},"west":{"uv":[9,1.5,10,3.5],"texture":"#0"},"east":{"uv":[9,1.5,10,3.5],"texture":"#0"}}},{"from":[9.5,-4,11],"to":[10,-3,14.5],"faces":{"down":{"uv":[8.5,2,9,3],"texture":"#0"},"up":{"uv":[8.5,2,9,3],"texture":"#0"},"north":{"uv":[8.5,2,9,3],"texture":"#0"},"south":{"uv":[8.5,2,9,3],"texture":"#0"},"east":{"uv":[8.5,2,9,3],"texture":"#0"}}},{"from":[12.5,-4.5,12],"to":[13,-4,13.5],"faces":{"down":{"uv":[5.5,3,6,3.5],"texture":"#0"},"north":{"uv":[5.5,3,6,3.5],"texture":"#0"},"south":{"uv":[5.5,3,6,3.5],"texture":"#0"},"west":{"uv":[5.5,3,6,3.5],"texture":"#0"},"east":{"uv":[5.5,3,6,3.5],"texture":"#0"}}},{"from":[8.5,-0.5,12],"to":[9.5,2.5,13.5],"faces":{"north":{"uv":[1.5,11.5,2.5,14.5],"texture":"#0"},"south":{"uv":[2.5,11.5,1.5,14.5],"texture":"#0"},"west":{"uv":[2,11.5,3,14.5],"texture":"#0"},"east":{"uv":[1,11,1.5,14],"texture":"#0"}}},{"from":[8.5,22.5,12.5],"to":[9.5,23.5,13],"faces":{"up":{"uv":[6.5,6.5,5.5,7],"texture":"#0"},"north":{"uv":[5.5,6.5,6.5,7.5],"texture":"#0"},"south":{"uv":[5.5,6.5,6.5,7.5],"texture":"#0"},"west":{"uv":[6,6.5,6.5,7.5],"texture":"#0"},"east":{"uv":[5.5,6.5,6,7.5],"texture":"#0"}}},{"from":[7.5,-1,12.5],"to":[10.5,-0.5,13],"faces":{"up":{"uv":[2.5,14.5,1.5,15],"texture":"#0"},"north":{"uv":[1,14.5,3.5,15],"texture":"#0"},"south":{"uv":[3.5,14.5,1,15],"texture":"#0"},"west":{"uv":[3,14.5,3.5,15],"texture":"#0"},"east":{"uv":[1,14.5,1.5,15],"texture":"#0"}}},{"from":[7.5,2.5,12.5],"to":[10.5,3,13],"faces":{"down":{"uv":[3.5,11,0.5,11.5],"texture":"#0"},"north":{"uv":[0.5,11,3.5,11.5],"texture":"#0"},"south":{"uv":[3.5,11,0.5,11.5],"texture":"#0"},"west":{"uv":[3,11,3.5,11.5],"texture":"#0"},"east":{"uv":[0.5,11,1,11.5],"texture":"#0"}}},{"from":[7,-2,12.5],"to":[11,-1,13],"faces":{"up":{"uv":[2,15,1,16],"texture":"#0"},"north":{"uv":[1,15,4,16],"texture":"#0"},"south":{"uv":[4,15,1,16],"texture":"#0"},"west":{"uv":[3.5,15,4,16],"texture":"#0"},"east":{"uv":[1,15,1.5,16],"texture":"#0"}}},{"from":[7.5,3,12],"to":[10.5,14,13.5],"faces":{"down":{"uv":[3.5,0,0.5,11],"texture":"#0"},"up":{"uv":[2,0,1,0.5],"texture":"#0"},"north":{"uv":[0.5,0,3.5,11],"texture":"#0"},"south":{"uv":[3.5,0,0.5,11],"texture":"#0"},"west":{"uv":[1.5,0,4,11],"texture":"#0"},"east":{"uv":[0.5,0,1,11.5],"texture":"#0"}}},{"from":[8,2.5,12],"to":[10,3,13.5],"faces":{"down":{"uv":[3.5,11,0.5,11.5],"texture":"#0"},"north":{"uv":[0.5,11,3.5,11.5],"texture":"#0"},"south":{"uv":[3.5,11,0.5,11.5],"texture":"#0"},"west":{"uv":[1.5,11,3.5,11.5],"texture":"#0"},"east":{"uv":[0.5,11,1,11.5],"texture":"#0"}}},{"from":[8,-1,12],"to":[10,-0.5,13.5],"faces":{"up":{"uv":[2.5,14.5,1.5,15],"texture":"#0"},"north":{"uv":[1,14.5,3,15],"texture":"#0"},"south":{"uv":[3,14.5,1,15],"texture":"#0"},"west":{"uv":[2,14.5,3.5,15],"texture":"#0"},"east":{"uv":[1,14.5,1.5,15],"texture":"#0"}}},{"from":[7.5,-2,12],"to":[10.5,-1,13.5],"faces":{"up":{"uv":[2,15,1,16],"texture":"#0"},"north":{"uv":[1,15,3,16],"texture":"#0"},"south":{"uv":[3,15,1,16],"texture":"#0"},"west":{"uv":[1.5,15,3.5,16],"texture":"#0"},"east":{"uv":[1,15,1.5,16],"texture":"#0"}}},{"from":[5,-4.5,12],"to":[5.5,-4,13.5],"faces":{"down":{"uv":[13,3,13.5,3.5],"texture":"#0"},"north":{"uv":[13,3,13.5,3.5],"texture":"#0"},"south":{"uv":[13,3,13.5,3.5],"texture":"#0"},"west":{"uv":[13,3,13.5,3.5],"texture":"#0"},"east":{"uv":[13,3,13.5,3.5],"texture":"#0"}}},{"from":[7,3,12.5],"to":[11,14,13],"faces":{"down":{"uv":[4,0,0,11],"texture":"#0"},"up":{"uv":[2,0,1,0.5],"texture":"#0"},"north":{"uv":[0,0,4,11],"texture":"#0"},"south":{"uv":[4,0,0,11],"texture":"#0"},"west":{"uv":[3.5,0,4,11],"texture":"#0"},"east":{"uv":[0.5,0,1,11],"texture":"#0"}}},{"from":[7.5,14,12.5],"to":[10.5,20.5,13],"faces":{"up":{"uv":[6,9.5,5,10],"texture":"#0"},"north":{"uv":[4.5,9.5,7.5,16],"texture":"#0"},"south":{"uv":[7.5,9.5,4.5,16],"texture":"#0"},"west":{"uv":[7,9.5,7.5,16],"texture":"#0"},"east":{"uv":[5,9.499999,5.5,16],"texture":"#0"}}},{"from":[8,20.5,12.5],"to":[10,22.5,13],"faces":{"up":{"uv":[6.5,7.5,5.5,9],"texture":"#0"},"north":{"uv":[5,7.5,7,9.5],"texture":"#0"},"south":{"uv":[7,7.5,5,9.5],"texture":"#0"},"west":{"uv":[6.5,7.5,7,9.5],"texture":"#0"},"east":{"uv":[5,7.5,5.5,9.5],"texture":"#0"}}},{"from":[8,14,12],"to":[10,20,13.5],"faces":{"up":{"uv":[6,9,5,9.5],"texture":"#0"},"north":{"uv":[4.5,9.499998,7.5,16],"texture":"#0"},"south":{"uv":[7.5,9.499998,4.5,16],"texture":"#0"},"west":{"uv":[6,9.499999,7.5,16],"texture":"#0"},"east":{"uv":[4.5,9.499999,5,16],"texture":"#0"}}},{"from":[8.5,20,12],"to":[9.5,22,13.5],"faces":{"up":{"uv":[6.5,7.5,5.5,8],"texture":"#0"},"north":{"uv":[5.5,7.5,6.5,10],"texture":"#0"},"south":{"uv":[6.5,7.5,5.5,10],"texture":"#0"},"west":{"uv":[6.5,7.5,7,10],"texture":"#0"},"east":{"uv":[5.5,7.5,6,10],"texture":"#0"}}},{"from":[8,-13.5,12],"to":[10,-11.5,13.5],"faces":{"down":{"uv":[8.5,10.5,10.5,12.5],"texture":"#0"},"north":{"uv":[8.5,10.5,10.5,12.5],"texture":"#0"},"south":{"uv":[8.5,10.5,10.5,12.5],"texture":"#0"},"west":{"uv":[8.5,10.5,10.5,12.5],"texture":"#0"},"east":{"uv":[8.5,10.5,10.5,12.5],"texture":"#0"}}},{"from":[9.5,-11,12.5],"to":[10,-5,13],"faces":{"north":{"uv":[8.5,4,9,10],"texture":"#0"},"south":{"uv":[8.5,4,9,10],"texture":"#0"},"east":{"uv":[8.5,4,9,10],"texture":"#0"}}},{"from":[8,-11,12.5],"to":[8.5,-5,13],"faces":{"north":{"uv":[10,4,10.5,10],"texture":"#0"},"south":{"uv":[10,4,10.5,10],"texture":"#0"},"west":{"uv":[10,4,10.5,10],"texture":"#0"}}}],"display":{"thirdperson_righthand":{"rotation":[0,90,0],"translation":[-4.7,14,2.5]},"thirdperson_lefthand":{"rotation":[0,-90,0],"translation":[4.7,14,2.5]},"firstperson_righthand":{"rotation":[-16,90,0],"translation":[4,9,-12]},"firstperson_lefthand":{"rotation":[-16,90,0],"translation":[4,9,-12]},"gui":{"rotation":[0,180,47],"translation":[1.2,0.8,4],"scale":[0.6,0.6,0.6]},"head":{"scale":[0.0001,0.0001,0.0001]},"ground":{"translation":[0,20,0]},"fixed":{"rotation":[0,0,46],"translation":[-0.695,-0.695,-4],"scale":[0.8,0.8,0.8]}}}