{"textures":{"0":"crown0"},"elements":[{"from":[3,5,4],"to":[4,7,12],"faces":{"down":{"uv":[0,0.5,4,1],"texture":"#0","rotation":90},"up":{"uv":[0,0,4,0.5],"texture":"#0","rotation":90},"north":{"uv":[0,0,0.5,1],"texture":"#0"},"south":{"uv":[3.5,0,4,1],"texture":"#0"},"west":{"uv":[0,0,4,1],"texture":"#0"},"east":{"uv":[0,0,4,1],"texture":"#0"}}},{"from":[4,5,3],"to":[12,7,4],"faces":{"down":{"uv":[0,0.5,4,1],"texture":"#0"},"up":{"uv":[0,0,4,0.5],"texture":"#0"},"north":{"uv":[0,0,4,1],"texture":"#0"},"south":{"uv":[0,0,4,1],"texture":"#0"},"west":{"uv":[0,0,0.5,1],"texture":"#0"},"east":{"uv":[3.5,0,4,1],"texture":"#0"}}},{"from":[4,5,12],"to":[12,7,13],"faces":{"down":{"uv":[0,0.5,4,1],"texture":"#0"},"up":{"uv":[0,0,4,0.5],"texture":"#0"},"north":{"uv":[0,0,4,1],"texture":"#0"},"south":{"uv":[0,0,4,1],"texture":"#0"},"west":{"uv":[0,0,0.5,1],"texture":"#0"},"east":{"uv":[3.5,0,4,1],"texture":"#0"}}},{"from":[12,5,4],"to":[13,7,12],"faces":{"down":{"uv":[0,0.5,4,1],"texture":"#0","rotation":90},"up":{"uv":[0,0,4,0.5],"texture":"#0","rotation":90},"north":{"uv":[0,0,0.5,1],"texture":"#0"},"south":{"uv":[3.5,0,4,1],"texture":"#0"},"west":{"uv":[0,0,4,1],"texture":"#0"},"east":{"uv":[0,0,4,1],"texture":"#0"}}},{"from":[7,7,3],"to":[9,9,4],"faces":{"up":{"uv":[0,1,1,1.5],"texture":"#0"},"north":{"uv":[0,1,1,2],"texture":"#0"},"south":{"uv":[0,1,1,2],"texture":"#0"},"west":{"uv":[0,1,0.5,2],"texture":"#0"},"east":{"uv":[0.5,1,1,2],"texture":"#0"}}},{"from":[4,8,5],"to":[5,9,11],"faces":{"down":{"uv":[1.5,1.5,4.5,2],"texture":"#0","rotation":90},"up":{"uv":[1.5,1.5,4.5,2],"texture":"#0","rotation":90},"north":{"uv":[1.5,1.5,2,2],"texture":"#0"},"south":{"uv":[4,1.5,4.5,2],"texture":"#0"},"west":{"uv":[1.5,1.5,4.5,2],"texture":"#0"},"east":{"uv":[1.5,1.5,4.5,2],"texture":"#0"}}},{"from":[5,8,4],"to":[11,9,5],"faces":{"down":{"uv":[1.5,1.5,4.5,2],"texture":"#0"},"up":{"uv":[1.5,1.5,4.5,2],"texture":"#0"},"north":{"uv":[1.5,1.5,4.5,2],"texture":"#0"},"south":{"uv":[1.5,1.5,4.5,2],"texture":"#0"},"west":{"uv":[1.5,1.5,2,2],"texture":"#0"},"east":{"uv":[4,1.5,4.5,2],"texture":"#0"}}},{"from":[11,8,5],"to":[12,9,11],"faces":{"down":{"uv":[1.5,1.5,4.5,2],"texture":"#0","rotation":90},"up":{"uv":[1.5,1.5,4.5,2],"texture":"#0","rotation":90},"north":{"uv":[1.5,1.5,2,2],"texture":"#0"},"south":{"uv":[4,1.5,4.5,2],"texture":"#0"},"west":{"uv":[1.5,1.5,4.5,2],"texture":"#0"},"east":{"uv":[1.5,1.5,4.5,2],"texture":"#0"}}},{"from":[5,8,11],"to":[11,9,12],"faces":{"down":{"uv":[1.5,1.5,4.5,2],"texture":"#0"},"up":{"uv":[1.5,1.5,4.5,2],"texture":"#0"},"north":{"uv":[1.5,1.5,4.5,2],"texture":"#0"},"south":{"uv":[1.5,1.5,4.5,2],"texture":"#0"},"west":{"uv":[1.5,1.5,2,2],"texture":"#0"},"east":{"uv":[4,1.5,4.5,2],"texture":"#0"}}},{"from":[4,9,4],"to":[5,10,5],"faces":{"down":{"uv":[0,0.5,0.5,1],"texture":"#0"},"up":{"uv":[0,0.5,0.5,1],"texture":"#0"},"north":{"uv":[0,0.5,0.5,1],"texture":"#0"},"south":{"uv":[0,0.5,0.5,1],"texture":"#0"},"west":{"uv":[0,0.5,0.5,1],"texture":"#0"},"east":{"uv":[0,0.5,0.5,1],"texture":"#0"}}},{"from":[11,9,4],"to":[12,10,5],"faces":{"down":{"uv":[0,0.5,0.5,1],"texture":"#0"},"up":{"uv":[0,0.5,0.5,1],"texture":"#0"},"north":{"uv":[0,0.5,0.5,1],"texture":"#0"},"south":{"uv":[0,0.5,0.5,1],"texture":"#0"},"west":{"uv":[0,0.5,0.5,1],"texture":"#0"},"east":{"uv":[0,0.5,0.5,1],"texture":"#0"}}},{"from":[7,9,4],"to":[9,10,5],"faces":{"up":{"uv":[2.5,1.5,3.5,2],"texture":"#0"},"north":{"uv":[2.5,1.5,3.5,2],"texture":"#0"},"south":{"uv":[2.5,1.5,3.5,2],"texture":"#0"},"west":{"uv":[2.5,1.5,3.5,2],"texture":"#0"},"east":{"uv":[2.5,1.5,3.5,2],"texture":"#0"}}},{"from":[4,9,11],"to":[5,10,12],"faces":{"down":{"uv":[0,0.5,0.5,1],"texture":"#0"},"up":{"uv":[0,0.5,0.5,1],"texture":"#0"},"north":{"uv":[0,0.5,0.5,1],"texture":"#0"},"south":{"uv":[0,0.5,0.5,1],"texture":"#0"},"west":{"uv":[0,0.5,0.5,1],"texture":"#0"},"east":{"uv":[0,0.5,0.5,1],"texture":"#0"}}},{"from":[11,9,11],"to":[12,10,12],"faces":{"down":{"uv":[0,0.5,0.5,1],"texture":"#0"},"up":{"uv":[0,0.5,0.5,1],"texture":"#0"},"north":{"uv":[0,0.5,0.5,1],"texture":"#0"},"south":{"uv":[0,0.5,0.5,1],"texture":"#0"},"west":{"uv":[0,0.5,0.5,1],"texture":"#0"},"east":{"uv":[0,0.5,0.5,1],"texture":"#0"}}},{"from":[3,9,7],"to":[4,10,9],"faces":{"down":{"uv":[1.5,1.5,2,2],"texture":"#0"},"up":{"uv":[1.5,1.5,2,2],"texture":"#0"},"north":{"uv":[1.5,1.5,2,2],"texture":"#0"},"south":{"uv":[1.5,1.5,2,2],"texture":"#0"},"west":{"uv":[1.5,1.5,2,2],"texture":"#0"},"east":{"uv":[1.5,1.5,2,2],"texture":"#0"}}},{"from":[7,9,12],"to":[9,10,13],"faces":{"down":{"uv":[1.5,1.5,2,2],"texture":"#0"},"up":{"uv":[1.5,1.5,2,2],"texture":"#0"},"north":{"uv":[1.5,1.5,2,2],"texture":"#0"},"south":{"uv":[1.5,1.5,2,2],"texture":"#0"},"west":{"uv":[1.5,1.5,2,2],"texture":"#0"},"east":{"uv":[1.5,1.5,2,2],"texture":"#0"}}},{"from":[12,9,7],"to":[13,10,9],"faces":{"down":{"uv":[1.5,1.5,2,2],"texture":"#0"},"up":{"uv":[1.5,1.5,2,2],"texture":"#0"},"north":{"uv":[1.5,1.5,2,2],"texture":"#0"},"south":{"uv":[1.5,1.5,2,2],"texture":"#0"},"west":{"uv":[1.5,1.5,2,2],"texture":"#0"},"east":{"uv":[1.5,1.5,2,2],"texture":"#0"}}},{"from":[5,8,7],"to":[11,9,9],"faces":{"down":{"uv":[0,4.5,3,3.5],"texture":"#0"},"up":{"uv":[0,3.5,3,4.5],"texture":"#0"},"north":{"uv":[3,3.5,0,4],"texture":"#0"},"south":{"uv":[0,4,3,4.5],"texture":"#0"}}},{"from":[7,8,5],"to":[9,9,7],"faces":{"down":{"uv":[1,2.5,2,3.5],"texture":"#0"},"up":{"uv":[1,2.5,2,3.5],"texture":"#0"},"west":{"uv":[1,2.5,1.5,3.5],"texture":"#0"},"east":{"uv":[1.5,2.5,2,3.5],"texture":"#0"}}},{"from":[7,8,9],"to":[9,9,11],"faces":{"down":{"uv":[1,2.5,2,3.5],"texture":"#0"},"up":{"uv":[1,2.5,2,3.5],"texture":"#0"},"west":{"uv":[1,2.5,1.5,3.5],"texture":"#0"},"east":{"uv":[1.5,2.5,2,3.5],"texture":"#0"}}},{"from":[6.5,9,7],"to":[7.5,11,9],"faces":{"up":{"uv":[2,3.5,3,4],"texture":"#0","rotation":90},"north":{"uv":[2,3.5,2.5,4.5],"texture":"#0"},"south":{"uv":[2.5,3.5,3,4.5],"texture":"#0"},"west":{"uv":[2,3.5,3,4.5],"texture":"#0"},"east":{"uv":[2,3.5,3,4.5],"texture":"#0"}}},{"from":[8.5,9,7],"to":[9.5,11,9],"faces":{"up":{"uv":[2,3.5,3,4],"texture":"#0","rotation":90},"north":{"uv":[2,3.5,2.5,4.5],"texture":"#0"},"south":{"uv":[2.5,3.5,3,4.5],"texture":"#0"},"west":{"uv":[2,3.5,3,4.5],"texture":"#0"},"east":{"uv":[2,3.5,3,4.5],"texture":"#0"}}},{"from":[5.5,11,7],"to":[6.5,14,9],"faces":{"down":{"uv":[4,4,5.5,4.5],"texture":"#0"},"up":{"uv":[4,3,5.5,3.5],"texture":"#0"},"north":{"uv":[4,3,5.25,4.5],"texture":"#0"},"south":{"uv":[4,3,5.25,4.5],"texture":"#0"},"west":{"uv":[4,3,5.5,4.5],"texture":"#0"},"east":{"uv":[4,3,5.5,4.5],"texture":"#0"}}},{"from":[9.5,11,7],"to":[10.5,14,9],"faces":{"down":{"uv":[4,4,5.5,4.5],"texture":"#0"},"up":{"uv":[4,3,5.5,3.5],"texture":"#0"},"north":{"uv":[4,3,5.25,4.5],"texture":"#0"},"south":{"uv":[4,3,5.25,4.5],"texture":"#0"},"west":{"uv":[4,3,5.5,4.5],"texture":"#0"},"east":{"uv":[4,3,5.5,4.5],"texture":"#0"}}},{"from":[6.5,14,7.5],"to":[7.5,15,8.5],"faces":{"down":{"uv":[4,3,4.5,3.5],"texture":"#0"},"up":{"uv":[4,3,4.5,3.5],"texture":"#0"},"north":{"uv":[4,3,4.5,3.5],"texture":"#0"},"south":{"uv":[4,3,4.5,3.5],"texture":"#0"},"west":{"uv":[4,3,4.5,3.5],"texture":"#0"},"east":{"uv":[4,3,4.5,3.5],"texture":"#0"}}},{"from":[8.5,14,7.5],"to":[9.5,15,8.5],"faces":{"down":{"uv":[4,3,4.5,3.5],"texture":"#0"},"up":{"uv":[4,3,4.5,3.5],"texture":"#0"},"north":{"uv":[4,3,4.5,3.5],"texture":"#0"},"south":{"uv":[4,3,4.5,3.5],"texture":"#0"},"west":{"uv":[4,3,4.5,3.5],"texture":"#0"},"east":{"uv":[4,3,4.5,3.5],"texture":"#0"}}},{"from":[6.5,11,7.75],"to":[9.5,14,8.25],"faces":{"down":{"uv":[5.5,1,7,1.5],"texture":"#0"},"up":{"uv":[5.5,0,7,0.5],"texture":"#0"},"north":{"uv":[5.5,0,7,1.5],"texture":"#0"},"south":{"uv":[7,0,5.5,1.5],"texture":"#0"}}},{"from":[5.5,15,7.5],"to":[6.5,16,8.5],"faces":{"down":{"uv":[4,3,4.5,3.5],"texture":"#0"},"up":{"uv":[4,3,4.5,3.5],"texture":"#0"},"north":{"uv":[4,3,4.5,3.5],"texture":"#0"},"south":{"uv":[4,3,4.5,3.5],"texture":"#0"},"west":{"uv":[4,3,4.5,3.5],"texture":"#0"},"east":{"uv":[4,3,4.5,3.5],"texture":"#0"}}},{"from":[9.5,15,7.5],"to":[10.5,16,8.5],"faces":{"down":{"uv":[4,3,4.5,3.5],"texture":"#0"},"up":{"uv":[4,3,4.5,3.5],"texture":"#0"},"north":{"uv":[4,3,4.5,3.5],"texture":"#0"},"south":{"uv":[4,3,4.5,3.5],"texture":"#0"},"west":{"uv":[4,3,4.5,3.5],"texture":"#0"},"east":{"uv":[4,3,4.5,3.5],"texture":"#0"}}},{"from":[7.5,12,7.25],"to":[8.5,13,8.75],"faces":{"down":{"uv":[6,0.5,6.5,1],"texture":"#0"},"up":{"uv":[6,0.5,6.5,1],"texture":"#0"},"north":{"uv":[6,0.5,6.5,1],"texture":"#0"},"south":{"uv":[6,0.5,6.5,1],"texture":"#0"},"west":{"uv":[6,0.5,6.5,1],"texture":"#0"},"east":{"uv":[6,0.5,6.5,1],"texture":"#0"}}},{"from":[7.5,5.5,2.5],"to":[8.5,6.5,3],"faces":{"down":{"uv":[6,0.5,6.5,1],"texture":"#0"},"up":{"uv":[6,0.5,6.5,1],"texture":"#0"},"north":{"uv":[6,0.5,6.5,1],"texture":"#0"},"west":{"uv":[6,0.5,6.5,1],"texture":"#0"},"east":{"uv":[6,0.5,6.5,1],"texture":"#0"}}},{"from":[9.25,5.75,2.75],"to":[9.75,6.25,3],"faces":{"down":{"uv":[8,0,8.5,0.25],"texture":"#0"},"up":{"uv":[8,0,8.5,0.25],"texture":"#0"},"north":{"uv":[8,0,8.5,0.5],"texture":"#0"},"west":{"uv":[8,0,8.25,0.5],"texture":"#0"},"east":{"uv":[8,0,8.25,0.5],"texture":"#0"}}},{"from":[6.25,5.75,2.75],"to":[6.75,6.25,3],"faces":{"down":{"uv":[8,0,8.5,0.25],"texture":"#0"},"up":{"uv":[8,0,8.5,0.25],"texture":"#0"},"north":{"uv":[8,0,8.5,0.5],"texture":"#0"},"west":{"uv":[8,0,8.25,0.5],"texture":"#0"},"east":{"uv":[8,0,8.25,0.5],"texture":"#0"}}},{"from":[4.75,5.75,2.75],"to":[5.25,6.25,3],"faces":{"down":{"uv":[6,0.5,6.5,1],"texture":"#0"},"up":{"uv":[6,0.5,6.5,1],"texture":"#0"},"north":{"uv":[6,0.5,6.5,1],"texture":"#0"},"west":{"uv":[6,0.5,6.5,1],"texture":"#0"},"east":{"uv":[6,0.5,6.5,1],"texture":"#0"}}},{"from":[10.75,5.75,2.75],"to":[11.25,6.25,3],"faces":{"down":{"uv":[6,0.5,6.5,1],"texture":"#0"},"up":{"uv":[6,0.5,6.5,1],"texture":"#0"},"north":{"uv":[6,0.5,6.5,1],"texture":"#0"},"west":{"uv":[6,0.5,6.5,1],"texture":"#0"},"east":{"uv":[6,0.5,6.5,1],"texture":"#0"}}},{"from":[2.75,5.75,4.75],"to":[3,6.25,5.25],"faces":{"down":{"uv":[8,0,8.5,0.25],"texture":"#0"},"up":{"uv":[8,0,8.5,0.25],"texture":"#0"},"north":{"uv":[8,0,8.5,0.5],"texture":"#0"},"south":{"uv":[8,0,8.5,0.5],"texture":"#0"},"west":{"uv":[8,0,8.25,0.5],"texture":"#0"}}},{"from":[13,5.75,4.75],"to":[13.25,6.25,5.25],"faces":{"down":{"uv":[8,0,8.5,0.25],"texture":"#0"},"up":{"uv":[8,0,8.5,0.25],"texture":"#0"},"north":{"uv":[8,0,8.5,0.5],"texture":"#0"},"south":{"uv":[8,0,8.5,0.5],"texture":"#0"},"east":{"uv":[8,0,8.25,0.5],"texture":"#0"}}}],"display":{"thirdperson_righthand":{"rotation":[-20,0,0],"translation":[0,0.38,-1.89],"scale":[0.75,0.75,0.75]},"thirdperson_lefthand":{"rotation":[-20,0,0],"translation":[0,0.38,-1.89],"scale":[0.75,0.75,0.75]},"firstperson_righthand":{"rotation":[-31,118,7],"translation":[0.76,0,-3.21]},"firstperson_lefthand":{"rotation":[-14,125,7],"translation":[0.76,0.19,-3.21]},"gui":{"rotation":[18,159,-17],"translation":[0,-1.51,0]},"head":{"translation":[0,6.43,0],"scale":[1.6,1.6,1.6]},"ground":{"translation":[0,3.02,0],"scale":[0.5,0.5,0.5]},"fixed":{"translation":[0,-1.32,0]}}}