{"textures":{"1":"dagger0","2":"dagger1","3":"dagger2","4":"dagger3"},"elements":[{"from":[9,-10.5,5.25],"to":[9.25,-10.25,6],"faces":{"down":{"uv":[9,10,9.25,10.75],"texture":"#3"},"north":{"uv":[6.75,10.25,7,10.5],"texture":"#3"},"south":{"uv":[9,10.25,9.25,10.5],"texture":"#3"},"east":{"uv":[10,10.25,10.75,10.5],"texture":"#3"}}},{"from":[8,-10.75,5.25],"to":[8.75,-10.5,6],"faces":{"down":{"uv":[8,10,8.75,10.75],"texture":"#3"},"north":{"uv":[7.25,10.5,8,10.75],"texture":"#3"},"south":{"uv":[8,10.5,8.75,10.75],"texture":"#3"},"west":{"uv":[5.25,10.5,6,10.75],"texture":"#3"},"east":{"uv":[10,10.5,10.75,10.75],"texture":"#3"}}},{"from":[8,-10.5,4.75],"to":[8.75,-10.25,6.5],"faces":{"down":{"uv":[8,9.5,8.75,11.25],"texture":"#3"},"north":{"uv":[7.25,10.25,8,10.5],"texture":"#3"},"south":{"uv":[8,10.25,8.75,10.5],"texture":"#3"},"west":{"uv":[4.75,10.25,6.5,10.5],"texture":"#3"},"east":{"uv":[9.5,10.25,11.25,10.5],"texture":"#3"}}},{"from":[8.75,-10.75,5.5],"to":[9,-10.5,5.75],"faces":{"down":{"uv":[8.75,10.25,9,10.5],"texture":"#3"},"north":{"uv":[7,10.5,7.25,10.75],"texture":"#3"},"south":{"uv":[8.75,10.5,9,10.75],"texture":"#3"},"east":{"uv":[10.25,10.5,10.5,10.75],"texture":"#3"}}},{"from":[7.5,-10.25,5],"to":[9.25,-9,6.25],"faces":{"down":{"uv":[7.5,9.75,9.25,11],"texture":"#3"},"up":{"uv":[7.5,5,9.25,6.25],"texture":"#3"},"north":{"uv":[6.75,9,8.5,10.25],"texture":"#3"},"south":{"uv":[7.5,9,9.25,10.25],"texture":"#3"},"west":{"uv":[5,9,6.25,10.25],"texture":"#3"},"east":{"uv":[9.75,9,11,10.25],"texture":"#3"}}},{"from":[8.25,-10.75,6],"to":[8.5,-10.5,6.25],"faces":{"down":{"uv":[8.25,9.75,8.5,10],"texture":"#3"},"south":{"uv":[8.25,10.5,8.5,10.75],"texture":"#3"},"west":{"uv":[6,10.5,6.25,10.75],"texture":"#3"},"east":{"uv":[9.75,10.5,10,10.75],"texture":"#3"}}},{"from":[8,-6.75,5],"to":[8.75,-4.75,5.25],"faces":{"south":{"uv":[8,4.75,8.75,6.75],"texture":"#1"},"west":{"uv":[5,4.75,5.25,6.75],"texture":"#1"},"east":{"uv":[10.75,4.75,11,6.75],"texture":"#1"}}},{"from":[8.75,-10.5,5],"to":[9,-10.25,6.25],"faces":{"down":{"uv":[8.75,9.75,9,11],"texture":"#3"},"north":{"uv":[7,10.25,7.25,10.5],"texture":"#3"},"south":{"uv":[8.75,10.25,9,10.5],"texture":"#3"},"east":{"uv":[9.75,10.25,11,10.5],"texture":"#3"}}},{"from":[7.75,-10.5,5],"to":[8,-10.25,6.25],"faces":{"down":{"uv":[7.75,9.75,8,11],"texture":"#3"},"north":{"uv":[8,10.25,8.25,10.5],"texture":"#3"},"south":{"uv":[7.75,10.25,8,10.5],"texture":"#3"},"west":{"uv":[5,10.25,6.25,10.5],"texture":"#3"}}},{"from":[7.5,-10.5,5.25],"to":[7.75,-10.25,6],"faces":{"down":{"uv":[7.5,10,7.75,10.75],"texture":"#3"},"north":{"uv":[8.25,10.25,8.5,10.5],"texture":"#3"},"south":{"uv":[7.5,10.25,7.75,10.5],"texture":"#3"},"west":{"uv":[5.25,10.25,6,10.5],"texture":"#3"}}},{"from":[7.75,-10.75,5.5],"to":[8,-10.5,5.75],"faces":{"down":{"uv":[7.75,10.25,8,10.5],"texture":"#3"},"north":{"uv":[8,10.5,8.25,10.75],"texture":"#3"},"south":{"uv":[7.75,10.5,8,10.75],"texture":"#3"},"west":{"uv":[5.5,10.5,5.75,10.75],"texture":"#3"}}},{"from":[8.25,-10.75,5],"to":[8.5,-10.5,5.25],"faces":{"down":{"uv":[8.25,10.75,8.5,11],"texture":"#3"},"north":{"uv":[7.5,10.5,7.75,10.75],"texture":"#3"},"west":{"uv":[5,10.5,5.25,10.75],"texture":"#3"},"east":{"uv":[10.75,10.5,11,10.75],"texture":"#3"}}},{"from":[7.75,-10.25,4.75],"to":[9,-9,6.5],"faces":{"down":{"uv":[7.75,9.5,9,11.25],"texture":"#3"},"up":{"uv":[7.75,4.75,9,6.5],"texture":"#3"},"north":{"uv":[7,9,8.25,10.25],"texture":"#3"},"south":{"uv":[7.75,9,9,10.25],"texture":"#3"},"west":{"uv":[4.75,9,6.5,10.25],"texture":"#3"},"east":{"uv":[9.5,9,11.25,10.25],"texture":"#3"}}},{"from":[7.5,-8.5,5.25],"to":[9.25,-7.5,5.5],"faces":{"up":{"uv":[7.5,5.25,9.25,5.5],"texture":"#1"},"south":{"uv":[7.5,7.5,9.25,8.5],"texture":"#1"},"west":{"uv":[5.25,7.5,5.5,8.5],"texture":"#1"},"east":{"uv":[10.5,7.5,10.75,8.5],"texture":"#1"}}},{"from":[8,-9,6.25],"to":[8.75,-8.75,6.5],"faces":{"south":{"uv":[8,8.75,8.75,9],"texture":"#4"},"west":{"uv":[6.25,8.75,6.5,9],"texture":"#4"},"east":{"uv":[9.5,8.75,9.75,9],"texture":"#4"}}},{"from":[7.5,-9,6],"to":[9.25,-8.75,6.25],"faces":{"south":{"uv":[7.5,8.75,9.25,9],"texture":"#4"},"west":{"uv":[6,8.75,6.25,9],"texture":"#4"},"east":{"uv":[9.75,8.75,10,9],"texture":"#4"}}},{"from":[7.5,-9,5.75],"to":[9.25,-8.5,6],"faces":{"south":{"uv":[7.5,8.5,9.25,9],"texture":"#4"},"west":{"uv":[5.75,8.5,6,9],"texture":"#4"},"east":{"uv":[10,8.5,10.25,9],"texture":"#4"}}},{"from":[7.75,-3.75,5.5],"to":[9,-2.75,5.75],"faces":{"down":{"uv":[7.75,10.25,9,10.5],"texture":"#1"},"south":{"uv":[7.75,2.75,9,3.75],"texture":"#1"},"west":{"uv":[5.5,2.75,5.75,3.75],"texture":"#1"},"east":{"uv":[10.25,2.75,10.5,3.75],"texture":"#1"}}},{"from":[8,-8.5,5.75],"to":[8.75,-8,6],"faces":{"up":{"uv":[8,5.75,8.75,6],"texture":"#1"},"south":{"uv":[8,8,8.75,8.5],"texture":"#1"},"west":{"uv":[5.75,8,6,8.5],"texture":"#1"},"east":{"uv":[10,8,10.25,8.5],"texture":"#1"}}},{"from":[7.5,-8.5,5.5],"to":[9.25,-8,5.75],"faces":{"up":{"uv":[7.5,5.5,9.25,5.75],"texture":"#1"},"south":{"uv":[7.5,8,9.25,8.5],"texture":"#1"},"west":{"uv":[5.5,8,5.75,8.5],"texture":"#1"},"east":{"uv":[10.25,8,10.5,8.5],"texture":"#1"}}},{"from":[8,-8,5.5],"to":[8.75,-7.5,5.75],"faces":{"up":{"uv":[8,5.5,8.75,5.75],"texture":"#1"},"south":{"uv":[8,7.5,8.75,8],"texture":"#1"},"west":{"uv":[5.5,7.5,5.75,8],"texture":"#1"},"east":{"uv":[10.25,7.5,10.5,8],"texture":"#1"}}},{"from":[7.5,-7,4],"to":[9.25,-5.5,4.25],"faces":{"down":{"uv":[7.5,11.75,9.25,12],"texture":"#1"},"up":{"uv":[7.5,4,9.25,4.25],"texture":"#1"},"north":{"uv":[6.75,5.5,8.5,7],"texture":"#1"},"west":{"uv":[4,5.5,4.25,7],"texture":"#1"},"east":{"uv":[11.75,5.5,12,7],"texture":"#1"}}},{"from":[8,-7.5,5.25],"to":[8.75,-6.75,5.5],"faces":{"up":{"uv":[8,5.25,8.75,5.5],"texture":"#1"},"south":{"uv":[8,6.75,8.75,7.5],"texture":"#1"},"west":{"uv":[5.25,6.75,5.5,7.5],"texture":"#1"},"east":{"uv":[10.5,6.75,10.75,7.5],"texture":"#1"}}},{"from":[7.75,-9,4.75],"to":[9,-8.5,5],"faces":{"north":{"uv":[7,8.5,8.25,9],"texture":"#4"},"west":{"uv":[4.75,8.5,5,9],"texture":"#4"},"east":{"uv":[11,8.5,11.25,9],"texture":"#4"}}},{"from":[7.75,-8.5,4.5],"to":[9,-8,4.75],"faces":{"north":{"uv":[7,8,8.25,8.5],"texture":"#1"},"west":{"uv":[4.5,8,4.75,8.5],"texture":"#1"},"east":{"uv":[11.25,8,11.5,8.5],"texture":"#1"}}},{"from":[7.75,-8,4.25],"to":[9,-7.5,4.5],"faces":{"down":{"uv":[7.75,11.5,9,11.75],"texture":"#1"},"north":{"uv":[7,7.5,8.25,8],"texture":"#1"},"west":{"uv":[4.25,7.5,4.5,8],"texture":"#1"},"east":{"uv":[11.5,7.5,11.75,8],"texture":"#1"}}},{"from":[7.75,-7.5,4],"to":[9,-7,4.25],"faces":{"down":{"uv":[7.75,11.75,9,12],"texture":"#1"},"north":{"uv":[7,7,8.25,7.5],"texture":"#1"},"west":{"uv":[4,7,4.25,7.5],"texture":"#1"},"east":{"uv":[11.75,7,12,7.5],"texture":"#1"}}},{"from":[7.75,-7,3.75],"to":[9,-5.5,4],"faces":{"down":{"uv":[7.75,12,9,12.25],"texture":"#1"},"up":{"uv":[7.75,3.75,9,4],"texture":"#1"},"north":{"uv":[7,5.5,8.25,7],"texture":"#1"},"west":{"uv":[3.75,5.5,4,7],"texture":"#1"},"east":{"uv":[12,5.5,12.25,7],"texture":"#1"}}},{"from":[7.75,-4.75,5.25],"to":[9,-3.75,5.5],"faces":{"down":{"uv":[7.75,10.5,9,10.75],"texture":"#1"},"south":{"uv":[7.75,3.75,9,4.75],"texture":"#1"},"west":{"uv":[5.25,3.75,5.5,4.75],"texture":"#1"},"east":{"uv":[10.5,3.75,10.75,4.75],"texture":"#1"}}},{"from":[8.25,16.75,4.75],"to":[8.5,17.25,5],"faces":{"up":{"uv":[8.25,4.75,8.5,5],"texture":"#2"},"north":{"uv":[7.5,14.75,7.75,15.25],"texture":"#2"},"south":{"uv":[8.25,14.75,8.5,15.25],"texture":"#2"},"west":{"uv":[4.75,14.75,5,15.25],"texture":"#2"},"east":{"uv":[11,14.75,11.25,15.25],"texture":"#2"}}},{"from":[7.75,-4.5,4.25],"to":[9,-3.5,4.5],"faces":{"up":{"uv":[7.75,4.25,9,4.5],"texture":"#1"},"north":{"uv":[7,3.5,8.25,4.5],"texture":"#1"},"west":{"uv":[4.25,3.5,4.5,4.5],"texture":"#1"},"east":{"uv":[11.5,3.5,11.75,4.5],"texture":"#1"}}},{"from":[7.5,-8.5,5],"to":[9.25,-6.75,5.25],"faces":{"up":{"uv":[7.5,5,9.25,5.25],"texture":"#1"},"south":{"uv":[7.5,6.75,9.25,8.5],"texture":"#1"},"west":{"uv":[5,6.75,5.25,8.5],"texture":"#1"},"east":{"uv":[10.75,6.75,11,8.5],"texture":"#1"}}},{"from":[7.5,-1,6.25],"to":[9.25,-0.25,6.5],"faces":{"down":{"uv":[7.5,9.5,9.25,9.75],"texture":"#1"},"south":{"uv":[7.5,0.25,9.25,1],"texture":"#1"},"west":{"uv":[6.25,0.25,6.5,1],"texture":"#1"},"east":{"uv":[9.5,0.25,9.75,1],"texture":"#1"}}},{"from":[7.5,-8,4.5],"to":[9.25,-3.5,4.75],"faces":{"down":{"uv":[7.5,11.25,9.25,11.5],"texture":"#1"},"up":{"uv":[7.5,4.5,9.25,4.75],"texture":"#1"},"north":{"uv":[6.75,3.5,8.5,8],"texture":"#1"},"west":{"uv":[4.5,3.5,4.75,8],"texture":"#1"},"east":{"uv":[11.25,3.5,11.5,8],"texture":"#1"}}},{"from":[7.5,-7.5,4.25],"to":[9.25,-4.5,4.5],"faces":{"down":{"uv":[7.5,11.5,9.25,11.75],"texture":"#1"},"up":{"uv":[7.5,4.25,9.25,4.5],"texture":"#1"},"north":{"uv":[6.75,4.5,8.5,7.5],"texture":"#1"},"west":{"uv":[4.25,4.5,4.5,7.5],"texture":"#1"},"east":{"uv":[11.5,4.5,11.75,7.5],"texture":"#1"}}},{"from":[7.5,-8.5,4.75],"to":[9.25,-2.25,5],"faces":{"up":{"uv":[7.5,4.75,9.25,5],"texture":"#1"},"north":{"uv":[6.75,2.25,8.5,8.5],"texture":"#1"},"south":{"uv":[7.5,2.25,9.25,8.5],"texture":"#1"},"west":{"uv":[4.75,2.25,5,8.5],"texture":"#1"},"east":{"uv":[11,2.25,11.25,8.5],"texture":"#1"}}},{"from":[7.75,-3.5,4.5],"to":[9,-2.25,4.75],"faces":{"up":{"uv":[7.75,4.5,9,4.75],"texture":"#1"},"north":{"uv":[7,2.25,8.25,3.5],"texture":"#1"},"west":{"uv":[4.5,2.25,4.75,3.5],"texture":"#1"},"east":{"uv":[11.25,2.25,11.5,3.5],"texture":"#1"}}},{"from":[7.75,-2.75,5.75],"to":[9,-2,6],"faces":{"down":{"uv":[7.75,10,9,10.25],"texture":"#1"},"south":{"uv":[7.75,2,9,2.75],"texture":"#1"},"west":{"uv":[5.75,2,6,2.75],"texture":"#1"},"east":{"uv":[10,2,10.25,2.75],"texture":"#1"}}},{"from":[7.75,-2,6],"to":[9,-1.5,6.25],"faces":{"down":{"uv":[7.75,9.75,9,10],"texture":"#1"},"south":{"uv":[7.75,1.5,9,2],"texture":"#1"},"west":{"uv":[6,1.5,6.25,2],"texture":"#1"},"east":{"uv":[9.75,1.5,10,2],"texture":"#1"}}},{"from":[7.75,-1.5,6.25],"to":[9,-1,6.5],"faces":{"down":{"uv":[7.75,9.5,9,9.75],"texture":"#1"},"south":{"uv":[7.75,1,9,1.5],"texture":"#1"},"west":{"uv":[6.25,1,6.5,1.5],"texture":"#1"},"east":{"uv":[9.5,1,9.75,1.5],"texture":"#1"}}},{"from":[7.75,-2.25,4.75],"to":[9,-1,5],"faces":{"up":{"uv":[7.75,4.75,9,5],"texture":"#1"},"north":{"uv":[7,1,8.25,2.25],"texture":"#1"},"west":{"uv":[4.75,1,5,2.25],"texture":"#1"},"east":{"uv":[11,1,11.25,2.25],"texture":"#1"}}},{"from":[7.75,-5.5,4],"to":[9,-4.5,4.25],"faces":{"up":{"uv":[7.75,4,9,4.25],"texture":"#1"},"north":{"uv":[7,4.5,8.25,5.5],"texture":"#1"},"west":{"uv":[4,4.5,4.25,5.5],"texture":"#1"},"east":{"uv":[11.75,4.5,12,5.5],"texture":"#1"}}},{"from":[7.75,-0.25,4.75],"to":[9,0,7],"faces":{"down":{"uv":[7.75,9,9,11.25],"texture":"#4"},"up":{"uv":[7.75,4.75,9,7],"texture":"#4"},"north":{"uv":[7,0,8.25,0.25],"texture":"#4"},"south":{"uv":[7.75,0,9,0.25],"texture":"#4"},"west":{"uv":[4.75,0,7,0.25],"texture":"#4"},"east":{"uv":[9,0,11.25,0.25],"texture":"#4"}}},{"from":[7.5,-3.75,5.25],"to":[9.25,-0.25,5.5],"faces":{"down":{"uv":[7.5,10.5,9.25,10.75],"texture":"#1"},"north":{"uv":[6.75,0.25,8.5,3.75],"texture":"#1"},"south":{"uv":[7.5,0.25,9.25,3.75],"texture":"#1"},"west":{"uv":[5.25,0.25,5.5,3.75],"texture":"#1"},"east":{"uv":[10.5,0.25,10.75,3.75],"texture":"#1"}}},{"from":[7.5,-2.75,5.5],"to":[9.25,-0.25,5.75],"faces":{"down":{"uv":[7.5,10.25,9.25,10.5],"texture":"#1"},"south":{"uv":[7.5,0.25,9.25,2.75],"texture":"#1"},"west":{"uv":[5.5,0.25,5.75,2.75],"texture":"#1"},"east":{"uv":[10.25,0.25,10.5,2.75],"texture":"#1"}}},{"from":[7.5,-9,5.5],"to":[9.25,-8.5,5.75],"faces":{"west":{"uv":[5.5,8.5,5.75,9],"texture":"#4"},"east":{"uv":[10.25,8.5,10.5,9],"texture":"#4"}}},{"from":[7.5,-9,5.25],"to":[9.25,-8.5,5.5],"faces":{"west":{"uv":[5.25,8.5,5.5,9],"texture":"#4"},"east":{"uv":[10.5,8.5,10.75,9],"texture":"#4"}}},{"from":[7.5,-9,5],"to":[9.25,-8.5,5.25],"faces":{"north":{"uv":[6.75,8.5,8.5,9],"texture":"#4"},"west":{"uv":[5,8.5,5.25,9],"texture":"#4"},"east":{"uv":[10.75,8.5,11,9],"texture":"#4"}}},{"from":[7.75,-8.75,6.5],"to":[9,-8.5,6.75],"faces":{"down":{"uv":[7.75,9.25,9,9.5],"texture":"#4"},"up":{"uv":[7.75,6.5,9,6.75],"texture":"#4"},"south":{"uv":[7.75,8.5,9,8.75],"texture":"#4"},"west":{"uv":[6.5,8.5,6.75,8.75],"texture":"#4"},"east":{"uv":[9.25,8.5,9.5,8.75],"texture":"#4"}}},{"from":[7.25,-8.75,4.75],"to":[9.5,-8.5,6.25],"faces":{"down":{"uv":[7.25,9.75,9.5,11.25],"texture":"#4"},"up":{"uv":[7.25,4.75,9.5,6.25],"texture":"#4"},"north":{"uv":[6.5,8.5,8.75,8.75],"texture":"#4"},"south":{"uv":[7.25,8.5,9.5,8.75],"texture":"#4"},"west":{"uv":[4.75,8.5,6.25,8.75],"texture":"#4"},"east":{"uv":[9.75,8.5,11.25,8.75],"texture":"#4"}}},{"from":[7.5,-8.75,6.25],"to":[9.25,-8.5,6.5],"faces":{"down":{"uv":[7.5,9.5,9.25,9.75],"texture":"#4"},"up":{"uv":[7.5,6.25,9.25,6.5],"texture":"#4"},"south":{"uv":[7.5,8.5,9.25,8.75],"texture":"#4"},"west":{"uv":[6.25,8.5,6.5,8.75],"texture":"#4"},"east":{"uv":[9.5,8.5,9.75,8.75],"texture":"#4"}}},{"from":[7.75,-8.75,4.25],"to":[9,-8.5,4.5],"faces":{"down":{"uv":[7.75,11.5,9,11.75],"texture":"#4"},"up":{"uv":[7.75,4.25,9,4.5],"texture":"#4"},"north":{"uv":[7,8.5,8.25,8.75],"texture":"#4"},"west":{"uv":[4.25,8.5,4.5,8.75],"texture":"#4"},"east":{"uv":[11.5,8.5,11.75,8.75],"texture":"#4"}}},{"from":[7.5,-8.75,4.5],"to":[9.25,-8.5,4.75],"faces":{"down":{"uv":[7.5,11.25,9.25,11.5],"texture":"#4"},"up":{"uv":[7.5,4.5,9.25,4.75],"texture":"#4"},"north":{"uv":[6.75,8.5,8.5,8.75],"texture":"#4"},"west":{"uv":[4.5,8.5,4.75,8.75],"texture":"#4"},"east":{"uv":[11.25,8.5,11.5,8.75],"texture":"#4"}}},{"from":[7.75,0.5,5],"to":[9,0.75,5.5],"faces":{"west":{"uv":[5,15.25,5.5,15.5],"texture":"#3"},"east":{"uv":[10.5,15.25,11,15.5],"texture":"#3"}}},{"from":[7.75,-1,8.25],"to":[9,-0.5,8.5],"faces":{"down":{"uv":[7.75,7.5,9,7.75],"texture":"#3"},"north":{"uv":[7,0.5,8.25,1],"texture":"#3"},"south":{"uv":[7.75,0.5,9,1],"texture":"#3"},"west":{"uv":[8.25,0.5,8.5,1],"texture":"#3"},"east":{"uv":[7.5,0.5,7.75,1],"texture":"#3"}}},{"from":[7.75,2.25,4.25],"to":[9,2.5,4.75],"faces":{"down":{"uv":[7.75,11.25,9,11.75],"texture":"#3"},"up":{"uv":[7.75,4.25,9,4.75],"texture":"#3"},"south":{"uv":[7.75,13.5,9,13.75],"texture":"#3"},"west":{"uv":[4.25,13.5,4.75,13.75],"texture":"#3"},"east":{"uv":[11.25,13.5,11.75,13.75],"texture":"#3"}}},{"from":[7.75,0.25,4.25],"to":[9,0.5,5.5],"faces":{"down":{"uv":[7.75,10.5,9,11.75],"texture":"#3"},"up":{"uv":[7.75,4.25,9,5.5],"texture":"#3"},"north":{"uv":[7,15.5,8.25,15.75],"texture":"#3"},"east":{"uv":[10.5,15.5,11.75,15.75],"texture":"#3"}}},{"from":[7.75,0.75,5],"to":[9,1,6.75],"faces":{"down":{"uv":[7.75,9.25,9,11],"texture":"#3"},"up":{"uv":[7.75,5,9,6.75],"texture":"#3"},"north":{"uv":[7,15,8.25,15.25],"texture":"#3"},"south":{"uv":[7.75,15,9,15.25],"texture":"#3"},"west":{"uv":[5,15,6.75,15.25],"texture":"#3"},"east":{"uv":[9.25,15,11,15.25],"texture":"#3"}}},{"from":[7.75,0,7],"to":[9,0.25,8.25],"faces":{"down":{"uv":[7.75,7.75,9,9],"texture":"#3"},"up":{"uv":[7.75,7,9,8.25],"texture":"#3"},"north":{"uv":[7,15.75,8.25,16],"texture":"#3"},"south":{"uv":[7.75,15.75,9,16],"texture":"#3"},"west":{"uv":[7,15.75,8.25,16],"texture":"#3"},"east":{"uv":[7.75,15.75,9,16],"texture":"#3"}}},{"from":[7.75,-0.5,7.75],"to":[9,0,8.5],"faces":{"down":{"uv":[7.75,7.5,9,8.25],"texture":"#3"},"up":{"uv":[7.75,7.75,9,8.5],"texture":"#3"},"north":{"uv":[7,0,8.25,0.5],"texture":"#3"},"south":{"uv":[7.75,0,9,0.5],"texture":"#3"},"west":{"uv":[7.75,0,8.5,0.5],"texture":"#3"},"east":{"uv":[7.5,0,8.25,0.5],"texture":"#3"}}},{"from":[7.75,0.25,6.25],"to":[9,0.5,7.5],"faces":{"down":{"uv":[7.75,8.5,9,9.75],"texture":"#3"},"up":{"uv":[7.75,6.25,9,7.5],"texture":"#3"},"south":{"uv":[7.75,15.5,9,15.75],"texture":"#3"},"west":{"uv":[6.25,15.5,7.5,15.75],"texture":"#3"},"east":{"uv":[8.5,15.5,9.75,15.75],"texture":"#3"}}},{"from":[7.75,0.5,6.25],"to":[9,0.75,7],"faces":{"up":{"uv":[7.75,6.25,9,7],"texture":"#3"},"south":{"uv":[7.75,15.25,9,15.5],"texture":"#3"},"west":{"uv":[6.25,15.25,7,15.5],"texture":"#3"},"east":{"uv":[9,15.25,9.75,15.5],"texture":"#3"}}},{"from":[7.75,-1,6.5],"to":[9,0,6.75],"faces":{"down":{"uv":[7.75,9.25,9,9.5],"texture":"#1"},"north":{"uv":[7,0,8.25,1],"texture":"#1"},"south":{"uv":[7.75,0,9,1],"texture":"#1"},"west":{"uv":[6.5,0,6.75,1],"texture":"#1"},"east":{"uv":[9.25,0,9.5,1],"texture":"#1"}}},{"from":[8,-0.75,7.75],"to":[8.75,-0.5,8.75],"faces":{"down":{"uv":[8,7.25,8.75,8.25],"texture":"#3"},"north":{"uv":[7.25,0.5,8,0.75],"texture":"#3"},"south":{"uv":[8,0.5,8.75,0.75],"texture":"#3"},"west":{"uv":[7.75,0.5,8.75,0.75],"texture":"#3"},"east":{"uv":[7.25,0.5,8.25,0.75],"texture":"#3"}}},{"from":[8,-1.25,8.25],"to":[8.75,-1,8.5],"faces":{"down":{"uv":[8,7.5,8.75,7.75],"texture":"#3"},"north":{"uv":[7.25,1,8,1.25],"texture":"#3"},"south":{"uv":[8,1,8.75,1.25],"texture":"#3"},"west":{"uv":[8.25,1,8.5,1.25],"texture":"#3"},"east":{"uv":[7.5,1,7.75,1.25],"texture":"#3"}}},{"from":[8,-0.25,7],"to":[8.75,0,8.75],"faces":{"down":{"uv":[8,7.25,8.75,9],"texture":"#3"},"up":{"uv":[8,7,8.75,8.75],"texture":"#3"},"south":{"uv":[8,0,8.75,0.25],"texture":"#3"},"west":{"uv":[7,0,8.75,0.25],"texture":"#3"},"east":{"uv":[7.25,0,9,0.25],"texture":"#3"}}},{"from":[8,0,4.25],"to":[8.75,0.25,5.25],"faces":{"down":{"uv":[8,10.75,8.75,11.75],"texture":"#3"},"north":{"uv":[7.25,15.75,8,16],"texture":"#3"},"west":{"uv":[4.25,15.75,5.25,16],"texture":"#3"},"east":{"uv":[10.75,15.75,11.75,16],"texture":"#3"}}},{"from":[7.75,0.25,5.5],"to":[9,0.75,6.25],"faces":{"north":{"uv":[7,15.25,8.25,15.75],"texture":"#3"},"south":{"uv":[7.75,15.25,9,15.75],"texture":"#3"},"west":{"uv":[5.5,15.25,6.25,15.75],"texture":"#3"},"east":{"uv":[9.75,15.25,10.5,15.75],"texture":"#3"}}},{"from":[7.75,-1,5],"to":[9,-0.25,5.25],"faces":{"north":{"uv":[7,0.25,8.25,1],"texture":"#1"},"west":{"uv":[5,0.25,5.25,1],"texture":"#1"},"east":{"uv":[10.75,0.25,11,1],"texture":"#1"}}},{"from":[7.5,0,5.25],"to":[9.25,0.25,6.5],"faces":{"up":{"uv":[7.5,5.25,9.25,6.5],"texture":"#3"},"north":{"uv":[6.75,15.75,8.5,16],"texture":"#3"},"south":{"uv":[7.5,15.75,9.25,16],"texture":"#3"},"west":{"uv":[5.25,15.75,6.5,16],"texture":"#3"},"east":{"uv":[9.5,15.75,10.75,16],"texture":"#3"}}},{"from":[7.5,-0.25,5],"to":[9.25,0,6.75],"faces":{"down":{"uv":[7.5,9.25,9.25,11],"texture":"#4"},"up":{"uv":[7.5,5,9.25,6.75],"texture":"#4"},"north":{"uv":[6.75,0,8.5,0.25],"texture":"#4"},"south":{"uv":[7.5,0,9.25,0.25],"texture":"#4"},"west":{"uv":[5,0,6.75,0.25],"texture":"#4"},"east":{"uv":[9.25,0,11,0.25],"texture":"#4"}}},{"from":[7.25,-0.25,5.25],"to":[9.5,0,6.5],"faces":{"down":{"uv":[7.25,9.5,9.5,10.75],"texture":"#4"},"up":{"uv":[7.25,5.25,9.5,6.5],"texture":"#4"},"north":{"uv":[6.5,0,8.75,0.25],"texture":"#4"},"south":{"uv":[7.25,0,9.5,0.25],"texture":"#4"},"west":{"uv":[5.25,0,6.5,0.25],"texture":"#4"},"east":{"uv":[9.5,0,10.75,0.25],"texture":"#4"}}},{"from":[7.75,0.5,3.75],"to":[9,0.75,5],"faces":{"down":{"uv":[7.75,11,9,12.25],"texture":"#3"},"up":{"uv":[7.75,3.75,9,5],"texture":"#3"},"north":{"uv":[7,15.25,8.25,15.5],"texture":"#3"},"west":{"uv":[3.75,15.25,5,15.5],"texture":"#3"},"east":{"uv":[11,15.25,12.25,15.5],"texture":"#3"}}},{"from":[7.75,0.75,3.5],"to":[9,1.25,4.25],"faces":{"down":{"uv":[7.75,11.75,9,12.5],"texture":"#3"},"up":{"uv":[7.75,3.5,9,4.25],"texture":"#3"},"north":{"uv":[7,14.75,8.25,15.25],"texture":"#3"},"south":{"uv":[7.75,14.75,9,15.25],"texture":"#3"},"west":{"uv":[3.5,14.75,4.25,15.25],"texture":"#3"},"east":{"uv":[11.75,14.75,12.5,15.25],"texture":"#3"}}},{"from":[7.75,1.25,3.5],"to":[9,1.75,4],"faces":{"up":{"uv":[7.75,3.5,9,4],"texture":"#3"},"north":{"uv":[7,14.25,8.25,14.75],"texture":"#3"},"south":{"uv":[7.75,14.25,9,14.75],"texture":"#3"},"west":{"uv":[3.5,14.25,4,14.75],"texture":"#3"},"east":{"uv":[12,14.25,12.5,14.75],"texture":"#3"}}},{"from":[7.75,1.75,3.75],"to":[9,2.25,4.25],"faces":{"down":{"uv":[7.75,11.75,9,12.25],"texture":"#3"},"up":{"uv":[7.75,3.75,9,4.25],"texture":"#3"},"north":{"uv":[7,13.75,8.25,14.25],"texture":"#3"},"south":{"uv":[7.75,13.75,9,14.25],"texture":"#3"},"west":{"uv":[3.75,13.75,4.25,14.25],"texture":"#3"},"east":{"uv":[11.75,13.75,12.25,14.25],"texture":"#3"}}},{"from":[7.75,2.25,4],"to":[9,2.5,4.25],"faces":{"up":{"uv":[7.75,4,9,4.25],"texture":"#3"},"north":{"uv":[7,13.5,8.25,13.75],"texture":"#3"},"west":{"uv":[4,13.5,4.25,13.75],"texture":"#3"},"east":{"uv":[11.75,13.5,12,13.75],"texture":"#3"}}},{"from":[8,0,6.5],"to":[8.75,0.25,8.5],"faces":{"down":{"uv":[8,7.5,8.75,9.5],"texture":"#3"},"up":{"uv":[8,6.5,8.75,8.5],"texture":"#3"},"south":{"uv":[8,15.75,8.75,16],"texture":"#3"},"west":{"uv":[6.5,15.75,8.5,16],"texture":"#3"},"east":{"uv":[7.5,15.75,9.5,16],"texture":"#3"}}},{"from":[8,2.5,4],"to":[8.75,2.75,4.75],"faces":{"up":{"uv":[8,4,8.75,4.75],"texture":"#3"},"north":{"uv":[7.25,13.25,8,13.5],"texture":"#3"},"south":{"uv":[8,13.25,8.75,13.5],"texture":"#3"},"west":{"uv":[4,13.25,4.75,13.5],"texture":"#3"},"east":{"uv":[11.25,13.25,12,13.5],"texture":"#3"}}},{"from":[8,0.25,3.75],"to":[8.75,0.5,4.25],"faces":{"down":{"uv":[8,11.75,8.75,12.25],"texture":"#3"},"north":{"uv":[7.25,15.5,8,15.75],"texture":"#3"},"west":{"uv":[3.75,15.5,4.25,15.75],"texture":"#3"},"east":{"uv":[11.75,15.5,12.25,15.75],"texture":"#3"}}},{"from":[8,0.5,3.5],"to":[8.75,0.75,3.75],"faces":{"down":{"uv":[8,12.25,8.75,12.5],"texture":"#3"},"north":{"uv":[7.25,15.25,8,15.5],"texture":"#3"},"west":{"uv":[3.5,15.25,3.75,15.5],"texture":"#3"},"east":{"uv":[12.25,15.25,12.5,15.5],"texture":"#3"}}},{"from":[8,0.75,3.25],"to":[8.75,1,5],"faces":{"down":{"uv":[8,11,8.75,12.75],"texture":"#3"},"up":{"uv":[8,3.25,8.75,5],"texture":"#3"},"north":{"uv":[7.25,15,8,15.25],"texture":"#3"},"west":{"uv":[3.25,15,5,15.25],"texture":"#3"},"east":{"uv":[11,15,12.75,15.25],"texture":"#3"}}},{"from":[8,1,3.25],"to":[8.75,1.25,4.5],"faces":{"up":{"uv":[8,3.25,8.75,4.5],"texture":"#3"},"north":{"uv":[7.25,14.75,8,15],"texture":"#3"},"south":{"uv":[8,14.75,8.75,15],"texture":"#3"},"west":{"uv":[3.25,14.75,4.5,15],"texture":"#3"},"east":{"uv":[11.5,14.75,12.75,15],"texture":"#3"}}},{"from":[8,1.25,3.25],"to":[8.75,1.75,4.25],"faces":{"up":{"uv":[8,3.25,8.75,4.25],"texture":"#3"},"north":{"uv":[7.25,14.25,8,14.75],"texture":"#3"},"south":{"uv":[8,14.25,8.75,14.75],"texture":"#3"},"west":{"uv":[3.25,14.25,4.25,14.75],"texture":"#3"},"east":{"uv":[11.75,14.25,12.75,14.75],"texture":"#3"}}},{"from":[8,2,3.5],"to":[8.75,2.25,4.75],"faces":{"down":{"uv":[8,11.25,8.75,12.5],"texture":"#3"},"up":{"uv":[8,3.5,8.75,4.75],"texture":"#3"},"north":{"uv":[7.25,13.75,8,14],"texture":"#3"},"south":{"uv":[8,13.75,8.75,14],"texture":"#3"},"west":{"uv":[3.5,13.75,4.75,14],"texture":"#3"},"east":{"uv":[11.25,13.75,12.5,14],"texture":"#3"}}},{"from":[8,2.25,3.75],"to":[8.75,2.5,5],"faces":{"down":{"uv":[8,11,8.75,12.25],"texture":"#3"},"up":{"uv":[8,3.75,8.75,5],"texture":"#3"},"north":{"uv":[7.25,13.5,8,13.75],"texture":"#3"},"south":{"uv":[8,13.5,8.75,13.75],"texture":"#3"},"west":{"uv":[3.75,13.5,5,13.75],"texture":"#3"},"east":{"uv":[11,13.5,12.25,13.75],"texture":"#3"}}},{"from":[8,0.75,6.75],"to":[8.75,1,7],"faces":{"up":{"uv":[8,6.75,8.75,7],"texture":"#3"},"south":{"uv":[8,15,8.75,15.25],"texture":"#3"},"west":{"uv":[6.75,15,7,15.25],"texture":"#3"},"east":{"uv":[9,15,9.25,15.25],"texture":"#3"}}},{"from":[8,10.5,4.75],"to":[8.75,10.75,6],"faces":{"down":{"uv":[8,10,8.75,11.25],"texture":"#2"},"up":{"uv":[8,4.75,8.75,6],"texture":"#2"},"north":{"uv":[7.25,5.25,8,5.5],"texture":"#2"},"south":{"uv":[8,5.25,8.75,5.5],"texture":"#2"},"west":{"uv":[4.75,5.25,6,5.5],"texture":"#2"},"east":{"uv":[10,5.25,11.25,5.5],"texture":"#2"}}},{"from":[8.25,2.5,5.5],"to":[8.5,3.5,7.25],"faces":{"down":{"uv":[8.25,8.75,8.5,10.5],"texture":"#2"},"up":{"uv":[8.25,5.5,8.5,7.25],"texture":"#2"},"north":{"uv":[7.5,12.5,7.75,13.5],"texture":"#2"},"south":{"uv":[8.25,12.5,8.5,13.5],"texture":"#2"},"west":{"uv":[5.5,12.5,7.25,13.5],"texture":"#2"},"east":{"uv":[8.75,12.5,10.5,13.5],"texture":"#2"}}},{"from":[8.25,3.5,5.75],"to":[8.5,5.25,7.5],"faces":{"down":{"uv":[8.25,8.5,8.5,10.25],"texture":"#2"},"up":{"uv":[8.25,5.75,8.5,7.5],"texture":"#2"},"north":{"uv":[7.5,10.75,7.75,12.5],"texture":"#2"},"south":{"uv":[8.25,10.75,8.5,12.5],"texture":"#2"},"west":{"uv":[5.75,10.75,7.5,12.5],"texture":"#2"},"east":{"uv":[8.5,10.75,10.25,12.5],"texture":"#2"}}},{"from":[8.25,5.25,5.5],"to":[8.5,6.5,7.25],"faces":{"down":{"uv":[8.25,8.75,8.5,10.5],"texture":"#2"},"up":{"uv":[8.25,5.5,8.5,7.25],"texture":"#2"},"north":{"uv":[7.5,9.5,7.75,10.75],"texture":"#2"},"south":{"uv":[8.25,9.5,8.5,10.75],"texture":"#2"},"west":{"uv":[5.5,9.5,7.25,10.75],"texture":"#2"},"east":{"uv":[8.75,9.5,10.5,10.75],"texture":"#2"}}},{"from":[8.25,6.5,5.25],"to":[8.5,7.5,6.75],"faces":{"down":{"uv":[8.25,9.25,8.5,10.75],"texture":"#2"},"up":{"uv":[8.25,5.25,8.5,6.75],"texture":"#2"},"north":{"uv":[7.5,8.5,7.75,9.5],"texture":"#2"},"south":{"uv":[8.25,8.5,8.5,9.5],"texture":"#2"},"west":{"uv":[5.25,8.5,6.75,9.5],"texture":"#2"},"east":{"uv":[9.25,8.5,10.75,9.5],"texture":"#2"}}},{"from":[8.25,7.5,5],"to":[8.5,8.5,6.5],"faces":{"down":{"uv":[8.25,9.5,8.5,11],"texture":"#2"},"up":{"uv":[8.25,5,8.5,6.5],"texture":"#2"},"north":{"uv":[7.5,7.5,7.75,8.5],"texture":"#2"},"south":{"uv":[8.25,7.5,8.5,8.5],"texture":"#2"},"west":{"uv":[5,7.5,6.5,8.5],"texture":"#2"},"east":{"uv":[9.5,7.5,11,8.5],"texture":"#2"}}},{"from":[8.25,8.5,5],"to":[8.5,9.5,6.25],"faces":{"up":{"uv":[8.25,5,8.5,6.25],"texture":"#2"},"north":{"uv":[7.5,6.5,7.75,7.5],"texture":"#2"},"south":{"uv":[8.25,6.5,8.5,7.5],"texture":"#2"},"west":{"uv":[5,6.5,6.25,7.5],"texture":"#2"},"east":{"uv":[9.75,6.5,11,7.5],"texture":"#2"}}},{"from":[8.25,9.5,4.5],"to":[8.5,11,6],"faces":{"down":{"uv":[8.25,10,8.5,11.5],"texture":"#2"},"up":{"uv":[8.25,4.5,8.5,6],"texture":"#2"},"north":{"uv":[7.5,5,7.75,6.5],"texture":"#2"},"south":{"uv":[8.25,5,8.5,6.5],"texture":"#2"},"west":{"uv":[4.5,5,6,6.5],"texture":"#2"},"east":{"uv":[10,5,11.5,6.5],"texture":"#2"}}},{"from":[8.25,11,4.75],"to":[8.5,12,6.25],"faces":{"down":{"uv":[8.25,9.75,8.5,11.25],"texture":"#2"},"up":{"uv":[8.25,4.75,8.5,6.25],"texture":"#2"},"north":{"uv":[7.5,4,7.75,5],"texture":"#2"},"south":{"uv":[8.25,4,8.5,5],"texture":"#2"},"west":{"uv":[4.75,4,6.25,5],"texture":"#2"},"east":{"uv":[9.75,4,11.25,5],"texture":"#2"}}},{"from":[8.25,12,5.25],"to":[8.5,13,6.5],"faces":{"down":{"uv":[8.25,9.5,8.5,10.75],"texture":"#2"},"up":{"uv":[8.25,5.25,8.5,6.5],"texture":"#2"},"north":{"uv":[7.5,3,7.75,4],"texture":"#2"},"south":{"uv":[8.25,3,8.5,4],"texture":"#2"},"west":{"uv":[5.25,3,6.5,4],"texture":"#2"},"east":{"uv":[9.5,3,10.75,4],"texture":"#2"}}},{"from":[8.25,13,5.25],"to":[8.5,14,6.25],"faces":{"up":{"uv":[8.25,5.25,8.5,6.25],"texture":"#2"},"north":{"uv":[7.5,2,7.75,3],"texture":"#2"},"south":{"uv":[8.25,2,8.5,3],"texture":"#2"},"west":{"uv":[5.25,2,6.25,3],"texture":"#2"},"east":{"uv":[9.75,2,10.75,3],"texture":"#2"}}},{"from":[8.25,14,5],"to":[8.5,14.75,6],"faces":{"down":{"uv":[8.25,10,8.5,11],"texture":"#2"},"up":{"uv":[8.25,5,8.5,6],"texture":"#2"},"north":{"uv":[7.5,1.25,7.75,2],"texture":"#2"},"south":{"uv":[8.25,1.25,8.5,2],"texture":"#2"},"west":{"uv":[5,1.25,6,2],"texture":"#2"},"east":{"uv":[10,1.25,11,2],"texture":"#2"}}},{"from":[8.25,14.75,5],"to":[8.5,15.75,5.75],"faces":{"up":{"uv":[8.25,5,8.5,5.75],"texture":"#2"},"north":{"uv":[7.5,0.25,7.75,1.25],"texture":"#2"},"south":{"uv":[8.25,0.25,8.5,1.25],"texture":"#2"},"west":{"uv":[5,0.25,5.75,1.25],"texture":"#2"},"east":{"uv":[10.25,0.25,11,1.25],"texture":"#2"}}},{"from":[8.25,16.25,4.75],"to":[8.5,16.75,5.25],"faces":{"up":{"uv":[8.25,4.75,8.5,5.25],"texture":"#2"},"south":{"uv":[8.25,15.25,8.5,15.75],"texture":"#2"},"west":{"uv":[4.75,15.25,5.25,15.75],"texture":"#2"},"east":{"uv":[10.75,15.25,11.25,15.75],"texture":"#2"}}},{"from":[8.25,1.5,5.25],"to":[8.5,2.5,7],"faces":{"down":{"uv":[8.25,9,8.5,10.75],"texture":"#2"},"up":{"uv":[8.25,5.25,8.5,7],"texture":"#2"},"north":{"uv":[7.5,13.5,7.75,14.5],"texture":"#2"},"south":{"uv":[8.25,13.5,8.5,14.5],"texture":"#2"},"west":{"uv":[5.25,13.5,7,14.5],"texture":"#2"},"east":{"uv":[9,13.5,10.75,14.5],"texture":"#2"}}},{"from":[8.25,1.5,5],"to":[8.5,2,5.25],"faces":{"up":{"uv":[8.25,5,8.5,5.25],"texture":"#2"},"north":{"uv":[7.5,14,7.75,14.5],"texture":"#2"},"west":{"uv":[5,14,5.25,14.5],"texture":"#2"},"east":{"uv":[10.75,14,11,14.5],"texture":"#2"}}},{"from":[8.25,2,7],"to":[8.5,2.5,7.25],"faces":{"down":{"uv":[8.25,8.75,8.5,9],"texture":"#2"},"south":{"uv":[8.25,13.5,8.5,14],"texture":"#2"},"west":{"uv":[7,13.5,7.25,14],"texture":"#2"},"east":{"uv":[8.75,13.5,9,14],"texture":"#2"}}},{"from":[8.25,3,7.25],"to":[8.5,3.5,7.5],"faces":{"down":{"uv":[8.25,8.5,8.5,8.75],"texture":"#2"},"south":{"uv":[8.25,12.5,8.5,13],"texture":"#2"},"west":{"uv":[7.25,12.5,7.5,13],"texture":"#2"},"east":{"uv":[8.5,12.5,8.75,13],"texture":"#2"}}},{"from":[8.25,5.25,7.25],"to":[8.5,5.75,7.5],"faces":{"up":{"uv":[8.25,7.25,8.5,7.5],"texture":"#2"},"south":{"uv":[8.25,10.25,8.5,10.75],"texture":"#2"},"west":{"uv":[7.25,10.25,7.5,10.75],"texture":"#2"},"east":{"uv":[8.5,10.25,8.75,10.75],"texture":"#2"}}},{"from":[8.25,13.5,5],"to":[8.5,14,5.25],"faces":{"down":{"uv":[8.25,10.75,8.5,11],"texture":"#2"},"north":{"uv":[7.5,2,7.75,2.5],"texture":"#2"},"west":{"uv":[5,2,5.25,2.5],"texture":"#2"},"east":{"uv":[10.75,2,11,2.5],"texture":"#2"}}},{"from":[8.25,6.5,6.75],"to":[8.5,7,7],"faces":{"up":{"uv":[8.25,6.75,8.5,7],"texture":"#2"},"south":{"uv":[8.25,9,8.5,9.5],"texture":"#2"},"west":{"uv":[6.75,9,7,9.5],"texture":"#2"},"east":{"uv":[9,9,9.25,9.5],"texture":"#2"}}},{"from":[8.25,8.75,4.75],"to":[8.5,9.5,5],"faces":{"down":{"uv":[8.25,11,8.5,11.25],"texture":"#2"},"north":{"uv":[7.5,6.5,7.75,7.25],"texture":"#2"},"west":{"uv":[4.75,6.5,5,7.25],"texture":"#2"},"east":{"uv":[11,6.5,11.25,7.25],"texture":"#2"}}},{"from":[8.25,10.25,6],"to":[8.5,11,6.25],"faces":{"down":{"uv":[8.25,9.75,8.5,10],"texture":"#2"},"south":{"uv":[8.25,5,8.5,5.75],"texture":"#2"},"west":{"uv":[6,5,6.25,5.75],"texture":"#2"},"east":{"uv":[9.75,5,10,5.75],"texture":"#2"}}},{"from":[8.25,11.25,6.25],"to":[8.5,12,6.5],"faces":{"down":{"uv":[8.25,9.5,8.5,9.75],"texture":"#2"},"south":{"uv":[8.25,4,8.5,4.75],"texture":"#2"},"west":{"uv":[6.25,4,6.5,4.75],"texture":"#2"},"east":{"uv":[9.5,4,9.75,4.75],"texture":"#2"}}},{"from":[8.25,15.75,4.5],"to":[8.5,16.75,4.75],"faces":{"down":{"uv":[8.25,11.25,8.5,11.5],"texture":"#2"},"up":{"uv":[8.25,4.5,8.5,4.75],"texture":"#2"},"north":{"uv":[7.5,0,7.75,0.25],"texture":"#2"},"south":{"uv":[8.25,0,8.5,0.25],"texture":"#2"},"west":{"uv":[4.5,0,4.75,0.25],"texture":"#2"},"east":{"uv":[11.25,0,11.5,0.25],"texture":"#2"}}},{"from":[8.25,12,5],"to":[8.5,12.5,5.25],"faces":{"up":{"uv":[8.25,5,8.5,5.25],"texture":"#2"},"north":{"uv":[7.5,3.5,7.75,4],"texture":"#2"},"west":{"uv":[5,3.5,5.25,4],"texture":"#2"},"east":{"uv":[10.75,3.5,11,4],"texture":"#2"}}},{"from":[8.25,15.75,4.75],"to":[8.5,16.25,5.5],"faces":{"down":{"uv":[8.25,10.5,8.5,11.25],"texture":"#2"},"up":{"uv":[8.25,4.75,8.5,5.5],"texture":"#2"},"south":{"uv":[8.25,0,8.5,0.25],"texture":"#2"},"west":{"uv":[4.75,0,5.5,0.25],"texture":"#2"},"east":{"uv":[10.5,0,11.25,0.25],"texture":"#2"}}},{"from":[8.25,15,4.75],"to":[8.5,15.75,5],"faces":{"down":{"uv":[8.25,11,8.5,11.25],"texture":"#2"},"north":{"uv":[7.5,0.25,7.75,1],"texture":"#2"},"west":{"uv":[4.75,0.25,5,1],"texture":"#2"},"east":{"uv":[11,0.25,11.25,1],"texture":"#2"}}},{"from":[8.25,1,5],"to":[8.5,1.5,6.75],"faces":{"up":{"uv":[8.25,5,8.5,6.75],"texture":"#2"},"north":{"uv":[7.5,14.5,7.75,15],"texture":"#2"},"south":{"uv":[8.25,14.5,8.5,15],"texture":"#2"},"west":{"uv":[5,14.5,6.75,15],"texture":"#2"},"east":{"uv":[9.25,14.5,11,15],"texture":"#2"}}},{"from":[8,1,5.25],"to":[8.75,1.75,6.5],"faces":{"up":{"uv":[8,5.25,8.75,6.5],"texture":"#2"},"north":{"uv":[7.25,14.25,8,15],"texture":"#2"},"south":{"uv":[8,14.25,8.75,15],"texture":"#2"},"west":{"uv":[5.25,14.25,6.5,15],"texture":"#2"},"east":{"uv":[9.5,14.25,10.75,15],"texture":"#2"}}},{"from":[8,1.75,5.5],"to":[8.75,2.25,6.75],"faces":{"down":{"uv":[8,9.25,8.75,10.5],"texture":"#2"},"up":{"uv":[8,5.5,8.75,6.75],"texture":"#2"},"north":{"uv":[7.25,13.75,8,14.25],"texture":"#2"},"south":{"uv":[8,13.75,8.75,14.25],"texture":"#2"},"west":{"uv":[5.5,13.75,6.75,14.25],"texture":"#2"},"east":{"uv":[9.25,13.75,10.5,14.25],"texture":"#2"}}},{"from":[8,2.25,5.75],"to":[8.75,3.25,7],"faces":{"down":{"uv":[8,9,8.75,10.25],"texture":"#2"},"up":{"uv":[8,5.75,8.75,7],"texture":"#2"},"north":{"uv":[7.25,12.75,8,13.75],"texture":"#2"},"south":{"uv":[8,12.75,8.75,13.75],"texture":"#2"},"west":{"uv":[5.75,12.75,7,13.75],"texture":"#2"},"east":{"uv":[9,12.75,10.25,13.75],"texture":"#2"}}},{"from":[8,3.25,6],"to":[8.75,5.5,7.25],"faces":{"down":{"uv":[8,8.75,8.75,10],"texture":"#2"},"up":{"uv":[8,6,8.75,7.25],"texture":"#2"},"north":{"uv":[7.25,10.5,8,12.75],"texture":"#2"},"south":{"uv":[8,10.5,8.75,12.75],"texture":"#2"},"west":{"uv":[6,10.5,7.25,12.75],"texture":"#2"},"east":{"uv":[8.75,10.5,10,12.75],"texture":"#2"}}},{"from":[8,5.5,5.75],"to":[8.75,6.25,7],"faces":{"down":{"uv":[8,9,8.75,10.25],"texture":"#2"},"up":{"uv":[8,5.75,8.75,7],"texture":"#2"},"north":{"uv":[7.25,9.75,8,10.5],"texture":"#2"},"south":{"uv":[8,9.75,8.75,10.5],"texture":"#2"},"west":{"uv":[5.75,9.75,7,10.5],"texture":"#2"},"east":{"uv":[9,9.75,10.25,10.5],"texture":"#2"}}},{"from":[8,6.25,5.75],"to":[8.75,6.75,6.75],"faces":{"up":{"uv":[8,5.75,8.75,6.75],"texture":"#2"},"north":{"uv":[7.25,9.25,8,9.75],"texture":"#2"},"south":{"uv":[8,9.25,8.75,9.75],"texture":"#2"},"west":{"uv":[5.75,9.25,6.75,9.75],"texture":"#2"},"east":{"uv":[9.25,9.25,10.25,9.75],"texture":"#2"}}},{"from":[8,6.75,5.5],"to":[8.75,7.25,6.5],"faces":{"down":{"uv":[8,9.5,8.75,10.5],"texture":"#2"},"up":{"uv":[8,5.5,8.75,6.5],"texture":"#2"},"north":{"uv":[7.25,8.75,8,9.25],"texture":"#2"},"south":{"uv":[8,8.75,8.75,9.25],"texture":"#2"},"west":{"uv":[5.5,8.75,6.5,9.25],"texture":"#2"},"east":{"uv":[9.5,8.75,10.5,9.25],"texture":"#2"}}},{"from":[8,7.25,5.5],"to":[8.75,7.75,6.25],"faces":{"north":{"uv":[7.25,8.25,8,8.75],"texture":"#2"},"south":{"uv":[8,8.25,8.75,8.75],"texture":"#2"},"west":{"uv":[5.5,8.25,6.25,8.75],"texture":"#2"},"east":{"uv":[9.75,8.25,10.5,8.75],"texture":"#2"}}},{"from":[8,8.25,5.25],"to":[8.75,9,6],"faces":{"north":{"uv":[7.25,7,8,7.75],"texture":"#2"},"south":{"uv":[8,7,8.75,7.75],"texture":"#2"},"west":{"uv":[5.25,7,6,7.75],"texture":"#2"},"east":{"uv":[10,7,10.75,7.75],"texture":"#2"}}},{"from":[8,9,5],"to":[8.75,9.25,6],"faces":{"down":{"uv":[8,10,8.75,11],"texture":"#2"},"up":{"uv":[8,5,8.75,6],"texture":"#2"},"north":{"uv":[7.25,6.75,8,7],"texture":"#2"},"south":{"uv":[8,6.75,8.75,7],"texture":"#2"},"west":{"uv":[5,6.75,6,7],"texture":"#2"},"east":{"uv":[10,6.75,11,7],"texture":"#2"}}},{"from":[8,9.25,5],"to":[8.75,9.75,5.75],"faces":{"north":{"uv":[7.25,6.25,8,6.75],"texture":"#2"},"south":{"uv":[8,6.25,8.75,6.75],"texture":"#2"},"west":{"uv":[5,6.25,5.75,6.75],"texture":"#2"},"east":{"uv":[10.25,6.25,11,6.75],"texture":"#2"}}},{"from":[8,9.75,4.75],"to":[8.75,10.5,5.75],"faces":{"down":{"uv":[8,10.25,8.75,11.25],"texture":"#2"},"north":{"uv":[7.25,5.5,8,6.25],"texture":"#2"},"south":{"uv":[8,5.5,8.75,6.25],"texture":"#2"},"west":{"uv":[4.75,5.5,5.75,6.25],"texture":"#2"},"east":{"uv":[10.25,5.5,11.25,6.25],"texture":"#2"}}},{"from":[8,16,4.75],"to":[8.75,16.5,5],"faces":{"down":{"uv":[8,11,8.75,11.25],"texture":"#2"},"up":{"uv":[8,4.75,8.75,5],"texture":"#2"},"north":{"uv":[7.25,15.5,8,16],"texture":"#2"},"south":{"uv":[8,15.5,8.75,16],"texture":"#2"},"west":{"uv":[4.75,15.5,5,16],"texture":"#2"},"east":{"uv":[11,15.5,11.25,16],"texture":"#2"}}},{"from":[8,10.75,5],"to":[8.75,11.5,6],"faces":{"north":{"uv":[7.25,4.5,8,5.25],"texture":"#2"},"south":{"uv":[8,4.5,8.75,5.25],"texture":"#2"},"west":{"uv":[5,4.5,6,5.25],"texture":"#2"},"east":{"uv":[10,4.5,11,5.25],"texture":"#2"}}},{"from":[8,11.5,5],"to":[8.75,11.75,6.25],"faces":{"down":{"uv":[8,9.75,8.75,11],"texture":"#2"},"up":{"uv":[8,5,8.75,6.25],"texture":"#2"},"north":{"uv":[7.25,4.25,8,4.5],"texture":"#2"},"south":{"uv":[8,4.25,8.75,4.5],"texture":"#2"},"west":{"uv":[5,4.25,6.25,4.5],"texture":"#2"},"east":{"uv":[9.75,4.25,11,4.5],"texture":"#2"}}},{"from":[8,11.75,5.25],"to":[8.75,12.25,6.25],"faces":{"up":{"uv":[8,5.25,8.75,6.25],"texture":"#2"},"north":{"uv":[7.25,3.75,8,4.25],"texture":"#2"},"south":{"uv":[8,3.75,8.75,4.25],"texture":"#2"},"west":{"uv":[5.25,3.75,6.25,4.25],"texture":"#2"},"east":{"uv":[9.75,3.75,10.75,4.25],"texture":"#2"}}},{"from":[8,12.25,5.5],"to":[8.75,12.75,6.25],"faces":{"up":{"uv":[8,5.5,8.75,6.25],"texture":"#2"},"north":{"uv":[7.25,3.25,8,3.75],"texture":"#2"},"south":{"uv":[8,3.25,8.75,3.75],"texture":"#2"},"west":{"uv":[5.5,3.25,6.25,3.75],"texture":"#2"},"east":{"uv":[9.75,3.25,10.5,3.75],"texture":"#2"}}},{"from":[8,12.75,5.5],"to":[8.75,13.75,6],"faces":{"up":{"uv":[8,5.5,8.75,6],"texture":"#2"},"north":{"uv":[7.25,2.25,8,3.25],"texture":"#2"},"south":{"uv":[8,2.25,8.75,3.25],"texture":"#2"},"west":{"uv":[5.5,2.25,6,3.25],"texture":"#2"},"east":{"uv":[10,2.25,10.5,3.25],"texture":"#2"}}},{"from":[8,13.75,5.25],"to":[8.75,14.5,5.75],"faces":{"down":{"uv":[8,10.25,8.75,10.75],"texture":"#2"},"up":{"uv":[8,5.25,8.75,5.75],"texture":"#2"},"north":{"uv":[7.25,1.5,8,2.25],"texture":"#2"},"south":{"uv":[8,1.5,8.75,2.25],"texture":"#2"},"west":{"uv":[5.25,1.5,5.75,2.25],"texture":"#2"},"east":{"uv":[10.25,1.5,10.75,2.25],"texture":"#2"}}},{"from":[8,15.25,5],"to":[8.75,16,5.25],"faces":{"down":{"uv":[8,10.75,8.75,11],"texture":"#2"},"up":{"uv":[8,5,8.75,5.25],"texture":"#2"},"north":{"uv":[7.25,0,8,0.75],"texture":"#2"},"south":{"uv":[8,0,8.75,0.75],"texture":"#2"},"west":{"uv":[5,0,5.25,0.75],"texture":"#2"},"east":{"uv":[10.75,0,11,0.75],"texture":"#2"}}}],"display":{"thirdperson_righthand":{"rotation":[-160,0,0],"translation":[0,-10,-4],"scale":[0.75,0.75,0.75]},"thirdperson_lefthand":{"rotation":[-160,0,0],"translation":[0,-10,-4],"scale":[0.75,0.75,0.75]},"firstperson_righthand":{"rotation":[14,0,7],"translation":[1,7,0],"scale":[0.75,0.75,0.75]},"firstperson_lefthand":{"rotation":[14,0,7],"translation":[1,7,0],"scale":[0.75,0.75,0.75]},"gui":{"rotation":[102,132,-105],"translation":[-0.836,4.1412,0],"scale":[0.75,0.75,0.75]},"head":{"scale":[0.0001,0.0001,0.0001]},"ground":{"translation":[0,15.304,0],"scale":[0.75,0.75,0.75]},"fixed":{"rotation":[180,90,0],"translation":[1.75,-4,0],"scale":[0.75,0.75,0.75]}}}