{"__comment":"DesignedbyTh0rgalwithCubikStudio-https://cubik.studio","textures":{"0":"energy_crystal_sword0"},"elements":[{"from":[0,0,7.5],"to":[1,3,8.5],"faces":{"down":{"uv":[0,16,3,15],"texture":"#0","cullface":"down"},"up":{"uv":[3,13,0,14],"texture":"#0","rotation":180},"north":{"uv":[0,16,1,13],"texture":"#0","rotation":180},"south":{"uv":[0,13,1,16],"texture":"#0"},"west":{"uv":[0,13,1,16],"texture":"#0","cullface":"west"},"east":{"uv":[1,13,0,16],"texture":"#0"}}},{"from":[2,8,7.5],"to":[5,10,8.5],"faces":{"down":{"uv":[2,8,5,7],"texture":"#0"},"up":{"uv":[5,6,2,7],"texture":"#0","rotation":180},"north":{"uv":[2,8,5,6],"texture":"#0","rotation":180},"south":{"uv":[2,6,5,8],"texture":"#0"},"west":{"uv":[2,6,3,8],"texture":"#0"},"east":{"uv":[5,6,4,8],"texture":"#0"}}},{"from":[2,5,7.5],"to":[8,7,8.5],"faces":{"down":{"uv":[2,11,8,10],"texture":"#0"},"up":{"uv":[8,9,2,10],"texture":"#0","rotation":180},"north":{"uv":[2,11,8,9],"texture":"#0","rotation":180},"south":{"uv":[2,9,8,11],"texture":"#0"},"west":{"uv":[2,9,3,11],"texture":"#0"},"east":{"uv":[8,9,7,11],"texture":"#0"}}},{"from":[4,3,7.5],"to":[5,4,8.5],"faces":{"down":{"uv":[4,13,5,12],"texture":"#0"},"north":{"uv":[4,13,5,12],"texture":"#0","rotation":180},"south":{"uv":[4,12,5,13],"texture":"#0"}}},{"from":[3,10,7.5],"to":[5,11,8.5],"faces":{"up":{"uv":[5,5,3,6],"texture":"#0","rotation":180},"north":{"uv":[3,6,5,5],"texture":"#0","rotation":180},"south":{"uv":[3,5,5,6],"texture":"#0"},"west":{"uv":[3,5,4,6],"texture":"#0"},"east":{"uv":[5,5,4,6],"texture":"#0"}}},{"from":[3,7,7.5],"to":[11,8,8.5],"faces":{"down":{"uv":[3,9,11,8],"texture":"#0"},"up":{"uv":[11,8,3,9],"texture":"#0","rotation":180},"north":{"uv":[3,9,11,8],"texture":"#0","rotation":180},"south":{"uv":[3,8,11,9],"texture":"#0"},"west":{"uv":[3,8,4,9],"texture":"#0"},"east":{"uv":[11,8,10,9],"texture":"#0"}}},{"from":[3,4,7.5],"to":[12,5,8.5],"faces":{"down":{"uv":[3,12,12,11],"texture":"#0"},"up":{"uv":[12,11,3,12],"texture":"#0","rotation":180},"north":{"uv":[3,12,12,11],"texture":"#0","rotation":180},"south":{"uv":[3,11,12,12],"texture":"#0"},"west":{"uv":[3,11,4,12],"texture":"#0"},"east":{"uv":[12,11,11,12],"texture":"#0"}}},{"from":[3,2,7.5],"to":[4,3,8.5],"faces":{"down":{"uv":[3,14,4,13],"texture":"#0"},"north":{"uv":[3,14,4,13],"texture":"#0","rotation":180},"south":{"uv":[3,13,4,14],"texture":"#0"},"east":{"uv":[4,13,3,14],"texture":"#0"}}},{"from":[4,11,7.5],"to":[5,12,8.5],"faces":{"up":{"uv":[5,4,4,5],"texture":"#0","rotation":180},"north":{"uv":[4,5,5,4],"texture":"#0","rotation":180},"south":{"uv":[4,4,5,5],"texture":"#0"},"west":{"uv":[4,4,5,5],"texture":"#0"},"east":{"uv":[5,4,4,5],"texture":"#0"}}},{"from":[5,2,7.5],"to":[7,3,8.5],"faces":{"down":{"uv":[5,14,7,13],"texture":"#0"},"north":{"uv":[5,14,7,13],"texture":"#0","rotation":180},"south":{"uv":[5,13,7,14],"texture":"#0"},"west":{"uv":[5,13,6,14],"texture":"#0"},"east":{"uv":[7,13,6,14],"texture":"#0"}}},{"from":[6,8,7.5],"to":[11,10,8.5],"faces":{"up":{"uv":[11,6,6,7],"texture":"#0","rotation":180},"north":{"uv":[6,8,11,6],"texture":"#0","rotation":180},"south":{"uv":[6,6,11,8],"texture":"#0"},"west":{"uv":[6,6,7,8],"texture":"#0"},"east":{"uv":[11,6,10,8],"texture":"#0"}}},{"from":[7,10,7.5],"to":[13,11,8.5],"faces":{"down":{"uv":[7,6,13,5],"texture":"#0"},"up":{"uv":[13,5,7,6],"texture":"#0","rotation":180},"north":{"uv":[7,6,13,5],"texture":"#0","rotation":180},"south":{"uv":[7,5,13,6],"texture":"#0"},"west":{"uv":[7,5,8,6],"texture":"#0"},"east":{"uv":[13,5,12,6],"texture":"#0"}}},{"from":[8,6,7.5],"to":[10,7,8.5],"faces":{"down":{"uv":[8,10,10,9],"texture":"#0"},"north":{"uv":[8,10,10,9],"texture":"#0","rotation":180},"south":{"uv":[8,9,10,10],"texture":"#0"},"east":{"uv":[10,9,9,10],"texture":"#0"}}},{"from":[8,2,7.5],"to":[10,3,8.5],"faces":{"down":{"uv":[8,14,10,13],"texture":"#0"},"north":{"uv":[8,14,10,13],"texture":"#0","rotation":180},"south":{"uv":[8,13,10,14],"texture":"#0"},"west":{"uv":[8,13,9,14],"texture":"#0"},"east":{"uv":[10,13,9,14],"texture":"#0"}}},{"from":[9,11,7.5],"to":[14,12,8.5],"faces":{"down":{"uv":[9,5,14,4],"texture":"#0"},"up":{"uv":[14,4,9,5],"texture":"#0","rotation":180},"north":{"uv":[9,5,14,4],"texture":"#0","rotation":180},"south":{"uv":[9,4,14,5],"texture":"#0"},"west":{"uv":[9,4,10,5],"texture":"#0"},"east":{"uv":[14,4,13,5],"texture":"#0"}}},{"from":[10,12,7.5],"to":[15,13,8.5],"faces":{"down":{"uv":[10,4,15,3],"texture":"#0"},"up":{"uv":[15,3,10,4],"texture":"#0","rotation":180},"north":{"uv":[10,4,15,3],"texture":"#0","rotation":180},"south":{"uv":[10,3,15,4],"texture":"#0"},"west":{"uv":[10,3,11,4],"texture":"#0"},"east":{"uv":[15,3,14,4],"texture":"#0"}}},{"from":[11,13,7.5],"to":[16,14,8.5],"faces":{"down":{"uv":[11,3,16,2],"texture":"#0"},"up":{"uv":[16,2,11,3],"texture":"#0","rotation":180},"north":{"uv":[11,3,16,2],"texture":"#0","rotation":180},"south":{"uv":[11,2,16,3],"texture":"#0"},"west":{"uv":[11,2,12,3],"texture":"#0"},"east":{"uv":[16,2,15,3],"texture":"#0","cullface":"east"}}},{"from":[11,9,7.5],"to":[12,10,8.5],"faces":{"down":{"uv":[11,7,12,6],"texture":"#0"},"north":{"uv":[11,7,12,6],"texture":"#0","rotation":180},"south":{"uv":[11,6,12,7],"texture":"#0"},"east":{"uv":[12,6,11,7],"texture":"#0"}}},{"from":[12,14,7.5],"to":[16,15,8.5],"faces":{"up":{"uv":[16,1,12,2],"texture":"#0","rotation":180},"north":{"uv":[12,2,16,1],"texture":"#0","rotation":180},"south":{"uv":[12,1,16,2],"texture":"#0"},"west":{"uv":[12,1,13,2],"texture":"#0"},"east":{"uv":[16,1,15,2],"texture":"#0","cullface":"east"}}},{"from":[13,15,7.5],"to":[16,16,8.5],"faces":{"up":{"uv":[16,0,13,1],"texture":"#0","cullface":"up","rotation":180},"north":{"uv":[13,1,16,0],"texture":"#0","rotation":180},"south":{"uv":[13,0,16,1],"texture":"#0"},"west":{"uv":[13,0,14,1],"texture":"#0"},"east":{"uv":[16,0,15,1],"texture":"#0","cullface":"east"}}},{"from":[7,7,7],"to":[10,10,9],"faces":{"down":{"uv":[7,8,10,9],"texture":"#0"},"up":{"uv":[7,8,10,9],"texture":"#0"},"north":{"uv":[7,6,10,9],"texture":"#0","rotation":270},"south":{"uv":[7,6,10,9],"texture":"#0"},"west":{"uv":[7,8,10,9],"texture":"#0"},"east":{"uv":[7,8,10,9],"texture":"#0"}}},{"from":[10,10,7],"to":[12,12,9],"faces":{"down":{"uv":[12,6,10,5],"texture":"#0"},"up":{"uv":[10,5,12,6],"texture":"#0"},"north":{"uv":[10,4,12,6],"texture":"#0"},"south":{"uv":[10,4,12,6],"texture":"#0"},"west":{"uv":[10,4,11,6],"texture":"#0"},"east":{"uv":[10,4,11,6],"texture":"#0"}}},{"from":[12,12,7],"to":[14,14,9],"faces":{"down":{"uv":[14,4,12,3],"texture":"#0"},"up":{"uv":[12,3,14,4],"texture":"#0"},"north":{"uv":[12,2,14,4],"texture":"#0"},"south":{"uv":[12,2,14,4],"texture":"#0"},"west":{"uv":[12,2,13,4],"texture":"#0"},"east":{"uv":[12,2,13,4],"texture":"#0"}}},{"from":[14,13,7],"to":[15,15,9],"faces":{"down":{"uv":[15,3,14,1],"texture":"#0"},"up":{"uv":[14,1,15,3],"texture":"#0"},"north":{"uv":[14,1,15,3],"texture":"#0"},"south":{"uv":[14,1,15,3],"texture":"#0"},"west":{"uv":[14,1,15,3],"texture":"#0"},"east":{"uv":[14,1,15,3],"texture":"#0"}}},{"from":[13,14,7],"to":[14,15,9],"faces":{"up":{"uv":[13,1,14,2],"texture":"#0"},"north":{"uv":[13,1,14,2],"texture":"#0"},"south":{"uv":[13,1,14,2],"texture":"#0"},"west":{"uv":[13,1,14,2],"texture":"#0"}}},{"from":[11,12,7],"to":[12,13,9],"faces":{"up":{"uv":[10,4,11,5],"texture":"#0"},"north":{"uv":[11,3,12,4],"texture":"#0"},"south":{"uv":[11,3,12,4],"texture":"#0"},"west":{"uv":[11,3,12,4],"texture":"#0"}}},{"from":[12,11,7],"to":[13,12,9],"faces":{"down":{"uv":[12,4,11,3],"texture":"#0"},"north":{"uv":[11,3,12,4],"texture":"#0"},"south":{"uv":[11,3,12,4],"texture":"#0"},"east":{"uv":[11,3,12,4],"texture":"#0"}}},{"from":[9,10,7],"to":[10,11,9],"faces":{"up":{"uv":[9,5,10,6],"texture":"#0"},"north":{"uv":[9,5,10,6],"texture":"#0"},"south":{"uv":[9,5,10,6],"texture":"#0"},"west":{"uv":[9,5,10,6],"texture":"#0"}}},{"from":[10,9,7],"to":[11,10,9],"faces":{"down":{"uv":[11,7,10,6],"texture":"#0"},"north":{"uv":[10,6,11,7],"texture":"#0"},"south":{"uv":[10,6,11,7],"texture":"#0"},"east":{"uv":[10,6,11,7],"texture":"#0"}}},{"from":[6,6,7],"to":[7,8,9],"faces":{"down":{"uv":[7,10,6,8],"texture":"#0"},"up":{"uv":[6,8,7,10],"texture":"#0"},"north":{"uv":[6,8,7,10],"texture":"#0"},"south":{"uv":[6,8,7,10],"texture":"#0"},"west":{"uv":[6,8,7,10],"texture":"#0"},"east":{"uv":[6,8,7,10],"texture":"#0"}}},{"from":[7,6,7],"to":[8,7,9],"faces":{"down":{"uv":[8,9,7,10],"texture":"#0"},"north":{"uv":[7,9,8,10],"texture":"#0"},"south":{"uv":[7,9,8,10],"texture":"#0"},"east":{"uv":[7,9,8,10],"texture":"#0"}}},{"from":[3,8,7],"to":[4,9,9],"faces":{"down":{"uv":[4,7,3,8],"texture":"#0"},"up":{"uv":[3,7,4,8],"texture":"#0"},"north":{"uv":[3,7,4,8],"texture":"#0"},"south":{"uv":[3,7,4,8],"texture":"#0"},"west":{"uv":[3,7,4,8],"texture":"#0"},"east":{"uv":[3,7,4,8],"texture":"#0"}}},{"from":[4,7,7],"to":[5,8,9],"faces":{"down":{"uv":[4,11,3,9],"texture":"#0"},"up":{"uv":[3,9,4,11],"texture":"#0"},"north":{"uv":[3,9,4,11],"texture":"#0"},"south":{"uv":[3,9,4,11],"texture":"#0"},"west":{"uv":[3,9,4,11],"texture":"#0"},"east":{"uv":[3,9,4,11],"texture":"#0"}}},{"from":[3,5,7],"to":[4,7,9],"faces":{"down":{"uv":[4,11,3,9],"texture":"#0"},"up":{"uv":[3,9,4,11],"texture":"#0"},"north":{"uv":[3,9,4,11],"texture":"#0"},"south":{"uv":[3,9,4,11],"texture":"#0"},"west":{"uv":[3,9,4,11],"texture":"#0"},"east":{"uv":[3,9,4,11],"texture":"#0"}}},{"from":[1,0,7.5],"to":[3,1,8.5],"faces":{"down":{"uv":[3,16,1,15],"texture":"#0","cullface":"down"},"up":{"uv":[1,15,3,16],"texture":"#0"},"north":{"uv":[1,15,3,16],"texture":"#0"},"south":{"uv":[1,15,3,16],"texture":"#0"},"east":{"uv":[1,15,3,16],"texture":"#0"}}},{"from":[2,1,7.5],"to":[3,2,8.5],"faces":{"north":{"uv":[2,14,3,15],"texture":"#0"},"south":{"uv":[2,14,3,15],"texture":"#0"},"west":{"uv":[2,14,3,15],"texture":"#0"},"east":{"uv":[2,14,3,15],"texture":"#0"}}},{"from":[1,1,8],"to":[2,2,8.0625],"faces":{"north":{"uv":[1,14,2,15],"texture":"#0"},"south":{"uv":[1,14,2,15],"texture":"#0"}}},{"from":[5,3,7],"to":[7,4,9],"faces":{"down":{"uv":[7,13,5,12],"texture":"#0"},"up":{"uv":[5,12,7,13],"texture":"#0"},"north":{"uv":[5,12,7,13],"texture":"#0"},"south":{"uv":[5,12,7,13],"texture":"#0"},"west":{"uv":[5,12,7,13],"texture":"#0"},"east":{"uv":[5,12,7,13],"texture":"#0"}}},{"from":[4,4,7],"to":[5,5,9],"faces":{"down":{"uv":[5,12,4,11],"texture":"#0"},"up":{"uv":[4,11,5,12],"texture":"#0"},"north":{"uv":[4,11,5,12],"texture":"#0"},"south":{"uv":[4,11,5,12],"texture":"#0"},"west":{"uv":[4,11,5,12],"texture":"#0"},"east":{"uv":[4,11,5,12],"texture":"#0"}}},{"from":[7,4,7],"to":[8,5,9],"faces":{"down":{"uv":[8,12,7,11],"texture":"#0"},"up":{"uv":[7,11,8,12],"texture":"#0"},"north":{"uv":[7,11,8,12],"texture":"#0"},"south":{"uv":[7,11,8,12],"texture":"#0"},"west":{"uv":[7,11,8,12],"texture":"#0"},"east":{"uv":[7,11,8,12],"texture":"#0"}}},{"from":[1,2,7.5],"to":[2,3,8.5],"faces":{"down":{"uv":[2,14,1,13],"texture":"#0"},"up":{"uv":[1,13,2,14],"texture":"#0"},"north":{"uv":[1,13,2,14],"texture":"#0"},"south":{"uv":[1,13,2,14],"texture":"#0"}}},{"from":[2,3,7.5],"to":[3,4,8.5],"faces":{"up":{"uv":[2,12,3,13],"texture":"#0"},"north":{"uv":[2,12,3,13],"texture":"#0"},"south":{"uv":[2,12,3,13],"texture":"#0"},"west":{"uv":[2,12,3,13],"texture":"#0"}}},{"from":[2,2,7],"to":[3,3,9],"faces":{"down":{"uv":[3,14,2,13],"texture":"#0"},"up":{"uv":[2,13,3,14],"texture":"#0"},"north":{"uv":[2,13,3,14],"texture":"#0"},"south":{"uv":[2,13,3,14],"texture":"#0"},"west":{"uv":[2,13,3,14],"texture":"#0"},"east":{"uv":[2,13,3,14],"texture":"#0"}}},{"from":[3,3,7],"to":[4,4,9],"faces":{"down":{"uv":[4,13,3,12],"texture":"#0"},"up":{"uv":[3,12,4,13],"texture":"#0"},"north":{"uv":[4,12,3,13],"texture":"#0"},"south":{"uv":[3,12,4,13],"texture":"#0"},"west":{"uv":[3,12,4,13],"texture":"#0"},"east":{"uv":[3,12,4,13],"texture":"#0"}}},{"from":[8,3,7],"to":[9,4,9],"faces":{"down":{"uv":[9,13,8,12],"texture":"#0"},"up":{"uv":[8,12,9,13],"texture":"#0"},"north":{"uv":[8,12,9,13],"texture":"#0"},"south":{"uv":[8,12,9,13],"texture":"#0"},"west":{"uv":[8,12,9,13],"texture":"#0"},"east":{"uv":[8,12,9,13],"texture":"#0"}}},{"from":[9,3,7.5],"to":[11,4,8.5],"faces":{"down":{"uv":[11,13,9,12],"texture":"#0"},"north":{"uv":[9,12,11,13],"texture":"#0"},"south":{"uv":[9,12,11,13],"texture":"#0"},"east":{"uv":[9,12,11,13],"texture":"#0"}}},{"from":[7,3,7.5],"to":[8,4,8.5],"faces":{"down":{"uv":[8,13,7,12],"texture":"#0"},"north":{"uv":[7,12,8,13],"texture":"#0"},"south":{"uv":[7,12,8,13],"texture":"#0"}}}],"display":{"thirdperson_righthand":{"rotation":[0,-90,55],"translation":[0,4,0.5],"scale":[0.85,0.85,0.85]},"firstperson_righthand":{"rotation":[0,96,31],"translation":[0.2086,4.8695,1.13],"scale":[0.52,0.6452,0.55]}}}