{"textures":{"0":"goblin_beetle0","1":"goblin_beetle1","2":"goblin_beetle2","3":"goblin_beetle3","4":"goblin_beetle4"},"elements":[{"from":[5.5,4.75,8.5],"to":[7,5,9],"faces":{"up":{"uv":[5.5,8.5,7,9],"texture":"#0"},"north":{"uv":[7,8.5,5.5,9],"texture":"#0"},"south":{"uv":[5.5,9,7,8.5],"texture":"#0"},"west":{"uv":[5.5,8.5,6,9],"texture":"#0","rotation":270}}},{"from":[6,4.75,10],"to":[10.5,5,10.5],"faces":{"up":{"uv":[6,10,10.5,10.5],"texture":"#0"},"north":{"uv":[10.5,10,6,10.5],"texture":"#0"},"south":{"uv":[6,10.5,10.5,10],"texture":"#0"},"west":{"uv":[6,10,6.5,10.5],"texture":"#0","rotation":270},"east":{"uv":[10.5,10,10,10.5],"texture":"#0","rotation":90}}},{"from":[6.5,4.75,10.5],"to":[10,5,11],"faces":{"up":{"uv":[6.5,10.5,10,11],"texture":"#0"},"south":{"uv":[6.5,11,10,10.5],"texture":"#0"},"west":{"uv":[6.5,10.5,7,11],"texture":"#0","rotation":270},"east":{"uv":[10,10.5,9.5,11],"texture":"#0","rotation":90}}},{"from":[6.5,4.75,11.5],"to":[10,5,12],"faces":{"up":{"uv":[6.5,11.5,10,12],"texture":"#0"},"north":{"uv":[10,11.5,6.5,12],"texture":"#0"},"south":{"uv":[6.5,12,10,11.5],"texture":"#0"},"west":{"uv":[6.5,11.5,7,12],"texture":"#0","rotation":270},"east":{"uv":[10,11.5,9.5,12],"texture":"#0","rotation":90}}},{"from":[7,4.75,6],"to":[9.5,5,7],"faces":{"down":{"uv":[7,7,9.5,6],"texture":"#0"},"up":{"uv":[7,6,9.5,7],"texture":"#0"},"north":{"uv":[9.5,6,7,6.5],"texture":"#0"},"west":{"uv":[7,6,7.5,7],"texture":"#0","rotation":270},"east":{"uv":[9.5,6,9,7],"texture":"#0","rotation":90}}},{"from":[7,4.75,12],"to":[9.5,5,12.5],"faces":{"up":{"uv":[7,12,9.5,12.5],"texture":"#0"},"south":{"uv":[7,12.5,9.5,12],"texture":"#0"},"west":{"uv":[7,12,7.5,12.5],"texture":"#0","rotation":270},"east":{"uv":[9.5,12,9,12.5],"texture":"#0","rotation":90}}},{"from":[7.5,4.75,13],"to":[9,5,13.5],"faces":{"up":{"uv":[7.5,13,9,13.5],"texture":"#0"},"north":{"uv":[9,13,7.5,13.5],"texture":"#0"},"south":{"uv":[7.5,13.5,9,13],"texture":"#0"},"west":{"uv":[7.5,13,8,13.5],"texture":"#0","rotation":270},"east":{"uv":[9,13,8.5,13.5],"texture":"#0","rotation":90}}},{"from":[9.5,4.75,8.5],"to":[11,5,9],"faces":{"up":{"uv":[9.5,8.5,11,9],"texture":"#0"},"north":{"uv":[11,8.5,9.5,9],"texture":"#0"},"south":{"uv":[9.5,9,11,8.5],"texture":"#0"},"east":{"uv":[11,8.5,10.5,9],"texture":"#0","rotation":90}}},{"from":[5,2,7.5],"to":[5.5,4.75,9.5],"faces":{"down":{"uv":[5,9.5,5.5,7.5],"texture":"#0"},"up":{"uv":[5,7.5,5.5,9.5],"texture":"#0"},"north":{"uv":[5.5,7.5,5,8],"texture":"#0"},"south":{"uv":[5,9.5,5.5,9],"texture":"#0"},"west":{"uv":[5,7.5,5.5,9.5],"texture":"#0","rotation":270},"east":{"uv":[5.5,7.5,5,9.5],"texture":"#0","rotation":90}}},{"from":[5,2,10],"to":[11.5,4.75,11],"faces":{"down":{"uv":[5,11,11.5,10],"texture":"#0"},"up":{"uv":[5,10,11.5,11],"texture":"#0"},"north":{"uv":[11.5,10,5,10.5],"texture":"#0"},"south":{"uv":[5,11,11.5,10.5],"texture":"#0"},"west":{"uv":[5,10,5.5,11],"texture":"#0","rotation":270},"east":{"uv":[11.5,10,11,11],"texture":"#0","rotation":90}}},{"from":[5.5,2,6.5],"to":[11,4.75,7],"faces":{"down":{"uv":[5.5,7,11,6.5],"texture":"#0"},"up":{"uv":[5.5,6.5,11,7],"texture":"#0"},"north":{"uv":[11,6.5,5.5,7],"texture":"#0"},"south":{"uv":[5.5,7,11,6.5],"texture":"#0"},"west":{"uv":[5.5,6.5,6,7],"texture":"#0","rotation":270},"east":{"uv":[11,6.5,10.5,7],"texture":"#0","rotation":90}}},{"from":[5.5,2,11.5],"to":[11,4.75,12.5],"faces":{"down":{"uv":[5.5,12.5,11,11.5],"texture":"#0"},"up":{"uv":[5.5,11.5,11,12.5],"texture":"#0"},"north":{"uv":[11,11.5,5.5,12],"texture":"#0"},"south":{"uv":[5.5,12.5,11,12],"texture":"#0"},"west":{"uv":[5.5,11.5,6,12.5],"texture":"#0","rotation":270},"east":{"uv":[11,11.5,10.5,12.5],"texture":"#0","rotation":90}}},{"from":[6,2,6],"to":[10.5,4.75,6.5],"faces":{"down":{"uv":[6,6.5,10.5,6],"texture":"#0"},"up":{"uv":[6,6,10.5,6.5],"texture":"#0"},"north":{"uv":[10.5,6,6,6.5],"texture":"#0"},"west":{"uv":[6,6,6.5,6.5],"texture":"#0","rotation":270},"east":{"uv":[10.5,6,10,6.5],"texture":"#0","rotation":90}}},{"from":[6,2,9.5],"to":[10.5,4.75,10],"faces":{"down":{"uv":[6,10,10.5,9.5],"texture":"#0"},"up":{"uv":[6,9.5,10.5,10],"texture":"#0"},"north":{"uv":[10.5,9.5,6,10],"texture":"#0"},"west":{"uv":[6,9.5,6.5,10],"texture":"#0","rotation":270},"east":{"uv":[10.5,9.5,10,10],"texture":"#0","rotation":90}}},{"from":[6,2,13],"to":[10.5,4.75,13.5],"faces":{"down":{"uv":[6,13.5,10.5,13],"texture":"#0"},"up":{"uv":[6,13,10.5,13.5],"texture":"#0"},"north":{"uv":[10.5,13,6,13.5],"texture":"#0"},"south":{"uv":[6,13.5,10.5,13],"texture":"#0"},"west":{"uv":[6,13,6.5,13.5],"texture":"#0","rotation":270},"east":{"uv":[10.5,13,10,13.5],"texture":"#0","rotation":90}}},{"from":[6.5,2,11],"to":[10,4.75,11.5],"faces":{"down":{"uv":[6.5,11.5,10,11],"texture":"#0"},"up":{"uv":[6.5,11,10,11.5],"texture":"#0"},"west":{"uv":[6.5,11,7,11.5],"texture":"#0","rotation":270},"east":{"uv":[10,11,9.5,11.5],"texture":"#0","rotation":90}}},{"from":[7,2,5.5],"to":[9.5,4.75,6],"faces":{"down":{"uv":[7,6,9.5,5.5],"texture":"#0"},"up":{"uv":[7,5.5,9.5,6],"texture":"#0"},"north":{"uv":[9.5,5.5,7,6],"texture":"#0"},"west":{"uv":[7,5.5,7.5,6],"texture":"#0","rotation":270},"east":{"uv":[9.5,5.5,9,6],"texture":"#0","rotation":90}}},{"from":[7,2,7],"to":[9.5,4.75,7.5],"faces":{"down":{"uv":[7,7.5,9.5,7],"texture":"#0"},"south":{"uv":[7,7.5,9.5,7],"texture":"#0"},"west":{"uv":[7,7,7.5,7.5],"texture":"#0","rotation":270},"east":{"uv":[9.5,7,9,7.5],"texture":"#0","rotation":90}}},{"from":[7,2,12.5],"to":[9.5,4.75,13],"faces":{"down":{"uv":[7,13,9.5,12.5],"texture":"#0"},"up":{"uv":[7,12.5,9.5,13],"texture":"#0"},"west":{"uv":[7,12.5,7.5,13],"texture":"#0","rotation":270},"east":{"uv":[9.5,12.5,9,13],"texture":"#0","rotation":90}}},{"from":[7,2,14],"to":[9.5,4.75,14.5],"faces":{"down":{"uv":[7,14.5,9.5,14],"texture":"#0"},"up":{"uv":[7,14,9.5,14.5],"texture":"#0"},"north":{"uv":[9.5,14,7,14.5],"texture":"#0"},"south":{"uv":[7,14.5,9.5,14],"texture":"#0"},"west":{"uv":[7,14,7.5,14.5],"texture":"#0","rotation":270},"east":{"uv":[9.5,14,9,14.5],"texture":"#0","rotation":90}}},{"from":[7.5,2,13.5],"to":[9,4.75,14],"faces":{"down":{"uv":[7.5,14,9,13.5],"texture":"#0"},"up":{"uv":[7.5,13.5,9,14],"texture":"#0"},"west":{"uv":[7.5,13.5,8,14],"texture":"#0","rotation":270},"east":{"uv":[9,13.5,8.5,14],"texture":"#0","rotation":90}}},{"from":[9.5,2,8],"to":[11.5,4.75,8.5],"faces":{"down":{"uv":[9.5,8.5,11.5,8],"texture":"#0"},"up":{"uv":[9.5,8,11.5,8.5],"texture":"#0"},"north":{"uv":[11.5,8,9.5,8.5],"texture":"#0"},"west":{"uv":[9.5,8,10,8.5],"texture":"#0","rotation":270},"east":{"uv":[11.5,8,11,8.5],"texture":"#0","rotation":90}}},{"from":[11,2,7.5],"to":[11.5,4.75,8],"faces":{"down":{"uv":[11,8,11.5,7.5],"texture":"#0"},"up":{"uv":[11,7.5,11.5,8],"texture":"#0"},"north":{"uv":[11.5,7.5,11,8],"texture":"#0"},"west":{"uv":[11,7.5,11.5,8],"texture":"#0","rotation":270},"east":{"uv":[11.5,7.5,11,8],"texture":"#0","rotation":90}}},{"from":[4.5,2.25,7.5],"to":[12,4.5,10],"faces":{"down":{"uv":[4.5,10,12,7.5],"texture":"#0"},"up":{"uv":[4.5,7.5,12,10],"texture":"#0"},"north":{"uv":[12,7.5,4.5,8],"texture":"#0"},"south":{"uv":[4.5,10,12,9.5],"texture":"#0"},"west":{"uv":[4.5,7.5,5,10],"texture":"#0","rotation":270},"east":{"uv":[12,7.5,11.5,10],"texture":"#0","rotation":90}}},{"from":[5,2.25,6.5],"to":[11.5,4.5,7.5],"faces":{"down":{"uv":[5,7.5,11.5,6.5],"texture":"#0"},"up":{"uv":[5,6.5,11.5,7.5],"texture":"#0"},"north":{"uv":[11.5,6.5,5,7],"texture":"#0"},"west":{"uv":[5,6.5,5.5,7.5],"texture":"#0","rotation":270},"east":{"uv":[11.5,6.5,11,7.5],"texture":"#0","rotation":90}}},{"from":[5,2.25,10],"to":[11.5,4.5,12],"faces":{"down":{"uv":[5,12,11.5,10],"texture":"#0"},"up":{"uv":[5,10,11.5,12],"texture":"#0"},"south":{"uv":[5,12,11.5,11.5],"texture":"#0"},"west":{"uv":[5,10,5.5,12],"texture":"#0","rotation":270},"east":{"uv":[11.5,10,11,12],"texture":"#0","rotation":90}}},{"from":[5.5,2.25,6],"to":[11,4.5,6.5],"faces":{"down":{"uv":[5.5,6.5,11,6],"texture":"#0"},"up":{"uv":[5.5,6,11,6.5],"texture":"#0"},"north":{"uv":[11,6,5.5,6.5],"texture":"#0"},"west":{"uv":[5.5,6,6,6.5],"texture":"#0","rotation":270},"east":{"uv":[11,6,10.5,6.5],"texture":"#0","rotation":90}}},{"from":[5.5,2.25,12],"to":[11,4.5,13],"faces":{"down":{"uv":[5.5,13,11,12],"texture":"#0"},"up":{"uv":[5.5,12,11,13],"texture":"#0"},"south":{"uv":[5.5,13,11,12.5],"texture":"#0"},"west":{"uv":[5.5,12,6,13],"texture":"#0","rotation":270},"east":{"uv":[11,12,10.5,13],"texture":"#0","rotation":90}}},{"from":[6,2.25,5.5],"to":[10.5,4.5,6],"faces":{"down":{"uv":[6,6,10.5,5.5],"texture":"#0"},"up":{"uv":[6,5.5,10.5,6],"texture":"#0"},"north":{"uv":[10.5,5.5,6,6],"texture":"#0"},"west":{"uv":[6,5.5,6.5,6],"texture":"#0","rotation":270},"east":{"uv":[10.5,5.5,10,6],"texture":"#0","rotation":90}}},{"from":[6.5,2.25,13.5],"to":[10,4.5,14],"faces":{"down":{"uv":[6.5,14,10,13.5],"texture":"#0"},"up":{"uv":[6.5,13.5,10,14],"texture":"#0"},"south":{"uv":[6.5,14,10,13.5],"texture":"#0"},"west":{"uv":[6.5,13.5,7,14],"texture":"#0","rotation":270},"east":{"uv":[10,13.5,9.5,14],"texture":"#0","rotation":90}}},{"from":[7,2.25,5],"to":[9.5,4.5,5.5],"faces":{"down":{"uv":[7,5.5,9.5,5],"texture":"#0"},"up":{"uv":[7,5,9.5,5.5],"texture":"#0"},"north":{"uv":[9.5,5,7,5.5],"texture":"#0"},"west":{"uv":[7,5,7.5,5.5],"texture":"#0","rotation":270},"east":{"uv":[9.5,5,9,5.5],"texture":"#0","rotation":90}}},{"from":[4,2.5,7.5],"to":[12.5,4,10],"faces":{"down":{"uv":[4,10,12.5,7.5],"texture":"#0"},"up":{"uv":[4,7.5,12.5,10],"texture":"#0"},"north":{"uv":[12.5,7.5,4,8],"texture":"#0"},"south":{"uv":[4,10,12.5,9.5],"texture":"#0"},"west":{"uv":[4,7.5,4.5,10],"texture":"#0","rotation":270},"east":{"uv":[12.5,7.5,12,10],"texture":"#0","rotation":90}}},{"from":[4.5,2.5,6],"to":[12,4,7.5],"faces":{"down":{"uv":[4.5,7.5,12,6],"texture":"#0"},"up":{"uv":[4.5,6,12,7.5],"texture":"#0"},"north":{"uv":[12,6,4.5,6.5],"texture":"#0"},"west":{"uv":[4.5,6,5,7.5],"texture":"#0","rotation":270},"east":{"uv":[12,6,11.5,7.5],"texture":"#0","rotation":90}}},{"from":[4.5,2.5,10],"to":[12,4,12],"faces":{"down":{"uv":[4.5,12,12,10],"texture":"#0"},"up":{"uv":[4.5,10,12,12],"texture":"#0"},"south":{"uv":[4.5,12,12,11.5],"texture":"#0"},"west":{"uv":[4.5,10,5,12],"texture":"#0","rotation":270},"east":{"uv":[12,10,11.5,12],"texture":"#0","rotation":90}}},{"from":[5,2.5,5.5],"to":[11.5,4,6],"faces":{"down":{"uv":[5,6,11.5,5.5],"texture":"#0"},"up":{"uv":[5,5.5,11.5,6],"texture":"#0"},"north":{"uv":[11.5,5.5,5,6],"texture":"#0"},"west":{"uv":[5,5.5,5.5,6],"texture":"#0","rotation":270},"east":{"uv":[11.5,5.5,11,6],"texture":"#0","rotation":90}}},{"from":[5,2.5,12],"to":[11.5,4,13],"faces":{"down":{"uv":[5,13,11.5,12],"texture":"#0"},"up":{"uv":[5,12,11.5,13],"texture":"#0"},"south":{"uv":[5,13,11.5,12.5],"texture":"#0"},"west":{"uv":[5,12,5.5,13],"texture":"#0","rotation":270},"east":{"uv":[11.5,12,11,13],"texture":"#0","rotation":90}}},{"from":[5.5,2.5,13],"to":[11,4,13.5],"faces":{"down":{"uv":[5.5,13.5,11,13],"texture":"#0"},"up":{"uv":[5.5,13,11,13.5],"texture":"#0"},"south":{"uv":[5.5,13.5,11,13],"texture":"#0"},"west":{"uv":[5.5,13,6,13.5],"texture":"#0","rotation":270},"east":{"uv":[11,13,10.5,13.5],"texture":"#0","rotation":90}}},{"from":[6,2.75,3.5],"to":[10.5,3.75,4.5],"faces":{"down":{"uv":[6,4.5,10.5,3.5],"texture":"#0"},"up":{"uv":[6,3.5,10.5,4.5],"texture":"#0"},"north":{"uv":[10.5,3.5,6,4],"texture":"#0"},"south":{"uv":[6,4.5,10.5,4],"texture":"#0"},"west":{"uv":[6,3.5,6.5,4.5],"texture":"#0","rotation":270},"east":{"uv":[10.5,3.5,10,4.5],"texture":"#0","rotation":90}}},{"from":[6,2.5,5],"to":[10.5,4,5.5],"faces":{"down":{"uv":[6,5.5,10.5,5],"texture":"#0"},"up":{"uv":[6,5,10.5,5.5],"texture":"#0"},"north":{"uv":[10.5,5,6,5.5],"texture":"#0"},"west":{"uv":[6,5,6.5,5.5],"texture":"#0","rotation":270},"east":{"uv":[10.5,5,10,5.5],"texture":"#0","rotation":90}}},{"from":[6,2.5,13.5],"to":[10.5,4,14],"faces":{"down":{"uv":[6,14,10.5,13.5],"texture":"#0"},"up":{"uv":[6,13.5,10.5,14],"texture":"#0"},"south":{"uv":[6,14,10.5,13.5],"texture":"#0"},"west":{"uv":[6,13.5,6.5,14],"texture":"#0","rotation":270},"east":{"uv":[10.5,13.5,10,14],"texture":"#0","rotation":90}}},{"from":[6.5,2.75,3],"to":[10,3.75,3.5],"faces":{"down":{"uv":[6.5,3.5,10,3],"texture":"#0"},"up":{"uv":[6.5,3,10,3.5],"texture":"#0"},"north":{"uv":[10,3,6.5,3.5],"texture":"#0"},"west":{"uv":[6.5,3,7,3.5],"texture":"#0","rotation":270},"east":{"uv":[10,3,9.5,3.5],"texture":"#0","rotation":90}}},{"from":[6.5,2.5,14],"to":[10,4,14.5],"faces":{"down":{"uv":[6.5,14.5,10,14],"texture":"#0"},"up":{"uv":[6.5,14,10,14.5],"texture":"#0"},"south":{"uv":[6.5,14.5,10,14],"texture":"#0"},"west":{"uv":[6.5,14,7,14.5],"texture":"#0","rotation":270},"east":{"uv":[10,14,9.5,14.5],"texture":"#0","rotation":90}}},{"from":[7,2.5,4.5],"to":[9.5,4,5],"faces":{"down":{"uv":[7,5,9.5,4.5],"texture":"#0"},"up":{"uv":[7,4.5,9.5,5],"texture":"#0"},"north":{"uv":[9.5,4.5,7,5],"texture":"#0"},"west":{"uv":[7,4.5,7.5,5],"texture":"#0","rotation":270},"east":{"uv":[9.5,4.5,9,5],"texture":"#0","rotation":90}}},{"from":[7,2.5,14.5],"to":[9.5,4,15],"faces":{"down":{"uv":[7,15,9.5,14.5],"texture":"#0"},"up":{"uv":[7,14.5,9.5,15],"texture":"#0"},"south":{"uv":[7,15,9.5,14.5],"texture":"#0"},"west":{"uv":[7,14.5,7.5,15],"texture":"#0","rotation":270},"east":{"uv":[9.5,14.5,9,15],"texture":"#0","rotation":90}}},{"from":[7.5,2.75,2.5],"to":[9,3.75,3],"faces":{"down":{"uv":[7.5,3,9,2.5],"texture":"#0"},"up":{"uv":[7.5,2.5,9,3],"texture":"#0"},"west":{"uv":[7.5,2.5,8,3],"texture":"#0","rotation":270},"east":{"uv":[9,2.5,8.5,3],"texture":"#0","rotation":90}}},{"from":[4,3,7],"to":[12.5,3.5,10.5],"faces":{"down":{"uv":[4,10.5,12.5,7],"texture":"#0"},"up":{"uv":[4,7,12.5,10.5],"texture":"#0"},"north":{"uv":[12.5,7,4,7.5],"texture":"#0"},"south":{"uv":[4,10.5,12.5,10],"texture":"#0"},"west":{"uv":[4,7,4.5,10.5],"texture":"#0","rotation":270},"east":{"uv":[12.5,7,12,10.5],"texture":"#0","rotation":90}}},{"from":[4.5,3,5.5],"to":[12,3.5,7],"faces":{"down":{"uv":[4.5,7,12,5.5],"texture":"#0"},"up":{"uv":[4.5,5.5,12,7],"texture":"#0"},"north":{"uv":[12,5.5,4.5,6],"texture":"#0"},"west":{"uv":[4.5,5.5,5,7],"texture":"#0","rotation":270},"east":{"uv":[12,5.5,11.5,7],"texture":"#0","rotation":90}}},{"from":[4.5,3,10.5],"to":[12,3.5,12.5],"faces":{"down":{"uv":[4.5,12.5,12,10.5],"texture":"#0"},"up":{"uv":[4.5,10.5,12,12.5],"texture":"#0"},"south":{"uv":[4.5,12.5,12,12],"texture":"#0"},"west":{"uv":[4.5,10.5,5,12.5],"texture":"#0","rotation":270},"east":{"uv":[12,10.5,11.5,12.5],"texture":"#0","rotation":90}}},{"from":[5,3,12.5],"to":[11.5,3.5,13.5],"faces":{"down":{"uv":[5,13.5,11.5,12.5],"texture":"#0"},"up":{"uv":[5,12.5,11.5,13.5],"texture":"#0"},"south":{"uv":[5,13.5,11.5,13],"texture":"#0"},"west":{"uv":[5,12.5,5.5,13.5],"texture":"#0","rotation":270},"east":{"uv":[11.5,12.5,11,13.5],"texture":"#0","rotation":90}}},{"from":[5.5,3,3.5],"to":[11,3.5,4.5],"faces":{"down":{"uv":[5.5,4.5,11,3.5],"texture":"#0"},"up":{"uv":[5.5,3.5,11,4.5],"texture":"#0"},"north":{"uv":[11,3.5,5.5,4],"texture":"#0"},"south":{"uv":[5.5,4.5,11,4],"texture":"#0"},"west":{"uv":[5.5,3.5,6,4.5],"texture":"#0","rotation":270},"east":{"uv":[11,3.5,10.5,4.5],"texture":"#0","rotation":90}}},{"from":[5.5,3,5],"to":[11,3.5,5.5],"faces":{"down":{"uv":[5.5,5.5,11,5],"texture":"#0"},"up":{"uv":[5.5,5,11,5.5],"texture":"#0"},"north":{"uv":[11,5,5.5,5.5],"texture":"#0"},"west":{"uv":[5.5,5,6,5.5],"texture":"#0","rotation":270},"east":{"uv":[11,5,10.5,5.5],"texture":"#0","rotation":90}}},{"from":[5.5,3,13.5],"to":[11,3.5,14],"faces":{"down":{"uv":[5.5,14,11,13.5],"texture":"#0"},"up":{"uv":[5.5,13.5,11,14],"texture":"#0"},"south":{"uv":[5.5,14,11,13.5],"texture":"#0"},"west":{"uv":[5.5,13.5,6,14],"texture":"#0","rotation":270},"east":{"uv":[11,13.5,10.5,14],"texture":"#0","rotation":90}}},{"from":[6,3,3],"to":[10.5,3.5,3.5],"faces":{"down":{"uv":[6,3.5,10.5,3],"texture":"#0"},"up":{"uv":[6,3,10.5,3.5],"texture":"#0"},"north":{"uv":[10.5,3,6,3.5],"texture":"#0"},"west":{"uv":[6,3,6.5,3.5],"texture":"#0","rotation":270},"east":{"uv":[10.5,3,10,3.5],"texture":"#0","rotation":90}}},{"from":[6,3,14],"to":[10.5,3.5,14.5],"faces":{"down":{"uv":[6,14.5,10.5,14],"texture":"#0"},"up":{"uv":[6,14,10.5,14.5],"texture":"#0"},"south":{"uv":[6,14.5,10.5,14],"texture":"#0"},"west":{"uv":[6,14,6.5,14.5],"texture":"#0","rotation":270},"east":{"uv":[10.5,14,10,14.5],"texture":"#0","rotation":90}}},{"from":[6.5,2.5,1],"to":[10,4,2.5],"faces":{"down":{"uv":[12.5,2.5,16,1],"texture":"#0"},"up":{"uv":[6.5,1,10,2.5],"texture":"#0"},"north":{"uv":[16,4,12.5,5.5],"texture":"#0"},"south":{"uv":[6.5,2.5,10,2],"texture":"#0"},"west":{"uv":[14.5,2.5,16,4],"texture":"#0"},"east":{"uv":[14.5,2.5,16,4],"texture":"#0","rotation":90}}},{"from":[6.5,3,4.5],"to":[10,3.5,5],"faces":{"down":{"uv":[6.5,5,10,4.5],"texture":"#0"},"up":{"uv":[6.5,4.5,10,5],"texture":"#0"},"west":{"uv":[6.5,4.5,7,5],"texture":"#0","rotation":270},"east":{"uv":[10,4.5,9.5,5],"texture":"#0","rotation":90}}},{"from":[6.5,3,14.5],"to":[10,3.5,15],"faces":{"down":{"uv":[6.5,15,10,14.5],"texture":"#0"},"up":{"uv":[6.5,14.5,10,15],"texture":"#0"},"south":{"uv":[6.5,15,10,14.5],"texture":"#0"},"west":{"uv":[6.5,14.5,7,15],"texture":"#0","rotation":270},"east":{"uv":[10,14.5,9.5,15],"texture":"#0","rotation":90}}},{"from":[7,3,2.5],"to":[9.5,3.5,3],"faces":{"down":{"uv":[7,3,9.5,2.5],"texture":"#0"},"up":{"uv":[7,2.5,9.5,3],"texture":"#0"},"west":{"uv":[7,2.5,7.5,3],"texture":"#0","rotation":270},"east":{"uv":[9.5,2.5,9,3],"texture":"#0","rotation":90}}},{"from":[7.5,2.5,0],"to":[8,3.5,0.5],"faces":{"down":{"uv":[7.5,0,8,0.5],"texture":"#0"},"up":{"uv":[7.5,0,8,0.5],"texture":"#0"},"north":{"uv":[7.5,0,8,0.5],"texture":"#0"},"south":{"uv":[7.5,0,8,0.5],"texture":"#0"},"west":{"uv":[7.5,0,8,0.5],"texture":"#0"},"east":{"uv":[7.5,0,8,0.5],"texture":"#0"}}},{"from":[7.5,3,15],"to":[9,3.5,15.5],"faces":{"down":{"uv":[7.5,15.5,9,15],"texture":"#0"},"up":{"uv":[7.5,15,9,15.5],"texture":"#0"},"south":{"uv":[7.5,15.5,9,15],"texture":"#0"},"west":{"uv":[7.5,15,8,15.5],"texture":"#0","rotation":270},"east":{"uv":[9,15,8.5,15.5],"texture":"#0","rotation":90}}},{"from":[7.25,2.75,0.5],"to":[9.25,3.75,1],"faces":{"down":{"uv":[8,1,9,0.5],"texture":"#0"},"up":{"uv":[8,0.5,9,1],"texture":"#0"},"north":{"uv":[9,0.5,8,1],"texture":"#0"},"west":{"uv":[8,0.5,8.5,1],"texture":"#0","rotation":270},"east":{"uv":[9,0.5,8.5,1],"texture":"#0","rotation":90}}},{"from":[8.5,2.5,0],"to":[9,3.5,0.5],"faces":{"down":{"uv":[8.5,0.5,9,0],"texture":"#0"},"up":{"uv":[8.5,0,9,0.5],"texture":"#0"},"north":{"uv":[9,0,8.5,0.5],"texture":"#0"},"south":{"uv":[8.5,0.5,9,0],"texture":"#0"},"west":{"uv":[8.5,0,9,0.5],"texture":"#0","rotation":270},"east":{"uv":[9,0,8.5,0.5],"texture":"#0","rotation":90}}},{"from":[6.25,3,1],"to":[7,4,2],"faces":{"down":{"uv":[16,0.5,15,1],"texture":"#0","rotation":90},"up":{"uv":[15,0,16,0.5],"texture":"#0","rotation":90},"north":{"uv":[14.5,2.5,15,3.5],"texture":"#0"},"south":{"uv":[15,2.5,15.5,3.5],"texture":"#0"},"west":{"uv":[14.5,2.5,15.5,3.5],"texture":"#0"}}},{"from":[9.5,3,1],"to":[10.25,4,2],"faces":{"down":{"uv":[16,0.5,15,1],"texture":"#0","rotation":90},"up":{"uv":[15,0,16,0.5],"texture":"#0","rotation":90},"north":{"uv":[14.5,2.5,15,3.5],"texture":"#0"},"south":{"uv":[15,2.5,15.5,3.5],"texture":"#0"},"east":{"uv":[15.5,2.5,14.5,3.5],"texture":"#0"}}},{"from":[7,4,1.25],"to":[9.5,4.25,2.25],"faces":{"up":{"uv":[7,1.25,9.5,2.25],"texture":"#0"},"north":{"uv":[7,1.25,9.5,1.5],"texture":"#0"},"south":{"uv":[7,2.25,9.5,2.5],"texture":"#0"},"west":{"uv":[9,2.25,9.5,1.25],"texture":"#0","rotation":90},"east":{"uv":[7,1.25,7.5,2.25],"texture":"#0","rotation":90}}},{"from":[6.5,3.75,3.5],"to":[10,4,4.5],"faces":{"up":{"uv":[6.5,3.5,10,4.5],"texture":"#0"},"north":{"uv":[6.5,3.5,10,3.75],"texture":"#0"},"south":{"uv":[6.5,4.25,10,4.5],"texture":"#0"},"west":{"uv":[6.75,4.5,7,3.5],"texture":"#0","rotation":90},"east":{"uv":[6.75,3.5,7,4.5],"texture":"#0","rotation":90}}},{"from":[7.5,3.75,3],"to":[9,4,3.5],"faces":{"up":{"uv":[7.5,3,9,3.5],"texture":"#0"},"north":{"uv":[7.5,3,9,3.25],"texture":"#0"},"west":{"uv":[7.5,3.25,8,3.5],"texture":"#0"},"east":{"uv":[8.5,3.25,9,3.5],"texture":"#0"}}},{"from":[7,2.25,1.25],"to":[9.5,2.5,2.25],"faces":{"down":{"uv":[9.5,2.25,7,1.25],"texture":"#0"},"north":{"uv":[7,1.25,9.5,1.5],"texture":"#0"},"south":{"uv":[7,2.25,9.5,2.5],"texture":"#0"},"west":{"uv":[9,2.25,9.5,1.25],"texture":"#0","rotation":90},"east":{"uv":[7,1.25,7.5,2.25],"texture":"#0","rotation":90}}},{"from":[7.25,2.25,0.75],"to":[7.75,2.5,1.25],"faces":{"down":{"uv":[7.5,0,8,0.5],"texture":"#0"},"up":{"uv":[7.5,0,8,0.5],"texture":"#0"},"north":{"uv":[7.5,0,8,0.5],"texture":"#0"},"west":{"uv":[7.5,0,8,0.5],"texture":"#0"},"east":{"uv":[7.5,0,8,0.5],"texture":"#0"}}},{"from":[8.75,2.25,0.75],"to":[9.25,2.5,1.25],"faces":{"down":{"uv":[7.5,0,8,0.5],"texture":"#0"},"up":{"uv":[7.5,0,8,0.5],"texture":"#0"},"north":{"uv":[7.5,0,8,0.5],"texture":"#0"},"west":{"uv":[7.5,0,8,0.5],"texture":"#0"},"east":{"uv":[7.5,0,8,0.5],"texture":"#0"}}},{"from":[14,2.5,6.75],"to":[15,6.5,7.75],"rotation":{"origin":[14,6.5,6.75],"axis":"z","angle":-45},"faces":{"down":{"uv":[0.5,0,1.5,0.5],"texture":"#0"},"up":{"uv":[0.5,0,1.5,0.5],"texture":"#0"},"north":{"uv":[0,0,1,4],"texture":"#0"},"south":{"uv":[2,0,3,4],"texture":"#0"},"west":{"uv":[1,0,2,4],"texture":"#0"},"east":{"uv":[3,0,4,4],"texture":"#0"}}},{"from":[13.75,2.25,9.5],"to":[14.75,6.25,10.5],"rotation":{"origin":[13.75,6.25,9.5],"axis":"z","angle":-45},"faces":{"down":{"uv":[0.5,0,1.5,0.5],"texture":"#0"},"up":{"uv":[0.5,0,1.5,0.5],"texture":"#0"},"north":{"uv":[3,0,4,4],"texture":"#0"},"south":{"uv":[1,0,2,4],"texture":"#0"},"west":{"uv":[0,0,1,4],"texture":"#0"},"east":{"uv":[2,0,3,4],"texture":"#0"}}},{"from":[13.75,-0.5,6.75],"to":[14.25,6.25,7.25],"rotation":{"origin":[13.75,6.25,6.75],"axis":"x","angle":22.5},"faces":{"down":{"uv":[0,4.5,0.5,5],"texture":"#0"},"up":{"uv":[0,4.5,0.5,5],"texture":"#0"},"north":{"uv":[0,4.5,0.5,8.5],"texture":"#0"},"south":{"uv":[0,4.5,0.5,8.5],"texture":"#0"},"west":{"uv":[0,4.5,0.5,8.5],"texture":"#0"},"east":{"uv":[0,4.5,0.5,8.5],"texture":"#0"}}},{"from":[14,-0.75,9.75],"to":[14.5,6,10.25],"rotation":{"origin":[14,6,9.75],"axis":"z","angle":22.5},"faces":{"down":{"uv":[0,4.5,0.5,5],"texture":"#0"},"up":{"uv":[0,4.5,0.5,5],"texture":"#0"},"north":{"uv":[0,4.5,0.5,8.5],"texture":"#0"},"south":{"uv":[0,4.5,0.5,8.5],"texture":"#0"},"west":{"uv":[0,4.5,0.5,8.5],"texture":"#0"},"east":{"uv":[0,4.5,0.5,8.5],"texture":"#0"}}},{"from":[2,2,6.75],"to":[3,6,7.75],"rotation":{"origin":[2,6,6.75],"axis":"z","angle":45},"faces":{"down":{"uv":[0.5,0,1.5,0.5],"texture":"#0"},"up":{"uv":[0.5,0,1.5,0.5],"texture":"#0"},"north":{"uv":[0,0,1,4],"texture":"#0"},"south":{"uv":[2,0,3,4],"texture":"#0"},"west":{"uv":[1,0,2,4],"texture":"#0"},"east":{"uv":[3,0,4,4],"texture":"#0"}}},{"from":[2.25,1.5,9.5],"to":[3.25,5.5,10.5],"rotation":{"origin":[2.25,5.5,9.5],"axis":"z","angle":45},"faces":{"down":{"uv":[0.5,0,1.5,0.5],"texture":"#0"},"up":{"uv":[0.5,0,1.5,0.5],"texture":"#0"},"north":{"uv":[3,0,4,4],"texture":"#0"},"south":{"uv":[1,0,2,4],"texture":"#0"},"west":{"uv":[0,0,1,4],"texture":"#0"},"east":{"uv":[2,0,3,4],"texture":"#0"}}},{"from":[2.25,-0.5,6.75],"to":[2.75,6.25,7.25],"rotation":{"origin":[2.25,6.25,6.75],"axis":"x","angle":22.5},"faces":{"down":{"uv":[0,4.5,0.5,5],"texture":"#0"},"up":{"uv":[0,4.5,0.5,5],"texture":"#0"},"north":{"uv":[0,4.5,0.5,8.5],"texture":"#0"},"south":{"uv":[0,4.5,0.5,8.5],"texture":"#0"},"west":{"uv":[0,4.5,0.5,8.5],"texture":"#0"},"east":{"uv":[0,4.5,0.5,8.5],"texture":"#0"}}},{"from":[2.5,-0.5,9.75],"to":[3,6.25,10.25],"rotation":{"origin":[2.5,6.25,9.75],"axis":"z","angle":-22.5},"faces":{"down":{"uv":[0,4.5,0.5,5],"texture":"#0"},"up":{"uv":[0,4.5,0.5,5],"texture":"#0"},"north":{"uv":[0,4.5,0.5,8.5],"texture":"#0"},"south":{"uv":[0,4.5,0.5,8.5],"texture":"#0"},"west":{"uv":[0,4.5,0.5,8.5],"texture":"#0"},"east":{"uv":[0,4.5,0.5,8.5],"texture":"#0"}}},{"from":[5.25,2.4375,14],"to":[6.25,6.4375,15],"rotation":{"origin":[5.25,6.4375,14],"axis":"x","angle":45},"faces":{"up":{"uv":[0.5,0,1.5,0.5],"texture":"#0"},"north":{"uv":[3,0,4,4],"texture":"#0"},"south":{"uv":[1,0,2,4],"texture":"#0"},"west":{"uv":[0,0,1,4],"texture":"#0"},"east":{"uv":[2,0,3,4],"texture":"#0"}}},{"from":[10.25,2.25,14],"to":[11.25,6.25,15],"rotation":{"origin":[10.25,6.25,14],"axis":"x","angle":45},"faces":{"up":{"uv":[0.5,0,1.5,0.5],"texture":"#0"},"north":{"uv":[3,0,4,4],"texture":"#0"},"south":{"uv":[1,0,2,4],"texture":"#0"},"west":{"uv":[0,0,1,4],"texture":"#0"},"east":{"uv":[2,0,3,4],"texture":"#0"}}},{"from":[5.4375,-0.625,13.75],"to":[5.9375,6.125,14.25],"rotation":{"origin":[5.4375,6.125,13.75],"axis":"z","angle":-22.5},"faces":{"down":{"uv":[0,4.5,0.5,5],"texture":"#0"},"up":{"uv":[0,4.5,0.5,5],"texture":"#0"},"north":{"uv":[0,4.5,0.5,8.5],"texture":"#0"},"south":{"uv":[0,4.5,0.5,8.5],"texture":"#0"},"west":{"uv":[0,4.5,0.5,8.5],"texture":"#0"},"east":{"uv":[0,4.5,0.5,8.5],"texture":"#0"}}},{"from":[10.625,-1,13.75],"to":[11.125,5.75,14.25],"rotation":{"origin":[10.625,5.75,13.75],"axis":"z","angle":22.5},"faces":{"down":{"uv":[0,4.5,0.5,5],"texture":"#0"},"up":{"uv":[0,4.5,0.5,5],"texture":"#0"},"north":{"uv":[0,4.5,0.5,8.5],"texture":"#0"},"south":{"uv":[0,4.5,0.5,8.5],"texture":"#0"},"west":{"uv":[0,4.5,0.5,8.5],"texture":"#0"},"east":{"uv":[0,4.5,0.5,8.5],"texture":"#0"}}},{"from":[2.75,3.75,8.5],"to":[2.8125,15.25,12],"rotation":{"origin":[2.75,15.25,8.5],"axis":"z","angle":22.5},"faces":{"west":{"uv":[6.5,1,10,12.5],"texture":"#1"},"east":{"uv":[10,1,6.5,12.5],"texture":"#1"}}},{"from":[14.25,3.75,8.5],"to":[14.3125,15.25,12],"rotation":{"origin":[14.25,15.25,8.5],"axis":"z","angle":-22.5},"faces":{"west":{"uv":[6.5,1,10,12.5],"texture":"#1"},"east":{"uv":[10,1,6.5,12.5],"texture":"#1"}}},{"from":[-1.5,1.5,8.5],"to":[-1.4375,13,12],"rotation":{"origin":[-1.5,13,8.5],"axis":"z","angle":45},"faces":{"west":{"uv":[6.5,1,10,12.5],"texture":"#2"},"east":{"uv":[10,1,6.5,12.5],"texture":"#2"}}},{"from":[9.5,4.4375,8.5],"to":[21,4.5,12],"rotation":{"origin":[9.5,4.5,8.5],"axis":"z","angle":22.5},"faces":{"down":{"uv":[10,1.5,6.5,13],"texture":"#3","rotation":90},"up":{"uv":[6.5,1.5,10,13],"texture":"#3","rotation":90}}},{"from":[18.5,1.5,8.5],"to":[18.5625,13,12],"rotation":{"origin":[18.5,13,8.5],"axis":"z","angle":-45},"faces":{"west":{"uv":[6.5,1,10,12.5],"texture":"#2"},"east":{"uv":[10,1,6.5,12.5],"texture":"#2"}}},{"from":[-4,8.9375,8.5],"to":[7.5,9,12],"rotation":{"origin":[-4,9,8.5],"axis":"z","angle":-22.5},"faces":{"down":{"uv":[10,13,6.5,1.5],"texture":"#3","rotation":90},"up":{"uv":[6.5,13,10,1.5],"texture":"#3","rotation":90}}},{"from":[6.75,12.125,7],"to":[9.75,15.125,10.5],"faces":{"up":{"uv":[7.5,0.5,10.5,4],"texture":"#4"},"north":{"uv":[3.5,0.5,6.5,3.5],"texture":"#4"},"south":{"uv":[7.5,0.5,10.5,3.5],"texture":"#4"},"west":{"uv":[7.5,1,11,4],"texture":"#4"},"east":{"uv":[7.5,1,11,4],"texture":"#4"}}},{"from":[6.25,12.125,7.25],"to":[10.25,14.625,10.25],"faces":{"down":{"uv":[7.5,1,11,4],"texture":"#4"},"up":{"uv":[7.5,1,11,4],"texture":"#4"},"north":{"uv":[3,1,7,3.5],"texture":"#4"},"south":{"uv":[7,1,11,3.5],"texture":"#4"},"west":{"uv":[7.5,1,10.5,3.5],"texture":"#4"},"east":{"uv":[8,1.5,11,4],"texture":"#4"}}},{"from":[6.5,11.125,6.625],"to":[10,12.125,10.625],"faces":{"down":{"uv":[3.5,3.5,7,4.5],"texture":"#4"},"up":{"uv":[3.5,3.5,7,4.5],"texture":"#4"},"north":{"uv":[3.5,3.5,7,4.5],"texture":"#4"},"south":{"uv":[7.5,3.5,11,4.5],"texture":"#4"},"west":{"uv":[7.5,3.5,11,4.5],"texture":"#4"},"east":{"uv":[7.5,3.5,11,4.5],"texture":"#4"}}},{"from":[7.5,15.125,7.5],"to":[9,15.625,10],"faces":{"up":{"uv":[7.5,0.5,9,3],"texture":"#4"},"north":{"uv":[4,0,5.5,0.5],"texture":"#4"},"south":{"uv":[8,0,9.5,0.5],"texture":"#4"},"west":{"uv":[8,0,10,0.5],"texture":"#4"},"east":{"uv":[8,0,10,0.5],"texture":"#4"}}},{"from":[6,6.625,7.25],"to":[10.5,10.625,10.25],"faces":{"down":{"uv":[6,11.5,10.5,14.5],"texture":"#4"},"up":{"uv":[7.5,1,11,3.5],"texture":"#4"},"north":{"uv":[0,4.5,4.5,8.5],"texture":"#4"},"south":{"uv":[7.5,1.5,11,4.5],"texture":"#4"},"west":{"uv":[7.5,0.5,10.5,4.5],"texture":"#4"},"east":{"uv":[7.5,0.5,10.5,4.5],"texture":"#4"}}},{"from":[7.75,10.625,8.25],"to":[8.75,11.125,9.25],"faces":{"north":{"uv":[7.25,4.875,8.25,5.375],"texture":"#4"},"south":{"uv":[7.75,4.875,8.75,5.375],"texture":"#4"},"west":{"uv":[8.25,4.875,9.25,5.375],"texture":"#4"},"east":{"uv":[6.75,4.875,7.75,5.375],"texture":"#4"}}},{"from":[6.25,8.625,7],"to":[10.25,10.125,7.5],"faces":{"down":{"uv":[4.5,4.5,8.5,5],"texture":"#4"},"up":{"uv":[4.5,5.5,8.5,6],"texture":"#4"},"north":{"uv":[4.5,4.5,8.5,6],"texture":"#4"},"west":{"uv":[4.5,4.5,5,6],"texture":"#4"},"east":{"uv":[8,4.5,8.5,6],"texture":"#4"}}},{"from":[5.75,4.625,6.75],"to":[10.75,6.625,9.75],"faces":{"up":{"uv":[6,6,11,8],"texture":"#4"},"north":{"uv":[6,6,11,8],"texture":"#4"},"south":{"uv":[6,6,11,8],"texture":"#4"},"west":{"uv":[6,6,9,8],"texture":"#4"},"east":{"uv":[8,6,11,8],"texture":"#4"}}},{"from":[6,4.75,4.25],"to":[7.5,5.75,7.75],"rotation":{"origin":[7.5,4.75,7.75],"axis":"y","angle":22.5},"faces":{"down":{"uv":[9.5,1,11,4.5],"texture":"#4"},"up":{"uv":[8,1,9.5,4.5],"texture":"#4"},"north":{"uv":[8,2.5,9.5,3.5],"texture":"#4"},"west":{"uv":[7.5,2.5,11,3.5],"texture":"#4"},"east":{"uv":[7.5,1,11,2],"texture":"#4"}}},{"from":[8.875,4.75,4.875],"to":[10.375,5.75,8.375],"rotation":{"origin":[10.375,4.75,8.375],"axis":"y","angle":-22.5},"faces":{"down":{"uv":[9.5,1,11,4.5],"texture":"#4"},"up":{"uv":[8,1,9.5,4.5],"texture":"#4"},"north":{"uv":[8,2.5,9.5,3.5],"texture":"#4"},"west":{"uv":[7.5,2.5,11,3.5],"texture":"#4"},"east":{"uv":[7.5,1,11,2],"texture":"#4"}}},{"from":[5,6.625,7.75],"to":[6,10.125,9.25],"faces":{"down":{"uv":[10.5,6.75,11.5,8.25],"texture":"#4"},"north":{"uv":[10,1,11,4.5],"texture":"#4"},"south":{"uv":[10,1,11,4.5],"texture":"#4"},"west":{"uv":[10,1,11,4.5],"texture":"#4"}}},{"from":[10.5,6.625,7.75],"to":[11.5,10.125,9.25],"faces":{"down":{"uv":[10.5,6.75,11.5,8.25],"texture":"#4"},"north":{"uv":[10,1,11,4.5],"texture":"#4"},"south":{"uv":[10,1,11,4.5],"texture":"#4"},"east":{"uv":[9.5,1,11,4.5],"texture":"#4"}}},{"from":[10.25,9,7.5],"to":[11.75,10.5,9.5],"faces":{"down":{"uv":[4.5,6,6,7.5],"texture":"#4"},"up":{"uv":[4.5,6,6,7.5],"texture":"#4"},"north":{"uv":[4.5,6,6,7.5],"texture":"#4"},"south":{"uv":[4.5,6,6,7.5],"texture":"#4"},"east":{"uv":[4.5,6,6,7.5],"texture":"#4"}}},{"from":[4.75,9,7.5],"to":[6.25,10.5,9.5],"faces":{"down":{"uv":[4.5,6,6,7.5],"texture":"#4"},"up":{"uv":[4.5,6,6,7.5],"texture":"#4"},"north":{"uv":[4.5,6,6,7.5],"texture":"#4"},"south":{"uv":[4.5,6,6,7.5],"texture":"#4"},"west":{"uv":[4.5,6,6,7.5],"texture":"#4"}}},{"from":[5,12.5,9],"to":[6.5,14.5,9.001],"faces":{"north":{"uv":[1.5,0,0,2],"texture":"#4"},"south":{"uv":[1.5,0,3,2],"texture":"#4"}}},{"from":[10,12.5,9],"to":[11.5,14.5,9.001],"faces":{"north":{"uv":[0,0,1.5,2],"texture":"#4"},"south":{"uv":[3,0,1.5,2],"texture":"#4"}}}],"display":{"thirdperson_righthand":{"rotation":[10,-45,-45],"translation":[0,1.5,-2.75],"scale":[0.37,0.37,0.37]},"thirdperson_lefthand":{"rotation":[10,-45,-45],"translation":[0,1.5,-2.75],"scale":[0.37,0.37,0.37]},"firstperson_righthand":{"rotation":[0,113,18],"translation":[0,3.59,0],"scale":[0.35,0.35,0.35]},"firstperson_lefthand":{"rotation":[0,113,18],"translation":[0,3.59,0],"scale":[0.35,0.35,0.35]},"gui":{"rotation":[13,149,0],"scale":[0.7,0.7,0.7]},"head":{"translation":[0,-12.09,0],"scale":[4,4,4]},"ground":{"translation":[0,5.1,0],"scale":[0.5,0.5,0.5]},"fixed":{"rotation":[-90,180,0],"translation":[0,0.76,-7.18]}}}