{"textures":{"0":"legendary_hammer0","1":"legendary_hammer1"},"elements":[{"from":[8.25,-8.75,7.5],"to":[8.5,-8,9.75],"faces":{"down":{"uv":[4.5,11.5,5,13],"texture":"#0"},"up":{"uv":[4.5,11.5,5,13],"texture":"#0"},"north":{"uv":[4.5,11.5,5,13],"texture":"#0"},"south":{"uv":[4.5,11.5,5,13],"texture":"#0"},"east":{"uv":[4.5,11.5,5,13],"texture":"#0"}}},{"from":[8.75,-9,8],"to":[9,-7.5,9.25],"faces":{"down":{"uv":[5.5,10.5,6,13.5],"texture":"#0"},"up":{"uv":[5.5,10.5,6,13.5],"texture":"#0"},"north":{"uv":[5.5,10.5,6,13.5],"texture":"#0"},"south":{"uv":[5.5,10.5,6,13.5],"texture":"#0"},"east":{"uv":[5.5,10.5,6,13.5],"texture":"#0"}}},{"from":[9,-8.75,8.25],"to":[9.25,-8,9],"faces":{"down":{"uv":[6,11.5,6.5,13],"texture":"#0"},"up":{"uv":[6,11.5,6.5,13],"texture":"#0"},"north":{"uv":[6,11.5,6.5,13],"texture":"#0"},"south":{"uv":[6,11.5,6.5,13],"texture":"#0"},"east":{"uv":[2.5,14,4,15],"texture":"#0"}}},{"from":[7.5,-9,7.5],"to":[7.75,-7.75,9.75],"faces":{"down":{"uv":[3,11,3.5,13.5],"texture":"#0"},"up":{"uv":[3,11,3.5,13.5],"texture":"#0"},"north":{"uv":[3,11,3.5,13.5],"texture":"#0"},"south":{"uv":[3,11,3.5,13.5],"texture":"#0"},"west":{"uv":[3,11,3.5,13.5],"texture":"#0"}}},{"from":[8,-9,7.5],"to":[8.25,-7.75,9.75],"faces":{"down":{"uv":[4,11,4.5,13.5],"texture":"#0"},"up":{"uv":[4,11,4.5,13.5],"texture":"#0"},"north":{"uv":[4,11,4.5,13.5],"texture":"#0"},"south":{"uv":[4,11,4.5,13.5],"texture":"#0"},"east":{"uv":[4,11,4.5,13.5],"texture":"#0"}}},{"from":[7.5,-10,8.25],"to":[8.25,-9.75,9],"faces":{"down":{"uv":[3,15,4.5,15.5],"texture":"#0"},"north":{"uv":[3,15,4.5,15.5],"texture":"#0"},"south":{"uv":[3,15,4.5,15.5],"texture":"#0"},"west":{"uv":[3,15,4.5,15.5],"texture":"#0"},"east":{"uv":[3,15,4.5,15.5],"texture":"#0"}}},{"from":[8.75,-9.25,8.25],"to":[9,-9,9],"faces":{"north":{"uv":[6,14,6.5,14.5],"texture":"#0"},"south":{"uv":[6,14,6.5,14.5],"texture":"#0"},"east":{"uv":[5.5,14.5,7,15],"texture":"#0"}}},{"from":[8.75,-9.75,8.25],"to":[9,-9.5,9],"faces":{"down":{"uv":[5.5,14.5,6,15],"texture":"#0"},"north":{"uv":[5.5,14.5,6,15],"texture":"#0"},"south":{"uv":[5.5,14.5,6,15],"texture":"#0"},"west":{"uv":[5.5,14.5,6,15],"texture":"#0"}}},{"from":[9.25,-10.25,8.25],"to":[9.5,-10,9],"faces":{"down":{"uv":[6.5,15.5,7,16],"texture":"#0"},"north":{"uv":[6.5,15.5,7,16],"texture":"#0"},"south":{"uv":[6.5,15.5,7,16],"texture":"#0"},"west":{"uv":[6.5,15.5,7,16],"texture":"#0"},"east":{"uv":[6.5,15.5,7,16],"texture":"#0"}}},{"from":[8.75,-9.5,8.25],"to":[9.25,-9.25,9],"faces":{"down":{"uv":[5.5,14,6.5,14.5],"texture":"#0"},"up":{"uv":[12.5,2,13,3],"texture":"#0"},"north":{"uv":[5.5,14,6.5,14.5],"texture":"#0"},"south":{"uv":[5.5,14,6.5,14.5],"texture":"#0"},"east":{"uv":[5.5,14,6.5,14.5],"texture":"#0"}}},{"from":[9,-10,8.25],"to":[9.5,-9.5,9],"faces":{"down":{"uv":[6,14.5,7,15.5],"texture":"#0"},"up":{"uv":[6,14.5,7,15.5],"texture":"#0"},"north":{"uv":[6,14.5,7,15.5],"texture":"#0"},"south":{"uv":[6,14.5,7,15.5],"texture":"#0"},"west":{"uv":[6,14.5,7,15.5],"texture":"#0"},"east":{"uv":[6,14.5,7,15.5],"texture":"#0"}}},{"from":[7.25,-9.75,8.25],"to":[7.5,-6.75,9],"faces":{"down":{"uv":[2,12,2.5,14],"texture":"#0"},"up":{"uv":[3,6.5,3.5,8],"texture":"#0"},"north":{"uv":[2.5,9,3,15],"texture":"#0"},"south":{"uv":[2.5,9,3,15],"texture":"#0"},"west":{"uv":[2.5,9,3.5,15],"texture":"#0"}}},{"from":[6,0.5,8.5],"to":[6.25,0.75,8.75],"faces":{"down":{"uv":[10.5,9.5,11,9],"texture":"#0"},"up":{"uv":[10.5,9.5,11,9],"texture":"#0"},"north":{"uv":[10.5,9.5,11,9],"texture":"#0"},"south":{"uv":[10.5,9.5,11,9],"texture":"#0"},"west":{"uv":[10.5,9.5,11,9],"texture":"#0"},"east":{"uv":[10.5,9.5,11,9],"texture":"#0"}}},{"from":[7.5,-9.75,8],"to":[8.25,-6.75,9.25],"faces":{"down":{"uv":[4,10,5.5,11],"texture":"#0"},"up":{"uv":[3,6,4.5,7.5],"texture":"#0"},"north":{"uv":[3,9,4.5,15],"texture":"#0"},"south":{"uv":[3,9,4.5,15],"texture":"#0"},"west":{"uv":[3,9,4.5,15],"texture":"#0"},"east":{"uv":[3,9,4.5,15],"texture":"#0"}}},{"from":[8.25,-9.75,8.25],"to":[8.5,-6.75,9],"faces":{"down":{"uv":[5.5,11.5,6,13],"texture":"#0"},"up":{"uv":[3.5,4,4,5.5],"texture":"#0"},"north":{"uv":[4,9,4.5,15.5],"texture":"#0"},"south":{"uv":[4,9,4.5,15.5],"texture":"#0"},"east":{"uv":[3.5,9,4.5,15.5],"texture":"#0"}}},{"from":[7.5,-0.25,8],"to":[8.25,0.25,9.25],"faces":{"down":{"uv":[8,3,9.5,4],"texture":"#0"},"up":{"uv":[8,3,9.5,4],"texture":"#0"},"north":{"uv":[8,2.5,9.5,3.5],"texture":"#0"},"south":{"uv":[8,2.5,9.5,3.5],"texture":"#0"},"west":{"uv":[8,3,9.5,4],"texture":"#0"},"east":{"uv":[8,3,9.5,4],"texture":"#0"}}},{"from":[6.5,1.75,8],"to":[9.25,2,9.25],"faces":{"down":{"uv":[7,12,8.5,15],"texture":"#0"},"up":{"uv":[7,12,8.5,15],"texture":"#0"},"north":{"uv":[8,13.5,14,12.5],"texture":"#0"},"south":{"uv":[8,13.5,14,12.5],"texture":"#0"},"west":{"uv":[14,12,16,12.5],"texture":"#0"},"east":{"uv":[14,12,16,12.5],"texture":"#0"}}},{"from":[7.25,0.25,8.5],"to":[8.5,0.5,8.75],"faces":{"north":{"uv":[7,8,9.5,8.5],"texture":"#0"},"south":{"uv":[7,8,9.5,8.5],"texture":"#0"},"west":{"uv":[7.5,6.5,8,7],"texture":"#0"},"east":{"uv":[8,6.5,8.5,7],"texture":"#0"}}},{"from":[7.75,0.25,8],"to":[8,0.5,9.25],"faces":{"north":{"uv":[7.5,1.5,8,2],"texture":"#0"},"south":{"uv":[7.5,1.5,8,2],"texture":"#0"},"west":{"uv":[7,1.5,9.5,2],"texture":"#0"},"east":{"uv":[7,1.5,9.5,2],"texture":"#0"}}},{"from":[7.5,-6.5,8],"to":[8.25,-6.25,9.25],"faces":{"down":{"uv":[3,7,4.5,8.5],"texture":"#0"},"north":{"uv":[3,8,4.5,8.5],"texture":"#0"},"south":{"uv":[3,8,4.5,8.5],"texture":"#0"},"west":{"uv":[3,8,4.5,8.5],"texture":"#0"},"east":{"uv":[3,8,4.5,8.5],"texture":"#0"}}},{"from":[7.25,-6.5,8.25],"to":[8.5,-6.25,9],"faces":{"down":{"uv":[2.5,3,5,4.5],"texture":"#0"},"north":{"uv":[2.5,7.5,5,8],"texture":"#0"},"south":{"uv":[2.5,7.5,5,8],"texture":"#0"},"west":{"uv":[2.5,7.5,4,8],"texture":"#0"},"east":{"uv":[2.5,7.5,4,8],"texture":"#0"}}},{"from":[7.75,-5.75,8],"to":[8,-5.5,9.25],"faces":{"north":{"uv":[3,6.5,3.5,7],"texture":"#0"},"south":{"uv":[3,6.5,3.5,7],"texture":"#0"},"west":{"uv":[7,8,8.5,8.5],"texture":"#0"},"east":{"uv":[7,8,8.5,8.5],"texture":"#0"}}},{"from":[7.5,-5.5,8],"to":[8.25,-5,9.25],"faces":{"down":{"uv":[7,7.5,9.5,9],"texture":"#0"},"up":{"uv":[7,7.5,9.5,9],"texture":"#0"},"north":{"uv":[7.5,9.5,9,10.5],"texture":"#0"},"south":{"uv":[7.5,9.5,9,10.5],"texture":"#0"},"west":{"uv":[7,9,9.5,10],"texture":"#0"},"east":{"uv":[7,9,9.5,10],"texture":"#0"}}},{"from":[7.75,-6.75,8],"to":[8,-6.5,9.25],"faces":{"north":{"uv":[8,7.5,8.5,8],"texture":"#0"},"south":{"uv":[8,7.5,8.5,8],"texture":"#0"},"west":{"uv":[7,8,9.5,8.5],"texture":"#0"},"east":{"uv":[7,8,9.5,8.5],"texture":"#0"}}},{"from":[7.5,-4.75,8],"to":[8.25,-4.25,9.25],"faces":{"down":{"uv":[7,6,8.5,8.5],"texture":"#0"},"up":{"uv":[7,6,8.5,8.5],"texture":"#0"},"north":{"uv":[7.5,6,9,7],"texture":"#0"},"south":{"uv":[7.5,6,9,7],"texture":"#0"},"west":{"uv":[7,6,9.5,7],"texture":"#0"},"east":{"uv":[7,6,9.5,7],"texture":"#0"}}},{"from":[7.75,-2.75,8],"to":[8,-2.5,9.25],"faces":{"north":{"uv":[3,6.5,3.5,7],"texture":"#0"},"south":{"uv":[3,6.5,3.5,7],"texture":"#0"},"west":{"uv":[7,8,8.5,8.5],"texture":"#0"},"east":{"uv":[7,8,8.5,8.5],"texture":"#0"}}},{"from":[7.25,-5.75,8.5],"to":[8.5,-5.5,8.75],"faces":{"north":{"uv":[7,10,9.5,10.5],"texture":"#0"},"south":{"uv":[7,10,9.5,10.5],"texture":"#0"},"west":{"uv":[8,10,8.5,10.5],"texture":"#0"},"east":{"uv":[8,10,8.5,10.5],"texture":"#0"}}},{"from":[7.25,-5.5,8.25],"to":[8.5,-5,9],"faces":{"down":{"uv":[7,8,9.5,9.5],"texture":"#0"},"up":{"uv":[7,8,9.5,9.5],"texture":"#0"},"north":{"uv":[7,8,9.5,9.5],"texture":"#0"},"south":{"uv":[7,8,9.5,9.5],"texture":"#0"},"west":{"uv":[7,8,8.5,9.5],"texture":"#0"},"east":{"uv":[7,8,8.5,9.5],"texture":"#0"}}},{"from":[7.25,-3.25,8.25],"to":[8.5,-2.75,9],"faces":{"down":{"uv":[7,4.5,9.5,5.5],"texture":"#0"},"up":{"uv":[7,4.5,9.5,5.5],"texture":"#0"},"north":{"uv":[7,4.5,9.5,5.5],"texture":"#0"},"south":{"uv":[7,4.5,9.5,5.5],"texture":"#0"},"west":{"uv":[7,4.5,9,5.5],"texture":"#0"},"east":{"uv":[7,4.5,9,5.5],"texture":"#0"}}},{"from":[7.25,-3.5,8.5],"to":[8.5,-3.25,8.75],"faces":{"north":{"uv":[7,8,9.5,8.5],"texture":"#0"},"south":{"uv":[7,8,9.5,8.5],"texture":"#0"},"west":{"uv":[8,8,8.5,8.5],"texture":"#0"},"east":{"uv":[8,8,8.5,8.5],"texture":"#0"}}},{"from":[7.25,-4.25,8.5],"to":[8.5,-4,8.75],"faces":{"north":{"uv":[7,8,9.5,8.5],"texture":"#0"},"south":{"uv":[7,8,9.5,8.5],"texture":"#0"},"west":{"uv":[8,8,8.5,8.5],"texture":"#0"},"east":{"uv":[8,8,8.5,8.5],"texture":"#0"}}},{"from":[7.25,-6.75,8.5],"to":[8.5,-6.5,8.75],"faces":{"down":{"uv":[7,7,9.5,7.5],"texture":"#0"},"north":{"uv":[7,7,9.5,7.5],"texture":"#0"},"south":{"uv":[7,7,9.5,7.5],"texture":"#0"},"west":{"uv":[8,8,8.5,8.5],"texture":"#0"},"east":{"uv":[8,8,8.5,8.5],"texture":"#0"}}},{"from":[7.25,-4.75,8.25],"to":[8.5,-4.25,9],"faces":{"down":{"uv":[3,0.5,4,2.5],"texture":"#0"},"up":{"uv":[3,0.5,4,2.5],"texture":"#0"},"north":{"uv":[3,0.5,5,1.5],"texture":"#0"},"south":{"uv":[3,0.5,5,1.5],"texture":"#0"},"west":{"uv":[3,0.5,5,1.5],"texture":"#0"},"east":{"uv":[3,0.5,5,1.5],"texture":"#0"}}},{"from":[7.25,-1.75,8.25],"to":[8.5,-1.25,9],"faces":{"down":{"uv":[7,3,9.5,4],"texture":"#0"},"up":{"uv":[7,3,9.5,4],"texture":"#0"},"north":{"uv":[7,3,9.5,4],"texture":"#0"},"south":{"uv":[7,3,9.5,4],"texture":"#0"},"west":{"uv":[7,3,9,4.5],"texture":"#0"},"east":{"uv":[7,3,9,4.5],"texture":"#0"}}},{"from":[7.25,-5,8.5],"to":[8.5,-4.75,8.75],"faces":{"north":{"uv":[2.5,0,5,0.5],"texture":"#0"},"south":{"uv":[2.5,0,5,0.5],"texture":"#0"},"west":{"uv":[2.5,0,3,0.5],"texture":"#0"},"east":{"uv":[4.5,0.5,5,1],"texture":"#0"}}},{"from":[7.5,-6.25,8],"to":[8.25,-5.75,9.25],"faces":{"up":{"uv":[2.5,3,4.5,4.5],"texture":"#0"},"north":{"uv":[3,3,5,4],"texture":"#0"},"south":{"uv":[3,3,5,4],"texture":"#0"},"west":{"uv":[2.5,3,4.5,4],"texture":"#0"},"east":{"uv":[2.5,3,4.5,4],"texture":"#0"}}},{"from":[7.75,-4.25,8],"to":[8,-4,9.25],"faces":{"north":{"uv":[8,7,8.5,6.5],"texture":"#0"},"south":{"uv":[8,7,8.5,6.5],"texture":"#0"},"west":{"uv":[7,8,8.5,7.5],"texture":"#0"},"east":{"uv":[7,8,8.5,7.5],"texture":"#0"}}},{"from":[7.5,-1.75,8],"to":[8.25,-1.25,9.25],"faces":{"down":{"uv":[7.5,5,9,6],"texture":"#0"},"up":{"uv":[7.5,5,9,6],"texture":"#0"},"north":{"uv":[7.5,5,9,6],"texture":"#0"},"south":{"uv":[7.5,5,9,6],"texture":"#0"},"west":{"uv":[7.5,5,9,6],"texture":"#0"},"east":{"uv":[7.5,5,9,6],"texture":"#0"}}},{"from":[7.75,-1.25,8],"to":[8,-1,9.25],"faces":{"north":{"uv":[8,7,8.5,6.5],"texture":"#0"},"south":{"uv":[8,7,8.5,6.5],"texture":"#0"},"west":{"uv":[7,8,8.5,7.5],"texture":"#0"},"east":{"uv":[7,8,8.5,7.5],"texture":"#0"}}},{"from":[7.5,-1,8],"to":[8.25,-0.5,9.25],"faces":{"down":{"uv":[7.5,3.5,9,4.5],"texture":"#0"},"up":{"uv":[7.5,3.5,9,4.5],"texture":"#0"},"north":{"uv":[7.5,3.5,9,4.5],"texture":"#0"},"south":{"uv":[7.5,3.5,9,4.5],"texture":"#0"},"west":{"uv":[7.5,3.5,9,4.5],"texture":"#0"},"east":{"uv":[7.5,3.5,9,4.5],"texture":"#0"}}},{"from":[7.25,-1,8.25],"to":[8.5,-0.5,9],"faces":{"down":{"uv":[2.5,0,5,1],"texture":"#0"},"up":{"uv":[2.5,0,5,1],"texture":"#0"},"north":{"uv":[2.5,0,5,1],"texture":"#0"},"south":{"uv":[2.5,0,5,1],"texture":"#0"},"west":{"uv":[2.5,0,5,1],"texture":"#0"},"east":{"uv":[2.5,0,5,1],"texture":"#0"}}},{"from":[7.75,-0.5,8],"to":[8,-0.25,9.25],"faces":{"north":{"uv":[7,0.5,7.5,1],"texture":"#0","rotation":90},"south":{"uv":[9,0.5,9.5,1],"texture":"#0","rotation":90},"west":{"uv":[7,0,7.5,2],"texture":"#0","rotation":90},"east":{"uv":[7,0,7.5,2],"texture":"#0","rotation":90}}},{"from":[7.25,-0.5,8.5],"to":[8.5,-0.25,8.75],"faces":{"north":{"uv":[7,11,9.5,11.5],"texture":"#0"},"south":{"uv":[7,11,9.5,11.5],"texture":"#0"},"west":{"uv":[7,0.5,7.5,1],"texture":"#0","rotation":90},"east":{"uv":[9,0.5,9.5,1],"texture":"#0","rotation":90}}},{"from":[7.5,1.5,8],"to":[8.25,1.75,9.25],"faces":{"north":{"uv":[10.5,11,12,11.5],"texture":"#0"},"south":{"uv":[10.5,11,12,11.5],"texture":"#0"},"west":{"uv":[10.5,11,12,11.5],"texture":"#0"},"east":{"uv":[10.5,11,12,11.5],"texture":"#0"}}},{"from":[7.25,-4,8.25],"to":[8.5,-3.5,9],"faces":{"down":{"uv":[7,3,9.5,4],"texture":"#0"},"up":{"uv":[7,3,9.5,4],"texture":"#0"},"north":{"uv":[7,3,9.5,4],"texture":"#0"},"south":{"uv":[7,3,9.5,4],"texture":"#0"},"west":{"uv":[7,3,9,4.5],"texture":"#0"},"east":{"uv":[7,3,9,4.5],"texture":"#0"}}},{"from":[6.75,-9.25,8.25],"to":[7,-9,9],"faces":{"north":{"uv":[1,14,1.5,14.5],"texture":"#0"},"south":{"uv":[1,14,1.5,14.5],"texture":"#0"},"west":{"uv":[0.5,14.5,2,15],"texture":"#0"}}},{"from":[7.25,0.5,8.25],"to":[8.5,1,9],"faces":{"down":{"uv":[7,4,9.5,5],"texture":"#0"},"up":{"uv":[7,4,9.5,5],"texture":"#0"},"north":{"uv":[7,4,9.5,5],"texture":"#0"},"south":{"uv":[7,4,9.5,5],"texture":"#0"},"west":{"uv":[7,4,9.5,5],"texture":"#0"},"east":{"uv":[7,4,9.5,5],"texture":"#0"}}},{"from":[7.5,-4,8],"to":[8.25,-3.5,9.25],"faces":{"down":{"uv":[3,1.5,4.5,2.5],"texture":"#0"},"up":{"uv":[3,1.5,4.5,2.5],"texture":"#0"},"north":{"uv":[3,1.5,4.5,2.5],"texture":"#0"},"south":{"uv":[3,1.5,4.5,2.5],"texture":"#0"},"west":{"uv":[3,1.5,4.5,2.5],"texture":"#0"},"east":{"uv":[3,1.5,4.5,2.5],"texture":"#0"}}},{"from":[7.25,1.25,8.25],"to":[8.5,1.5,9],"faces":{"down":{"uv":[8,12,10,12.5],"texture":"#0"},"north":{"uv":[8,12,10,12.5],"texture":"#0"},"south":{"uv":[8,12,10,12.5],"texture":"#0"},"west":{"uv":[14,12,15.5,12.5],"texture":"#0"},"east":{"uv":[14,12,15.5,12.5],"texture":"#0"}}},{"from":[7.5,1.25,8],"to":[8.25,1.5,9.25],"faces":{"down":{"uv":[10,12,11,12.5],"texture":"#0"},"north":{"uv":[10,12,11,12.5],"texture":"#0"},"south":{"uv":[10,12,11,12.5],"texture":"#0"},"west":{"uv":[10,12,11,12.5],"texture":"#0"},"east":{"uv":[10,12,11,12.5],"texture":"#0"}}},{"from":[6,2,8.5],"to":[6.25,2.25,8.75],"faces":{"down":{"uv":[14.5,11,15,11.5],"texture":"#0"}}},{"from":[7,1.5,8.25],"to":[8.75,1.75,9],"faces":{"down":{"uv":[7,12,10.5,12.5],"texture":"#0"},"north":{"uv":[7,12,10.5,12.5],"texture":"#0"},"south":{"uv":[7,12,10.5,12.5],"texture":"#0"},"west":{"uv":[14,12,15.5,12.5],"texture":"#0"},"east":{"uv":[14,12,15.5,12.5],"texture":"#0"}}},{"from":[6.25,2.25,8],"to":[9.5,2.5,8.5],"faces":{"up":{"uv":[13.5,11,16,12.5],"texture":"#0"},"north":{"uv":[7.5,15,14,14],"texture":"#0"},"south":{"uv":[7.5,15,14,14],"texture":"#0"},"west":{"uv":[15,11.5,16,12],"texture":"#0"},"east":{"uv":[15,11.5,16,12],"texture":"#0"}}},{"from":[6,2,8.75],"to":[9.75,2.25,9.25],"faces":{"down":{"uv":[7,12.5,8,13.5],"texture":"#0"},"up":{"uv":[8,12.5,7,13.5],"texture":"#0"},"north":{"uv":[7,14.5,14.5,13.5],"texture":"#0"},"south":{"uv":[7,14.5,14.5,13.5],"texture":"#0"},"west":{"uv":[15,11.5,16,12],"texture":"#0"},"east":{"uv":[15,11.5,16,12],"texture":"#0"}}},{"from":[6.5,2.25,8.5],"to":[9.5,2.5,8.75],"faces":{"up":{"uv":[13.5,11,16,11.5],"texture":"#0"},"west":{"uv":[7,12,7.5,12.5],"texture":"#0"},"east":{"uv":[7,12,7.5,12.5],"texture":"#0"}}},{"from":[8.5,-9.25,7.75],"to":[8.75,-7.5,9.5],"faces":{"down":{"uv":[5,10.5,5.5,14.5],"texture":"#0"},"up":{"uv":[5,10.5,5.5,14.5],"texture":"#0"},"north":{"uv":[5,10.5,5.5,14.5],"texture":"#0"},"south":{"uv":[5,10.5,5.5,14.5],"texture":"#0"},"east":{"uv":[5,10.5,5.5,14.5],"texture":"#0"}}},{"from":[8.5,-9.5,8],"to":[8.75,-7.25,9.25],"faces":{"down":{"uv":[5,10.5,5.5,14],"texture":"#0"},"up":{"uv":[5,10.5,5.5,14],"texture":"#0"},"north":{"uv":[5,10,5.5,14.5],"texture":"#0"},"south":{"uv":[5,10,5.5,14.5],"texture":"#0"},"east":{"uv":[2.5,14,5,15],"texture":"#0"}}},{"from":[7,-9.5,8],"to":[7.25,-7.25,9.25],"faces":{"down":{"uv":[5,10,5.5,14.5],"texture":"#0"},"up":{"uv":[5,10,5.5,14.5],"texture":"#0"},"north":{"uv":[2,10,2.5,14.5],"texture":"#0"},"south":{"uv":[2,10,2.5,14.5],"texture":"#0"},"west":{"uv":[2.5,14,5,15],"texture":"#0"}}},{"from":[7.25,-9.5,7.75],"to":[8.5,-7.25,9.5],"faces":{"down":{"uv":[1.5,10.5,2.5,13],"texture":"#0"},"up":{"uv":[1.5,10.5,2.5,13],"texture":"#0"},"north":{"uv":[2.5,10,5,15],"texture":"#0"},"south":{"uv":[2.5,10,5,14.5],"texture":"#0"},"west":{"uv":[2.5,10,5,15],"texture":"#0"},"east":{"uv":[2.5,10,5,15],"texture":"#0"}}},{"from":[6.75,-9,8],"to":[7,-7.5,9.25],"faces":{"down":{"uv":[5,10,5.5,14.5],"texture":"#0"},"up":{"uv":[5,10,5.5,14.5],"texture":"#0"},"north":{"uv":[5,10,5.5,14.5],"texture":"#0"},"south":{"uv":[5,10,5.5,14.5],"texture":"#0"},"west":{"uv":[2.5,14,5,15],"texture":"#0"}}},{"from":[6.5,-8.75,8.25],"to":[6.75,-8,9],"faces":{"down":{"uv":[5,11,5.5,13],"texture":"#0"},"up":{"uv":[5,11,5.5,13],"texture":"#0"},"north":{"uv":[5,11,5.5,12.5],"texture":"#0"},"south":{"uv":[5,11,5.5,12.5],"texture":"#0"},"west":{"uv":[2.5,14,5,15],"texture":"#0"}}},{"from":[7.25,-8.75,7.5],"to":[7.5,-8,9.75],"faces":{"down":{"uv":[2.5,11.5,3,13],"texture":"#0"},"up":{"uv":[2.5,11.5,3,13],"texture":"#0"},"north":{"uv":[2.5,11.5,3,13],"texture":"#0"},"south":{"uv":[2.5,11.5,3,13],"texture":"#0"},"west":{"uv":[2.5,11.5,3,13],"texture":"#0"}}},{"from":[6.5,-9.5,8.25],"to":[7,-9.25,9],"faces":{"down":{"uv":[13,2.5,13.5,4],"texture":"#0"},"up":{"uv":[13,2.5,13.5,4],"texture":"#0"},"north":{"uv":[1,14,2,14.5],"texture":"#0"},"south":{"uv":[1,14,2,14.5],"texture":"#0"},"west":{"uv":[1,14,2,14.5],"texture":"#0"}}},{"from":[6.75,-9.75,8.25],"to":[7,-9.5,9],"faces":{"down":{"uv":[13,2.5,13.5,4],"texture":"#0"},"north":{"uv":[1.5,14.5,2,15],"texture":"#0"},"south":{"uv":[1.5,14.5,2,15],"texture":"#0"},"east":{"uv":[13,2.5,14.5,3],"texture":"#0"}}},{"from":[6.25,-10,8.25],"to":[6.75,-9.5,9],"faces":{"down":{"uv":[0.5,14.5,1.5,15.5],"texture":"#0"},"up":{"uv":[0.5,14.5,1.5,15.5],"texture":"#0"},"north":{"uv":[0.5,14.5,1.5,15.5],"texture":"#0"},"south":{"uv":[0.5,14.5,1.5,15.5],"texture":"#0"},"west":{"uv":[0.5,14.5,1.5,15.5],"texture":"#0"},"east":{"uv":[0.5,14.5,1.5,15.5],"texture":"#0"}}},{"from":[6.25,-10.25,8.25],"to":[6.5,-10,9],"faces":{"down":{"uv":[13,2.5,13.5,3.5],"texture":"#0"},"north":{"uv":[0.5,15.5,1,16],"texture":"#0"},"south":{"uv":[0.5,15.5,1,16],"texture":"#0"},"west":{"uv":[13,2.5,14,3],"texture":"#0"},"east":{"uv":[13,2.5,14,3],"texture":"#0"}}},{"from":[6.05,0.4,8.23],"to":[6.20625,0.86875,8.38625],"faces":{"down":{"uv":[15.5,10,16,10.5],"texture":"#0"},"up":{"uv":[15.5,9.5,16,10],"texture":"#0"},"north":{"uv":[15.5,9.5,16,10.5],"texture":"#0"},"south":{"uv":[15.5,9.5,16,10.5],"texture":"#0"},"west":{"uv":[15.5,9.5,16,10.5],"texture":"#0"},"east":{"uv":[15.5,9.5,16,10.5],"texture":"#0"}}},{"from":[6.05,0.0875,8.3862],"to":[6.20625,0.4,8.54245],"faces":{"down":{"uv":[15.5,10,16,10.5],"texture":"#0"},"up":{"uv":[15.5,10,16,10.5],"texture":"#0"},"north":{"uv":[15.5,10.5,16,9.5],"texture":"#0"},"south":{"uv":[15.5,10.5,16,9.5],"texture":"#0"},"west":{"uv":[15.5,10.5,16,9.5],"texture":"#0"},"east":{"uv":[15.5,10.5,16,9.5],"texture":"#0"}}},{"from":[5.8938,1.1812,8.5425],"to":[6.05005,1.4937,8.69875],"faces":{"down":{"uv":[10.5,9,11,9.5],"texture":"#0"},"up":{"uv":[10.5,8.5,11,9],"texture":"#0"},"north":{"uv":[10.5,8.5,11,9.5],"texture":"#0"},"south":{"uv":[10.5,8.5,11,9.5],"texture":"#0"},"west":{"uv":[10.5,8.5,11,9.5],"texture":"#0"},"east":{"uv":[10.5,8.5,11,9.5],"texture":"#0"}}},{"from":[6.3625,1.4938,8.5425],"to":[6.51875,1.96255,8.69875],"faces":{"down":{"uv":[15.5,9.5,16,10],"texture":"#0"},"up":{"uv":[15.5,9.5,16,10],"texture":"#0"},"north":{"uv":[15.5,9.5,16,10.5],"texture":"#0"},"south":{"uv":[15.5,9.5,16,10.5],"texture":"#0"},"west":{"uv":[15.5,9.5,16,10.5],"texture":"#0"},"east":{"uv":[15.5,9.5,16,10.5],"texture":"#0"}}},{"from":[5.8938,1.9625,8.5425],"to":[6.05005,2.275,8.69875],"faces":{"down":{"uv":[12,7.5,12.5,8],"texture":"#0"},"up":{"uv":[12,7.5,12.5,8],"texture":"#0"},"north":{"uv":[12,7.5,12.5,8.5],"texture":"#0"},"south":{"uv":[12,7.5,12.5,8.5],"texture":"#0"},"west":{"uv":[12,7.5,12.5,8.5],"texture":"#0"}}},{"from":[6.2062,1.9625,8.5425],"to":[6.36245,2.275,8.69875],"faces":{"down":{"uv":[12.5,7.5,13,8],"texture":"#0"},"up":{"uv":[12.5,7.5,13,8],"texture":"#0"},"east":{"uv":[12.5,7.5,13,8.5],"texture":"#0"}}},{"from":[6.05,2.275,8.5425],"to":[6.20625,2.43125,8.69875],"faces":{"up":{"uv":[13,8,13.5,8.5],"texture":"#0"},"north":{"uv":[13,8,13.5,8.5],"texture":"#0"},"south":{"uv":[13,8,13.5,8.5],"texture":"#0"},"west":{"uv":[13,8,13.5,8.5],"texture":"#0"},"east":{"uv":[13,8,13.5,8.5],"texture":"#0"}}},{"from":[5.7375,-0.6938,8.5425],"to":[5.89375,-0.22505,8.69875],"faces":{"down":{"uv":[12.5,9,13,8.5],"texture":"#0"},"up":{"uv":[12.5,8.5,13,8],"texture":"#0"},"north":{"uv":[12.5,9,13,7.5],"texture":"#0"},"south":{"uv":[12.5,9,13,7.5],"texture":"#0"},"west":{"uv":[12.5,9,13,7.5],"texture":"#0"},"east":{"uv":[12.5,9,13,7.5],"texture":"#0"}}},{"from":[6.2062,1.1812,8.5425],"to":[6.36245,1.4937,8.69875],"faces":{"down":{"uv":[10.5,9.5,11,9],"texture":"#0"},"up":{"uv":[15.5,10.5,16,10],"texture":"#0"},"north":{"uv":[15.5,10.5,16,9.5],"texture":"#0"},"south":{"uv":[15.5,10.5,16,9.5],"texture":"#0"},"west":{"uv":[15.5,10.5,16,9.5],"texture":"#0"},"east":{"uv":[15.5,10.5,16,9.5],"texture":"#0"}}},{"from":[6.05,0.0875,8.6987],"to":[6.20625,0.4,8.85495],"faces":{"down":{"uv":[13.5,9,14,8.5],"texture":"#0"},"up":{"uv":[13.5,9,14,8.5],"texture":"#0"},"north":{"uv":[14,10.5,14.5,9.5],"texture":"#0"},"south":{"uv":[14,10.5,14.5,9.5],"texture":"#0"},"west":{"uv":[14,10.5,14.5,9.5],"texture":"#0"},"east":{"uv":[14,10.5,14.5,9.5],"texture":"#0"}}},{"from":[5.7375,1.4938,8.5425],"to":[5.89375,1.96255,8.69875],"faces":{"down":{"uv":[10.5,9,11,9.5],"texture":"#0"},"up":{"uv":[10.5,9,11,9.5],"texture":"#0"},"north":{"uv":[12,8.5,12.5,9.5],"texture":"#0"},"south":{"uv":[12,8.5,12.5,9.5],"texture":"#0"},"west":{"uv":[12,8.5,12.5,9.5],"texture":"#0"},"east":{"uv":[12,8.5,12.5,9.5],"texture":"#0"}}},{"from":[6.05,0.4,8.855],"to":[6.20625,0.86875,9.01125],"faces":{"down":{"uv":[12.5,8,13,8.5],"texture":"#0"},"up":{"uv":[12.5,8,13,8.5],"texture":"#0"},"north":{"uv":[12,8.5,12.5,9.5],"texture":"#0"},"south":{"uv":[12,8.5,12.5,9.5],"texture":"#0"},"west":{"uv":[12,8.5,12.5,9.5],"texture":"#0"},"east":{"uv":[12,8.5,12.5,9.5],"texture":"#0"}}},{"from":[6.05,0.8688,8.6987],"to":[6.20625,1.1813,8.85495],"faces":{"down":{"uv":[12.5,8,13,8.5],"texture":"#0"},"up":{"uv":[12.5,8,13,8.5],"texture":"#0"},"north":{"uv":[12.5,8,13,9],"texture":"#0"},"south":{"uv":[12.5,8,13,9],"texture":"#0"},"west":{"uv":[12.5,8,13,9],"texture":"#0"},"east":{"uv":[12.5,8,13,9],"texture":"#0"}}},{"from":[6.05,0.8688,8.3862],"to":[6.20625,1.1813,8.54245],"faces":{"down":{"uv":[12.5,8,13,8.5],"texture":"#0"},"up":{"uv":[12.5,8,13,8.5],"texture":"#0"},"north":{"uv":[12.5,8,13,9],"texture":"#0"},"south":{"uv":[12.5,8,13,9],"texture":"#0"},"west":{"uv":[12.5,8,13,9],"texture":"#0"},"east":{"uv":[12.5,8,13,9],"texture":"#0"}}},{"from":[6.05,1.025,8.5425],"to":[6.20625,1.18125,8.69875],"faces":{"down":{"uv":[14.5,9.5,15,10],"texture":"#0"},"up":{"uv":[14.5,9.5,15,10],"texture":"#0"},"west":{"uv":[14.5,9.5,15,10],"texture":"#0"},"east":{"uv":[14.5,9.5,15,10],"texture":"#0"}}},{"from":[6.05,-0.0687,8.5425],"to":[6.20625,0.08755,8.69875],"faces":{"down":{"uv":[12.5,8.5,13,8],"texture":"#0"},"north":{"uv":[12.5,8.5,13,8],"texture":"#0"},"south":{"uv":[12.5,8.5,13,8],"texture":"#0"}}},{"from":[6.05,0.0875,8.5425],"to":[6.20625,0.24375,8.69875],"faces":{"up":{"uv":[12.5,8.5,13,8],"texture":"#0"},"west":{"uv":[12.5,8.5,13,8],"texture":"#0"},"east":{"uv":[12.5,8.5,13,8],"texture":"#0"}}},{"from":[5.8938,-0.225,8.5425],"to":[6.05005,0.08750001,8.69875],"faces":{"down":{"uv":[15.5,10.5,16,10],"texture":"#0"},"up":{"uv":[15.5,10.5,16,10],"texture":"#0"},"north":{"uv":[15.5,10.5,16,10],"texture":"#0"},"south":{"uv":[15.5,10.5,16,10],"texture":"#0"},"west":{"uv":[15.5,10.5,16,10],"texture":"#0"},"east":{"uv":[15.5,10.5,16,10],"texture":"#0"}}},{"from":[6.2062,-0.225,8.5425],"to":[6.36245,0.08750001,8.69875],"faces":{"down":{"uv":[11,9.5,11.5,10],"texture":"#0"},"up":{"uv":[12,9,12.5,9.5],"texture":"#0"},"north":{"uv":[12,9,12.5,10],"texture":"#0"},"south":{"uv":[12,9,12.5,10],"texture":"#0"},"west":{"uv":[12,9,12.5,10],"texture":"#0"},"east":{"uv":[12,9,12.5,10],"texture":"#0"}}},{"from":[6.3625,-0.5375,8.5425],"to":[6.51875,-0.225,8.69875],"faces":{"down":{"uv":[12.5,8.5,13,8],"texture":"#0"},"up":{"uv":[12.5,9,13,8.5],"texture":"#0"},"north":{"uv":[12.5,9,13,8],"texture":"#0"},"south":{"uv":[12.5,9,13,8],"texture":"#0"},"west":{"uv":[12.5,9,13,8],"texture":"#0"},"east":{"uv":[12.5,9,13,8],"texture":"#0"}}},{"from":[6,2,8],"to":[9.75,2.25,8.5],"faces":{"down":{"uv":[8,12.5,7,13.5],"texture":"#0"},"up":{"uv":[7,12.5,8,13.5],"texture":"#0"},"north":{"uv":[7,14.5,14.5,13.5],"texture":"#0"},"south":{"uv":[15,11.5,16,12],"texture":"#0"},"west":{"uv":[15,11.5,16,12],"texture":"#0"},"east":{"uv":[15,11.5,16,12],"texture":"#0"}}},{"from":[6.25,2.25,8.75],"to":[9.5,2.5,9.25],"faces":{"up":{"uv":[13.5,11,16,12.5],"texture":"#0"},"north":{"uv":[7.5,15,14,14],"texture":"#0"},"south":{"uv":[7.5,15,14,14],"texture":"#0"},"west":{"uv":[15,11.5,16,12],"texture":"#0"},"east":{"uv":[15,11.5,16,12],"texture":"#0"}}},{"from":[6.5,2,8.5],"to":[9.75,2.25,8.75],"faces":{"down":{"uv":[7,12,7.5,12.5],"texture":"#0"},"up":{"uv":[7,12,7.5,12.5],"texture":"#0"},"west":{"uv":[7,12,7.5,12.5],"texture":"#0"},"east":{"uv":[7,12,7.5,12.5],"texture":"#0"}}},{"from":[7.5,-6.75,8.25],"to":[8.25,-4.75,9],"faces":{"north":{"uv":[7.5,0,9,12],"texture":"#0"},"south":{"uv":[7.5,0,9,12],"texture":"#0"},"west":{"uv":[7.5,0,9,12],"texture":"#0"},"east":{"uv":[7.5,0,9,12],"texture":"#0"}}},{"from":[8.25,3.25,8.5],"to":[8.5,3.5,8.75],"faces":{"north":{"uv":[9,0.5,9.5,1],"texture":"#0"},"south":{"uv":[9,0.5,9.5,1],"texture":"#0"},"east":{"uv":[9,0.5,9.5,1],"texture":"#0"}}},{"from":[7.25,3.25,8.5],"to":[7.5,3.5,8.75],"faces":{"north":{"uv":[7.5,0.5,8,1],"texture":"#0"},"south":{"uv":[7.5,0.5,8,1],"texture":"#0"},"west":{"uv":[7.5,0.5,8,1],"texture":"#0"}}},{"from":[7.5,2.5,8.25],"to":[8.25,4.75,9],"faces":{"down":{"uv":[7.5,2.5,9,6],"texture":"#0"},"north":{"uv":[7.5,2.5,9,6],"texture":"#0"},"south":{"uv":[7.5,2.5,9,6],"texture":"#0"},"west":{"uv":[7.5,2.5,9,6],"texture":"#0"},"east":{"uv":[7.5,2.5,9,6],"texture":"#0"}}},{"from":[8.25,2.5,8.25],"to":[8.5,3.25,9],"faces":{"down":{"uv":[3.5,5,4,6.5],"texture":"#0"},"up":{"uv":[3.5,5,4,6.5],"texture":"#0"},"north":{"uv":[3.5,5,4,6.5],"texture":"#0"},"south":{"uv":[3.5,5,4,6.5],"texture":"#0"},"east":{"uv":[3.5,5,4,6.5],"texture":"#0"}}},{"from":[9.25,5.5,7.25],"to":[10.25,10,10],"faces":{"down":{"uv":[6.5,12.5,8.5,16],"texture":"#1"},"up":{"uv":[6.5,12.5,8.5,16],"texture":"#1"},"north":{"uv":[6.5,12.5,8.5,16],"texture":"#1"},"south":{"uv":[6.5,12.5,8.5,16],"texture":"#1"},"east":{"uv":[6.5,12.5,8.5,16],"texture":"#1"}}},{"from":[8.25,4.75,8.25],"to":[8.75,5,9],"faces":{"down":{"uv":[7.5,6,8.5,7],"texture":"#0"},"north":{"uv":[7.5,11,8.5,12],"texture":"#0"},"south":{"uv":[7.5,11,8.5,12],"texture":"#0"}}},{"from":[7.75,2.5,8],"to":[8,3.5,9.25],"faces":{"down":{"uv":[8,3,8.5,5],"texture":"#0"},"up":{"uv":[8,3,8.5,5],"texture":"#0"},"north":{"uv":[8,3,8.5,5],"texture":"#0"},"south":{"uv":[8,3,8.5,5],"texture":"#0"},"west":{"uv":[8,3,8.5,5],"texture":"#0"},"east":{"uv":[8,3,8.5,5],"texture":"#0"}}},{"from":[7,4.5,8.25],"to":[7.25,4.75,9],"faces":{"down":{"uv":[7.5,0,8,0.5],"texture":"#1","rotation":180},"north":{"uv":[7.5,0,8,0.5],"texture":"#1","rotation":180},"south":{"uv":[7.5,0,8,0.5],"texture":"#1","rotation":180},"west":{"uv":[7.5,0,8,0.5],"texture":"#1","rotation":180}}},{"from":[8.25,4.5,8],"to":[8.5,4.75,9.25],"faces":{"down":{"uv":[1,10,1.5,10.5],"texture":"#1","rotation":180},"north":{"uv":[1,10,1.5,10.5],"texture":"#1","rotation":180},"south":{"uv":[1,10,1.5,10.5],"texture":"#1","rotation":180},"east":{"uv":[1,10,1.5,10.5],"texture":"#1","rotation":180}}},{"from":[8,2.5,8],"to":[8.25,3,9.25],"faces":{"down":{"uv":[8,3,8.5,4],"texture":"#0"},"up":{"uv":[8,3,8.5,4],"texture":"#0"},"north":{"uv":[8,3,8.5,4],"texture":"#0"},"south":{"uv":[8,3,8.5,4],"texture":"#0"},"east":{"uv":[8,3,8.5,4],"texture":"#0"}}},{"from":[8.25,3.5,8.25],"to":[8.5,4.75,9],"faces":{"down":{"uv":[3,7.5,4.5,10],"texture":"#0"},"north":{"uv":[3.5,7.5,4,10],"texture":"#0"},"south":{"uv":[3.5,7.5,4,10],"texture":"#0"},"east":{"uv":[3,7.5,4.5,10],"texture":"#0"}}},{"from":[7,4.75,8.25],"to":[7.5,5,9],"faces":{"down":{"uv":[7.5,6,8.5,7],"texture":"#0"},"north":{"uv":[7.5,11,8.5,12],"texture":"#0"},"south":{"uv":[7.5,11,8.5,12],"texture":"#0"}}},{"from":[7,2.5,8.5],"to":[7.25,3,8.75],"faces":{"up":{"uv":[8,8,8.5,9.5],"texture":"#0"},"north":{"uv":[8,8,8.5,9.5],"texture":"#0"},"south":{"uv":[8,8,8.5,9.5],"texture":"#0"},"west":{"uv":[8,8,8.5,9.5],"texture":"#0"}}},{"from":[6.75,4.75,8.25],"to":[7,5,9],"faces":{"down":{"uv":[7,4.5,7.5,5],"texture":"#1","rotation":180},"north":{"uv":[7,4.5,7.5,5],"texture":"#1","rotation":180},"south":{"uv":[7,4.5,7.5,5],"texture":"#1","rotation":180},"west":{"uv":[7,4.5,7.5,5],"texture":"#1","rotation":180}}},{"from":[8.5,4.5,8.25],"to":[8.75,4.75,9],"faces":{"down":{"uv":[5,6.5,5.5,7],"texture":"#1","rotation":180},"north":{"uv":[5,6.5,5.5,7],"texture":"#1","rotation":180},"south":{"uv":[5,6.5,5.5,7],"texture":"#1","rotation":180},"east":{"uv":[5,6.5,5.5,7],"texture":"#1","rotation":180}}},{"from":[7.25,4.75,7.75],"to":[8.5,5,9.5],"faces":{"down":{"uv":[9,1.5,9.5,3.5],"texture":"#1","rotation":270},"north":{"uv":[9,1.5,9.5,3.5],"texture":"#1","rotation":270},"south":{"uv":[9,1.5,9.5,3.5],"texture":"#1","rotation":270},"west":{"uv":[9,1.5,9.5,3.5],"texture":"#1","rotation":270},"east":{"uv":[9,1.5,9.5,3.5],"texture":"#1","rotation":270}}},{"from":[7,5.25,7.5],"to":[8.75,5.5,9.75],"faces":{"down":{"uv":[6.5,8.5,8,9.5],"texture":"#1","rotation":180},"north":{"uv":[6.5,8.5,8,9.5],"texture":"#1","rotation":180},"south":{"uv":[6.5,8.5,8,9.5],"texture":"#1","rotation":180},"west":{"uv":[6.5,8.5,8,9.5],"texture":"#1","rotation":180},"east":{"uv":[6.5,8.5,8,9.5],"texture":"#1","rotation":180}}},{"from":[8.5,2.5,8.5],"to":[8.75,3,8.75],"faces":{"up":{"uv":[8,9.5,8.5,10.5],"texture":"#0"},"north":{"uv":[8,9.5,8.5,10.5],"texture":"#0"},"south":{"uv":[8,9.5,8.5,10.5],"texture":"#0"},"east":{"uv":[8,9.5,8.5,10.5],"texture":"#0"}}},{"from":[8.75,4.75,8.25],"to":[9,5,9],"faces":{"down":{"uv":[7,0,7.5,0.5],"texture":"#1","rotation":180},"north":{"uv":[7,0,7.5,0.5],"texture":"#1","rotation":180},"south":{"uv":[7,0,7.5,0.5],"texture":"#1","rotation":180},"east":{"uv":[7,0,7.5,0.5],"texture":"#1","rotation":180}}},{"from":[7.25,5,7.75],"to":[8.5,5.25,9.5],"faces":{"north":{"uv":[4,2,5.5,2.5],"texture":"#1","rotation":180},"south":{"uv":[4,2,5.5,2.5],"texture":"#1","rotation":180},"west":{"uv":[4,2,5.5,2.5],"texture":"#1","rotation":180},"east":{"uv":[4,2,5.5,2.5],"texture":"#1","rotation":180}}},{"from":[7.5,2.5,8],"to":[7.75,3,9.25],"faces":{"down":{"uv":[8,3,8.5,4],"texture":"#0"},"up":{"uv":[8,3,8.5,4],"texture":"#0"},"north":{"uv":[8,3,8.5,4],"texture":"#0"},"south":{"uv":[8,3,8.5,4],"texture":"#0"},"west":{"uv":[8,3,8.5,4],"texture":"#0"}}},{"from":[8.5,4.75,8],"to":[8.75,5,9.25],"faces":{"down":{"uv":[6.5,0,7,0.5],"texture":"#1","rotation":180},"north":{"uv":[6.5,0,7,0.5],"texture":"#1","rotation":180},"south":{"uv":[6.5,0,7,0.5],"texture":"#1","rotation":180},"east":{"uv":[6.5,0,7,0.5],"texture":"#1","rotation":180}}},{"from":[6.5,5.25,8],"to":[9.25,5.5,9.25],"faces":{"down":{"uv":[2.5,8,4,9],"texture":"#1","rotation":180},"north":{"uv":[2.5,8,4,9],"texture":"#1","rotation":180},"south":{"uv":[2.5,8,4,9],"texture":"#1","rotation":180},"west":{"uv":[2.5,8,4,9],"texture":"#1","rotation":180},"east":{"uv":[2.5,8,4,9],"texture":"#1","rotation":180}}},{"from":[6.75,5.5,7],"to":[9,5.75,10.25],"faces":{"down":{"uv":[6.5,12.5,10,16],"texture":"#1"},"up":{"uv":[6.5,12.5,10,16],"texture":"#1"},"north":{"uv":[6.5,13.5,10,14],"texture":"#1"},"south":{"uv":[6.5,13.5,10,14],"texture":"#1"},"west":{"uv":[6.5,13.5,10,14],"texture":"#1"},"east":{"uv":[6.5,13.5,10,14],"texture":"#1"}}},{"from":[6.5,5.5,7.25],"to":[9.25,10,10],"faces":{"down":{"uv":[6.5,12.5,10,16],"texture":"#1"},"up":{"uv":[6.5,12.5,10,16],"texture":"#1"},"north":{"uv":[6.5,12.5,10,16],"texture":"#1"},"south":{"uv":[6.5,12.5,10,16],"texture":"#1"}}},{"from":[11,5.5,7.75],"to":[11.5,10,9.5],"faces":{"down":{"uv":[6.5,12.5,8.5,16],"texture":"#1"},"up":{"uv":[6.5,12.5,8.5,16],"texture":"#1"},"north":{"uv":[6.5,12.5,8.5,16],"texture":"#1"},"south":{"uv":[6.5,12.5,8.5,16],"texture":"#1"},"east":{"uv":[6.5,12.5,8.5,16],"texture":"#1"}}},{"from":[10.25,5.5,7.5],"to":[11,10,9.75],"faces":{"down":{"uv":[6.5,12.5,8.5,16],"texture":"#1"},"up":{"uv":[6.5,12.5,8.5,16],"texture":"#1"},"north":{"uv":[6.5,12.5,8.5,16],"texture":"#1"},"south":{"uv":[6.5,12.5,8.5,16],"texture":"#1"},"east":{"uv":[6.5,12.5,8.5,16],"texture":"#1"}}},{"from":[4.75,5.5,7.5],"to":[5.5,10,9.75],"faces":{"down":{"uv":[6.5,12.5,8.5,16],"texture":"#1"},"up":{"uv":[6.5,12.5,8.5,16],"texture":"#1"},"north":{"uv":[6.5,12.5,8.5,16],"texture":"#1"},"south":{"uv":[6.5,12.5,8.5,16],"texture":"#1"},"west":{"uv":[6.5,12.5,8.5,16],"texture":"#1"}}},{"from":[4.25,5.5,7.75],"to":[4.75,10,9.5],"faces":{"down":{"uv":[6.5,12.5,8.5,16],"texture":"#1"},"up":{"uv":[6.5,12.5,8.5,16],"texture":"#1"},"north":{"uv":[6.5,12.5,8.5,16],"texture":"#1"},"south":{"uv":[6.5,12.5,8.5,16],"texture":"#1"},"west":{"uv":[6.5,12.5,8.5,16],"texture":"#1"}}},{"from":[5.75,5.25,7.25],"to":[6.25,10.25,10],"faces":{"down":{"uv":[9,11.5,10,12],"texture":"#1"},"up":{"uv":[9,11.5,10,12],"texture":"#1"},"north":{"uv":[9,11.5,10,12],"texture":"#1"},"south":{"uv":[9,11.5,10,12],"texture":"#1"},"west":{"uv":[9,11.5,10,12],"texture":"#1"},"east":{"uv":[9,11.5,10,12],"texture":"#1"}}},{"from":[4.75,5.75,10],"to":[11,9.75,10.25],"faces":{"down":{"uv":[7.5,12.5,16,16],"texture":"#1"},"up":{"uv":[7.5,12.5,16,16],"texture":"#1"},"south":{"uv":[7.5,12.5,16,16],"texture":"#1"},"west":{"uv":[7.5,12.5,16,16],"texture":"#1"},"east":{"uv":[7.5,12.5,16,16],"texture":"#1"}}},{"from":[3.75,6.75,7],"to":[12,8.75,7.5],"faces":{"down":{"uv":[15,6.5,16,12],"texture":"#1"},"up":{"uv":[15,6.5,16,12],"texture":"#1"},"north":{"uv":[15,6.5,16,12],"texture":"#1"},"west":{"uv":[15,6.5,16,12],"texture":"#1"},"east":{"uv":[15,6.5,16,12],"texture":"#1"}}},{"from":[4,6.25,6.75],"to":[11.75,9.25,10.5],"faces":{"down":{"uv":[6.5,12.5,13,16],"texture":"#1","rotation":90},"up":{"uv":[6.5,12.5,13,16],"texture":"#1","rotation":90},"north":{"uv":[6.5,12.5,13,16],"texture":"#1","rotation":90},"south":{"uv":[6.5,12.5,13,16],"texture":"#1","rotation":90},"west":{"uv":[10.5,6.5,16,12],"texture":"#1"},"east":{"uv":[10.5,6.5,16,12],"texture":"#1"}}},{"from":[4,5.75,7.75],"to":[11.75,9.75,9.5],"faces":{"down":{"uv":[6.5,12.5,12.5,16],"texture":"#1","rotation":90},"up":{"uv":[6.5,12.5,12.5,16],"texture":"#1","rotation":90},"north":{"uv":[6.5,12.5,12.5,16],"texture":"#1","rotation":90},"south":{"uv":[6.5,12.5,12.5,16],"texture":"#1","rotation":90},"west":{"uv":[13,6.5,16,12.5],"texture":"#1"},"east":{"uv":[13,6.5,16,12.5],"texture":"#1"}}},{"from":[4,9.25,7],"to":[11.75,9.5,7.75],"faces":{"up":{"uv":[10,14,11,14.5],"texture":"#1","rotation":180},"north":{"uv":[10,14,11,14.5],"texture":"#1","rotation":180},"west":{"uv":[12.5,10,13.5,10.5],"texture":"#1"},"east":{"uv":[12.5,10,13.5,10.5],"texture":"#1"}}},{"from":[4,9.25,9.5],"to":[11.75,9.5,10.25],"faces":{"up":{"uv":[8,13.5,9,14],"texture":"#1","rotation":180},"south":{"uv":[8,13.5,9,14],"texture":"#1","rotation":180},"west":{"uv":[11.5,6.5,13,7],"texture":"#1"},"east":{"uv":[11.5,6.5,13,7],"texture":"#1"}}},{"from":[4.25,5.75,9.5],"to":[11.5,9.75,10],"faces":{"down":{"uv":[10,14,11,14.5],"texture":"#1","rotation":180},"up":{"uv":[10,14,11,14.5],"texture":"#1","rotation":180},"south":{"uv":[10,14,11,14.5],"texture":"#1","rotation":180},"west":{"uv":[10,14,11,14.5],"texture":"#1","rotation":180},"east":{"uv":[10,14,11,14.5],"texture":"#1","rotation":180}}},{"from":[4.5,6,6.75],"to":[11.25,9.5,10.5],"faces":{"down":{"uv":[0,13.5,12.5,14],"texture":"#1"},"up":{"uv":[0,13.5,12.5,14],"texture":"#1"},"north":{"uv":[1,12,11.5,16],"texture":"#1"},"south":{"uv":[1,12,11.5,16],"texture":"#1"},"west":{"uv":[9.5,12,10,16],"texture":"#1"},"east":{"uv":[9.5,12,10,16],"texture":"#1"}}},{"from":[4.25,6.5,6.5],"to":[11.5,9,10.75],"faces":{"down":{"uv":[0,15,16,15.5],"texture":"#1"},"up":{"uv":[0,15,16,15.5],"texture":"#1"},"north":{"uv":[14.5,0,0,5],"texture":"#1"},"south":{"uv":[0,0,14.5,5],"texture":"#1"},"west":{"uv":[6.5,12.5,13,16],"texture":"#1"},"east":{"uv":[6.5,12.5,13,16],"texture":"#1"}}},{"from":[3.75,6.25,8],"to":[12,9.25,9.25],"faces":{"down":{"uv":[12,6.5,14.5,12],"texture":"#1"},"up":{"uv":[12,6.5,14.5,12],"texture":"#1"},"north":{"uv":[12,6.5,14.5,12],"texture":"#1"},"south":{"uv":[12,6.5,14.5,12],"texture":"#1"},"west":{"uv":[12,6.5,14.5,12],"texture":"#1"},"east":{"uv":[12,6.5,14.5,12],"texture":"#1"}}},{"from":[3.75,6.5,7.5],"to":[12,9,8],"faces":{"down":{"uv":[14.5,6.5,15.5,12.5],"texture":"#1"},"up":{"uv":[14.5,6.5,15.5,12.5],"texture":"#1"},"north":{"uv":[14.5,6.5,15.5,12.5],"texture":"#1"},"west":{"uv":[14.5,6.5,15.5,12.5],"texture":"#1"},"east":{"uv":[14.5,6.5,15.5,12.5],"texture":"#1"}}},{"from":[5.5,5.5,7.25],"to":[6.5,10,10],"faces":{"down":{"uv":[6.5,12.5,8.5,16],"texture":"#1"},"up":{"uv":[6.5,12.5,8.5,16],"texture":"#1"},"north":{"uv":[6.5,12.5,8.5,16],"texture":"#1"},"south":{"uv":[6.5,12.5,8.5,16],"texture":"#1"},"west":{"uv":[6.5,12.5,8.5,16],"texture":"#1"}}},{"from":[3.75,6.5,9.25],"to":[12,9,9.75],"faces":{"down":{"uv":[13,6.5,14,12.5],"texture":"#1"},"up":{"uv":[13,6.5,14,12.5],"texture":"#1"},"south":{"uv":[13,6.5,14,12.5],"texture":"#1"},"west":{"uv":[13,6.5,14,12.5],"texture":"#1"},"east":{"uv":[13,6.5,14,12.5],"texture":"#1"}}},{"from":[3.75,6.75,9.75],"to":[12,8.75,10.25],"faces":{"down":{"uv":[11,6.5,12,12],"texture":"#1"},"up":{"uv":[11,6.5,12,12],"texture":"#1"},"south":{"uv":[11,6.5,12,12],"texture":"#1"},"west":{"uv":[11,6.5,12,12],"texture":"#1"},"east":{"uv":[11,6.5,12,12],"texture":"#1"}}},{"from":[6.75,5,8],"to":[9,5.25,9.25],"faces":{"down":{"uv":[3.5,2,6,2.5],"texture":"#1","rotation":180},"north":{"uv":[3.5,2,6,2.5],"texture":"#1","rotation":180},"south":{"uv":[3.5,2,6,2.5],"texture":"#1","rotation":180},"west":{"uv":[3.5,2,6,2.5],"texture":"#1","rotation":180},"east":{"uv":[3.5,2,6,2.5],"texture":"#1","rotation":180}}},{"from":[4.25,5.75,7.25],"to":[11.5,9.75,7.75],"faces":{"down":{"uv":[10,14,11,14.5],"texture":"#1","rotation":180},"up":{"uv":[10,14,11,14.5],"texture":"#1","rotation":180},"north":{"uv":[10,14,11,14.5],"texture":"#1","rotation":180},"west":{"uv":[10,14,11,14.5],"texture":"#1","rotation":180},"east":{"uv":[10,14,11,14.5],"texture":"#1","rotation":180}}},{"from":[4.75,5.75,7],"to":[11,9.75,7.25],"faces":{"down":{"uv":[2,12.5,11,15.5],"texture":"#1","rotation":180},"up":{"uv":[2,12.5,11,15.5],"texture":"#1","rotation":180},"north":{"uv":[2,12.5,11,15.5],"texture":"#1","rotation":180},"west":{"uv":[2,12.5,11,15.5],"texture":"#1","rotation":180},"east":{"uv":[2,12.5,11,15.5],"texture":"#1","rotation":180}}},{"from":[7.75,-9.25,7.5],"to":[8,-7.5,9.75],"faces":{"down":{"uv":[3.5,10.5,4,14],"texture":"#0"},"up":{"uv":[3.5,10.5,4,14],"texture":"#0"},"north":{"uv":[3.5,10.5,4,14],"texture":"#0"},"south":{"uv":[3.5,10.5,4,14],"texture":"#0"},"west":{"uv":[3.5,10.5,4,14],"texture":"#0"},"east":{"uv":[3.5,10.5,4,14],"texture":"#0"}}},{"from":[5.25,6.25,6.5],"to":[10.5,9.25,10.75],"faces":{"down":{"uv":[0,12,12.5,12.5],"texture":"#1"},"up":{"uv":[0,12,12.5,12.5],"texture":"#1"},"north":{"uv":[10.5,6,0,12],"texture":"#1"},"south":{"uv":[0,6,10.5,12],"texture":"#1"},"west":{"uv":[9,11,10,12],"texture":"#1"},"east":{"uv":[6,11,7,12],"texture":"#1"}}},{"from":[5.75,5.75,6.75],"to":[6.25,9.75,10.5],"faces":{"down":{"uv":[0.5,11.5,1.5,12],"texture":"#1"},"up":{"uv":[0.5,11.5,1.5,12],"texture":"#1"},"north":{"uv":[0.5,11.5,1.5,12],"texture":"#1"},"south":{"uv":[0.5,11.5,1.5,12],"texture":"#1"},"west":{"uv":[0.5,11.5,1.5,12],"texture":"#1"},"east":{"uv":[0.5,11.5,1.5,12],"texture":"#1"}}},{"from":[5.75,5.5,7],"to":[6.25,10,10.25],"faces":{"down":{"uv":[0.5,7,1.5,7.5],"texture":"#1"},"up":{"uv":[0.5,7,1.5,7.5],"texture":"#1"},"north":{"uv":[0.5,7,1.5,7.5],"texture":"#1"},"south":{"uv":[0.5,7,1.5,7.5],"texture":"#1"},"west":{"uv":[0.5,7,1.5,7.5],"texture":"#1"},"east":{"uv":[0.5,7,1.5,7.5],"texture":"#1"}}},{"from":[5.75,9.25,6.5],"to":[6.25,9.5,10.75],"faces":{"up":{"uv":[0.5,11.5,1.5,12],"texture":"#1"},"north":{"uv":[0.5,11.5,1.5,12],"texture":"#1"},"south":{"uv":[0.5,11.5,1.5,12],"texture":"#1"},"west":{"uv":[0.5,11.5,1.5,12],"texture":"#1"},"east":{"uv":[0.5,11.5,1.5,12],"texture":"#1"}}},{"from":[9.5,5.25,7.25],"to":[10,10.25,10],"faces":{"down":{"uv":[9,11.5,10,12],"texture":"#1"},"up":{"uv":[9,11.5,10,12],"texture":"#1"},"north":{"uv":[9,11.5,10,12],"texture":"#1"},"south":{"uv":[9,11.5,10,12],"texture":"#1"},"west":{"uv":[9,11.5,10,12],"texture":"#1"},"east":{"uv":[9,11.5,10,12],"texture":"#1"}}},{"from":[9.5,5.5,7],"to":[10,10,10.25],"faces":{"down":{"uv":[9,6,10,6.5],"texture":"#1"},"up":{"uv":[9,6,10,6.5],"texture":"#1"},"north":{"uv":[9,6,10,6.5],"texture":"#1"},"south":{"uv":[9,6,10,6.5],"texture":"#1"},"west":{"uv":[9,6,10,6.5],"texture":"#1"},"east":{"uv":[9,6,10,6.5],"texture":"#1"}}},{"from":[9.5,5.75,6.75],"to":[10,9.75,10.5],"faces":{"down":{"uv":[13,2,14,2.5],"texture":"#1"},"up":{"uv":[13,2,14,2.5],"texture":"#1"},"north":{"uv":[13,2,14,2.5],"texture":"#1"},"south":{"uv":[13,2,14,2.5],"texture":"#1"},"west":{"uv":[13,2,14,2.5],"texture":"#1"},"east":{"uv":[13,2,14,2.5],"texture":"#1"}}},{"from":[9.5,9.25,6.5],"to":[10,9.5,10.75],"faces":{"up":{"uv":[11,0,12,0.5],"texture":"#1"},"north":{"uv":[11,0,12,0.5],"texture":"#1"},"south":{"uv":[11,0,12,0.5],"texture":"#1"},"west":{"uv":[11,0,12,0.5],"texture":"#1"},"east":{"uv":[11,0,12,0.5],"texture":"#1"}}},{"from":[8.25,7.25,6.25],"to":[8.5,8.25,11],"faces":{"down":{"uv":[6,10,6.5,10.5],"texture":"#1"},"up":{"uv":[6,8,6.5,8.5],"texture":"#1"},"north":{"uv":[6,8,6.5,10],"texture":"#1"},"south":{"uv":[6,8,6.5,10],"texture":"#1"},"east":{"uv":[6,8,6.5,10],"texture":"#1"}}},{"from":[10.25,8,6.25],"to":[10.75,8.5,11],"faces":{"down":{"uv":[11,0,12,1],"texture":"#1"},"up":{"uv":[11,0,12,1],"texture":"#1"},"north":{"uv":[11,0,12,1],"texture":"#1"},"south":{"uv":[11,0,12,1],"texture":"#1"},"west":{"uv":[11,0,12,1],"texture":"#1"},"east":{"uv":[11,0,12,1],"texture":"#1"}}},{"from":[9.75,8.5,6.25],"to":[10.25,9.25,11],"faces":{"down":{"uv":[2.5,4,3.5,5.5],"texture":"#1"},"up":{"uv":[2.5,4,3.5,5.5],"texture":"#1"},"north":{"uv":[2.5,4,3.5,5.5],"texture":"#1"},"south":{"uv":[2.5,4,3.5,5.5],"texture":"#1"},"west":{"uv":[2.5,4,3.5,5.5],"texture":"#1"},"east":{"uv":[2.5,4,3.5,5.5],"texture":"#1"}}},{"from":[10.75,7.5,6.25],"to":[11.25,8,11],"faces":{"down":{"uv":[12,1,13,2],"texture":"#1"},"up":{"uv":[12,1,13,2],"texture":"#1"},"north":{"uv":[12,1,13,2],"texture":"#1"},"south":{"uv":[12,1,13,2],"texture":"#1"},"west":{"uv":[12,1,13,2],"texture":"#1"},"east":{"uv":[12,1,13,2],"texture":"#1"}}},{"from":[10.25,7,6.25],"to":[10.75,7.5,11],"faces":{"down":{"uv":[13,2,14,3],"texture":"#1"},"up":{"uv":[13,2,14,3],"texture":"#1"},"north":{"uv":[13,2,14,3],"texture":"#1"},"south":{"uv":[13,2,14,3],"texture":"#1"},"west":{"uv":[13,2,14,3],"texture":"#1"},"east":{"uv":[13,2,14,3],"texture":"#1"}}},{"from":[9.75,6.25,6.25],"to":[10.25,7,11],"faces":{"down":{"uv":[9,6,10,7.5],"texture":"#1"},"up":{"uv":[9,6,10,7.5],"texture":"#1"},"north":{"uv":[9,6,10,7.5],"texture":"#1"},"south":{"uv":[9,6,10,7.5],"texture":"#1"},"west":{"uv":[9,6,10,7.5],"texture":"#1"},"east":{"uv":[9,6,10,7.5],"texture":"#1"}}},{"from":[5.5,6.25,6.25],"to":[6,7,11],"faces":{"down":{"uv":[0.5,10.5,1.5,12],"texture":"#1"},"up":{"uv":[0.5,10.5,1.5,12],"texture":"#1"},"north":{"uv":[0.5,10.5,1.5,12],"texture":"#1"},"south":{"uv":[0.5,10.5,1.5,12],"texture":"#1"},"west":{"uv":[0.5,10.5,1.5,12],"texture":"#1"},"east":{"uv":[0.5,10.5,1.5,12],"texture":"#1"}}},{"from":[5,7,6.25],"to":[5.5,7.5,11],"faces":{"down":{"uv":[1.5,3,2.5,4],"texture":"#1"},"up":{"uv":[1.5,3,2.5,4],"texture":"#1"},"north":{"uv":[1.5,3,2.5,4],"texture":"#1"},"south":{"uv":[1.5,3,2.5,4],"texture":"#1"},"west":{"uv":[1.5,3,2.5,4],"texture":"#1"},"east":{"uv":[1.5,3,2.5,4],"texture":"#1"}}},{"from":[4.5,7.5,6.25],"to":[5,8,11],"faces":{"down":{"uv":[0.5,2,1.5,3],"texture":"#1"},"up":{"uv":[0.5,2,1.5,3],"texture":"#1"},"north":{"uv":[0.5,2,1.5,3],"texture":"#1"},"south":{"uv":[0.5,2,1.5,3],"texture":"#1"},"west":{"uv":[0.5,2,1.5,3],"texture":"#1"},"east":{"uv":[0.5,2,1.5,3],"texture":"#1"}}},{"from":[5.5,8.5,6.25],"to":[6,9.25,11],"faces":{"down":{"uv":[0.5,6,1.5,7.5],"texture":"#1"},"up":{"uv":[0.5,6,1.5,7.5],"texture":"#1"},"north":{"uv":[0.5,6,1.5,7.5],"texture":"#1"},"south":{"uv":[0.5,6,1.5,7.5],"texture":"#1"},"west":{"uv":[0.5,6,1.5,7.5],"texture":"#1"},"east":{"uv":[0.5,6,1.5,7.5],"texture":"#1"}}},{"from":[5,8,6.25],"to":[5.5,8.5,11],"faces":{"down":{"uv":[1.5,1,2.5,2],"texture":"#1"},"up":{"uv":[1.5,1,2.5,2],"texture":"#1"},"north":{"uv":[1.5,1,2.5,2],"texture":"#1"},"south":{"uv":[1.5,1,2.5,2],"texture":"#1"},"west":{"uv":[1.5,1,2.5,2],"texture":"#1"},"east":{"uv":[1.5,1,2.5,2],"texture":"#1"}}},{"from":[7.75,6.75,6.25],"to":[8,8.75,11],"faces":{"down":{"uv":[5,10.5,5.5,11],"texture":"#1"},"up":{"uv":[5,7,5.5,7.5],"texture":"#1"},"north":{"uv":[5,7,5.5,11],"texture":"#1"},"south":{"uv":[5,7,5.5,11],"texture":"#1"},"west":{"uv":[5,7,5.5,11],"texture":"#1"},"east":{"uv":[5,7,5.5,11],"texture":"#1"}}},{"from":[7.5,7,6.25],"to":[7.75,8.5,11],"faces":{"down":{"uv":[4.5,10,5,10.5],"texture":"#1"},"up":{"uv":[4.5,7.5,5,8],"texture":"#1"},"north":{"uv":[4.5,7.5,5,10.5],"texture":"#1"},"south":{"uv":[4.5,7.5,5,10.5],"texture":"#1"},"west":{"uv":[4.5,7.5,5,10.5],"texture":"#1"}}},{"from":[8,7,6.25],"to":[8.25,8.5,11],"faces":{"down":{"uv":[5.5,10,6,10.5],"texture":"#1"},"up":{"uv":[5.5,7.5,6,8],"texture":"#1"},"north":{"uv":[5.5,7.5,6,10],"texture":"#1"},"south":{"uv":[5.5,7.5,6,10],"texture":"#1"},"east":{"uv":[5.5,7.5,6,10],"texture":"#1"}}},{"from":[7.25,7.25,6.25],"to":[7.5,8.25,11],"faces":{"down":{"uv":[4,9.5,4.5,10],"texture":"#1"},"up":{"uv":[4,8,4.5,8.5],"texture":"#1"},"north":{"uv":[4,8,4.5,10],"texture":"#1"},"south":{"uv":[4,8,4.5,10],"texture":"#1"},"west":{"uv":[4,8,4.5,10],"texture":"#1"}}},{"from":[7.25,3.5,8.25],"to":[7.5,4.75,9],"faces":{"down":{"uv":[7.5,2.5,9,5],"texture":"#0"},"north":{"uv":[9,2.5,9.5,4.5],"texture":"#0"},"south":{"uv":[8.5,2.5,9,5],"texture":"#0"},"west":{"uv":[7.5,2.5,9,5],"texture":"#0"}}},{"from":[7.25,2.5,8.25],"to":[7.5,3.25,9],"faces":{"down":{"uv":[9,3,9.5,4.5],"texture":"#0"},"up":{"uv":[9,3,9.5,4.5],"texture":"#0"},"north":{"uv":[9,3,9.5,4.5],"texture":"#0"},"south":{"uv":[9,3,9.5,4.5],"texture":"#0"},"west":{"uv":[9,3,9.5,4.5],"texture":"#0"}}},{"from":[8,4.25,8],"to":[8.25,4.75,9.25],"faces":{"down":{"uv":[5.5,6.5,6,7.5],"texture":"#1","rotation":180},"north":{"uv":[5.5,6.5,6,7.5],"texture":"#1","rotation":180},"south":{"uv":[5.5,6.5,6,7.5],"texture":"#1","rotation":180},"east":{"uv":[5.5,6.5,6,7.5],"texture":"#1","rotation":180}}},{"from":[8.5,4,8.5],"to":[8.75,4.5,8.75],"faces":{"down":{"uv":[4.5,2,5,3],"texture":"#1","rotation":180},"north":{"uv":[4.5,2,5,3],"texture":"#1","rotation":180},"south":{"uv":[4.5,2,5,3],"texture":"#1","rotation":180},"east":{"uv":[4.5,2,5,3],"texture":"#1","rotation":180}}},{"from":[7.75,3.75,8],"to":[8,4.75,9.25],"faces":{"down":{"uv":[5,1.5,5.5,3.5],"texture":"#1","rotation":180},"north":{"uv":[5,1.5,5.5,3.5],"texture":"#1","rotation":180},"south":{"uv":[5,1.5,5.5,3.5],"texture":"#1","rotation":180},"west":{"uv":[5,1.5,5.5,3.5],"texture":"#1","rotation":180},"east":{"uv":[5,1.5,5.5,3.5],"texture":"#1","rotation":180}}},{"from":[7,-9.25,7.75],"to":[7.25,-7.5,9.5],"faces":{"down":{"uv":[5,10.5,5.5,14.5],"texture":"#0"},"up":{"uv":[2,10.5,2.5,14],"texture":"#0"},"north":{"uv":[5,10.5,5.5,14.5],"texture":"#0"},"south":{"uv":[5,10.5,5.5,14.5],"texture":"#0"},"west":{"uv":[5,10.5,5.5,14.5],"texture":"#0"}}},{"from":[7.5,-4.75,8.25],"to":[8.25,1.25,9],"faces":{"north":{"uv":[7.5,0,9,12],"texture":"#0"},"south":{"uv":[7.5,0,9,12],"texture":"#0"},"west":{"uv":[7.5,0,9,12],"texture":"#0"},"east":{"uv":[7.5,0,9,12],"texture":"#0"}}},{"from":[7.5,0.5,8],"to":[8.25,1,9.25],"faces":{"down":{"uv":[3,1.5,4.5,2.5],"texture":"#0"},"up":{"uv":[3,1.5,4.5,2.5],"texture":"#0"},"north":{"uv":[3,1.5,4.5,2.5],"texture":"#0"},"south":{"uv":[3,1.5,4.5,2.5],"texture":"#0"},"west":{"uv":[3,1.5,4.5,2.5],"texture":"#0"},"east":{"uv":[3,1.5,4.5,2.5],"texture":"#0"}}},{"from":[7.25,-0.25,8.25],"to":[8.5,0.25,9],"faces":{"down":{"uv":[7,3,9.5,4],"texture":"#0"},"up":{"uv":[7,3,9.5,4],"texture":"#0"},"north":{"uv":[7,3,9.5,4],"texture":"#0"},"south":{"uv":[7,3,9.5,4],"texture":"#0"},"west":{"uv":[7,3,9,4.5],"texture":"#0"},"east":{"uv":[7,3,9,4.5],"texture":"#0"}}},{"from":[7.75,-5,8],"to":[8,-4.75,9.25],"faces":{"north":{"uv":[8,7,8.5,6.5],"texture":"#0"},"south":{"uv":[8,7,8.5,6.5],"texture":"#0"},"west":{"uv":[7,8,8.5,7.5],"texture":"#0"},"east":{"uv":[7,8,8.5,7.5],"texture":"#0"}}},{"from":[7.25,-2.75,8.5],"to":[8.5,-2.5,8.75],"faces":{"north":{"uv":[7,8,9.5,8.5],"texture":"#0"},"south":{"uv":[7,8,9.5,8.5],"texture":"#0"},"west":{"uv":[8,8,8.5,8.5],"texture":"#0"},"east":{"uv":[8,8,8.5,8.5],"texture":"#0"}}},{"from":[7.75,-2,8],"to":[8,-1.75,9.25],"faces":{"north":{"uv":[8,7,8.5,6.5],"texture":"#0"},"south":{"uv":[8,7,8.5,6.5],"texture":"#0"},"west":{"uv":[7,8,8.5,7.5],"texture":"#0"},"east":{"uv":[7,8,8.5,7.5],"texture":"#0"}}},{"from":[7.25,-1.25,8.5],"to":[8.5,-1,8.75],"faces":{"north":{"uv":[2.5,0,5,0.5],"texture":"#0"},"south":{"uv":[2.5,0,5,0.5],"texture":"#0"},"west":{"uv":[2.5,0,3,0.5],"texture":"#0"},"east":{"uv":[4.5,0.5,5,1],"texture":"#0"}}},{"from":[7.5,-3.25,8],"to":[8.25,-2.75,9.25],"faces":{"down":{"uv":[7,6,8.5,8.5],"texture":"#0"},"up":{"uv":[7,6,8.5,8.5],"texture":"#0"},"north":{"uv":[7.5,6,9,7],"texture":"#0"},"south":{"uv":[7.5,6,9,7],"texture":"#0"},"west":{"uv":[7,6,9.5,7],"texture":"#0"},"east":{"uv":[7,6,9.5,7],"texture":"#0"}}},{"from":[7.25,-6.25,8.25],"to":[8.5,-5.75,9],"faces":{"up":{"uv":[3,0.5,4,2.5],"texture":"#0"},"north":{"uv":[3,0.5,5,1.5],"texture":"#0"},"south":{"uv":[3,0.5,5,1.5],"texture":"#0"},"west":{"uv":[3,0.5,5,1.5],"texture":"#0"},"east":{"uv":[3,0.5,5,1.5],"texture":"#0"}}},{"from":[7.75,-3.5,8],"to":[8,-3.25,9.25],"faces":{"north":{"uv":[8,7.5,8.5,8],"texture":"#0"},"south":{"uv":[8,7.5,8.5,8],"texture":"#0"},"west":{"uv":[7,8,9.5,8.5],"texture":"#0"},"east":{"uv":[7,8,9.5,8.5],"texture":"#0"}}},{"from":[7.25,-2,8.5],"to":[8.5,-1.75,8.75],"faces":{"north":{"uv":[7,7,9.5,7.5],"texture":"#0"},"south":{"uv":[7,7,9.5,7.5],"texture":"#0"},"west":{"uv":[8,8,8.5,8.5],"texture":"#0"},"east":{"uv":[8,8,8.5,8.5],"texture":"#0"}}},{"from":[7.5,-2.5,8],"to":[8.25,-2,9.25],"faces":{"down":{"uv":[2.5,3,4.5,4.5],"texture":"#0"},"up":{"uv":[2.5,3,4.5,4.5],"texture":"#0"},"north":{"uv":[3,3,5,4],"texture":"#0"},"south":{"uv":[3,3,5,4],"texture":"#0"},"west":{"uv":[2.5,3,4.5,4],"texture":"#0"},"east":{"uv":[2.5,3,4.5,4],"texture":"#0"}}},{"from":[7.25,-2.5,8.25],"to":[8.5,-2,9],"faces":{"down":{"uv":[3,0.5,4,2.5],"texture":"#0"},"up":{"uv":[3,0.5,4,2.5],"texture":"#0"},"north":{"uv":[3,0.5,5,1.5],"texture":"#0"},"south":{"uv":[3,0.5,5,1.5],"texture":"#0"},"west":{"uv":[3,0.5,5,1.5],"texture":"#0"},"east":{"uv":[3,0.5,5,1.5],"texture":"#0"}}},{"from":[9.5,6,6.5],"to":[10,6.25,10.75],"faces":{"down":{"uv":[13,2.5,14,3],"texture":"#1"},"north":{"uv":[13,2.5,14,3],"texture":"#1"},"south":{"uv":[13,2.5,14,3],"texture":"#1"},"west":{"uv":[13,2.5,14,3],"texture":"#1"},"east":{"uv":[13,2.5,14,3],"texture":"#1"}}},{"from":[5.75,6,6.5],"to":[6.25,6.25,10.75],"faces":{"down":{"uv":[0.5,11,1.5,11.5],"texture":"#1"},"north":{"uv":[0.5,11,1.5,11.5],"texture":"#1"},"south":{"uv":[0.5,11,1.5,11.5],"texture":"#1"},"west":{"uv":[0.5,11,1.5,11.5],"texture":"#1"},"east":{"uv":[0.5,11,1.5,11.5],"texture":"#1"}}},{"from":[4,6,7],"to":[11.75,6.25,7.75],"faces":{"down":{"uv":[6.5,13.5,7.5,14],"texture":"#1","rotation":180},"north":{"uv":[6.5,13.5,7.5,14],"texture":"#1","rotation":180},"west":{"uv":[12,9.5,13,10],"texture":"#1"},"east":{"uv":[12,9.5,13,10],"texture":"#1"}}},{"from":[4,6,9.5],"to":[11.75,6.25,10.25],"faces":{"down":{"uv":[9.5,13,10.5,13.5],"texture":"#1","rotation":180},"south":{"uv":[9.5,13,10.5,13.5],"texture":"#1","rotation":180},"west":{"uv":[13,7,14,7.5],"texture":"#1"},"east":{"uv":[13,7,14,7.5],"texture":"#1"}}},{"from":[7,4.75,8],"to":[7.25,5,9.25],"faces":{"down":{"uv":[9.5,2.5,10,3],"texture":"#1","rotation":180},"north":{"uv":[9.5,2.5,10,3],"texture":"#1","rotation":180},"south":{"uv":[9.5,2.5,10,3],"texture":"#1","rotation":180},"west":{"uv":[9.5,2.5,10,3],"texture":"#1","rotation":180}}},{"from":[7.25,4.5,8],"to":[7.5,4.75,9.25],"faces":{"down":{"uv":[5,6.5,5.5,7],"texture":"#1","rotation":180},"north":{"uv":[5,6.5,5.5,7],"texture":"#1","rotation":180},"south":{"uv":[5,6.5,5.5,7],"texture":"#1","rotation":180},"west":{"uv":[5,6.5,5.5,7],"texture":"#1","rotation":180}}},{"from":[7,4,8.5],"to":[7.25,4.5,8.75],"faces":{"down":{"uv":[5.5,6.5,6,7.5],"texture":"#1","rotation":180},"north":{"uv":[5.5,6.5,6,7.5],"texture":"#1","rotation":180},"south":{"uv":[5.5,6.5,6,7.5],"texture":"#1","rotation":180},"west":{"uv":[5.5,6.5,6,7.5],"texture":"#1","rotation":180}}},{"from":[7.5,4.25,8],"to":[7.75,4.75,9.25],"faces":{"down":{"uv":[3.5,0.5,4,1.5],"texture":"#1","rotation":180},"north":{"uv":[3.5,0.5,4,1.5],"texture":"#1","rotation":180},"south":{"uv":[3.5,0.5,4,1.5],"texture":"#1","rotation":180},"west":{"uv":[3.5,0.5,4,1.5],"texture":"#1","rotation":180}}}],"display":{"thirdperson_righthand":{"rotation":[0,-90,0],"translation":[0.8,15,1.5],"scale":[1.4,1.4,1.4]},"thirdperson_lefthand":{"rotation":[0,90,0],"translation":[-1,15,1.5],"scale":[1.4,1.4,1.4]},"firstperson_righthand":{"rotation":[-5,90,5],"translation":[2,13,-6],"scale":[1.4,1.4,1.4]},"firstperson_lefthand":{"rotation":[-5,90,5],"translation":[2,13,-6],"scale":[1.4,1.4,1.4]},"gui":{"rotation":[0,0,45],"translation":[-4,4,4]},"head":{"scale":[0.0001,0.0001,0.0001]},"ground":{"rotation":[0,0,25],"translation":[0,16,0]},"fixed":{"translation":[0,8.3478,0]}}}