{"textures":{"0":"magical_wand0","1":"magical_wand1"},"elements":[{"from":[6.25,-12.75,3.5],"to":[6.5,-12.5,5],"faces":{"down":{"uv":[4,11,4.5,13.5],"texture":"#0"},"up":{"uv":[4,11,4.5,13.5],"texture":"#0"},"north":{"uv":[2.5,10,3,10.5],"texture":"#0"},"south":{"uv":[2.5,10,3,10.5],"texture":"#0"},"west":{"uv":[4,11,7,11.5],"texture":"#0"},"east":{"uv":[4,11,7,11.5],"texture":"#0"}}},{"from":[6,-9.75,3],"to":[6.75,-9.5,3.5],"faces":{"down":{"uv":[4.5,12,5.5,12.5],"texture":"#0"},"up":{"uv":[4.5,12,5.5,12.5],"texture":"#0"},"north":{"uv":[4.5,12,5.5,12.5],"texture":"#0"},"south":{"uv":[4.5,12,5.5,12.5],"texture":"#0"},"west":{"uv":[4.5,12,5.5,12.5],"texture":"#0"},"east":{"uv":[4.5,12,5.5,12.5],"texture":"#0"}}},{"from":[6.25,-10,4.5],"to":[6.5,-9.25,4.75],"faces":{"down":{"uv":[5,11,5.5,11.5],"texture":"#0"},"up":{"uv":[5,11,5.5,11.5],"texture":"#0"},"north":{"uv":[5,11,5.5,11.5],"texture":"#0"},"south":{"uv":[5,11,5.5,11.5],"texture":"#0"},"west":{"uv":[5,11,5.5,11.5],"texture":"#0"},"east":{"uv":[5,11,5.5,11.5],"texture":"#0"}}},{"from":[6,-9.75,4.5],"to":[6.75,-9.5,4.75],"faces":{"down":{"uv":[7.5,11.5,8,12],"texture":"#0"},"up":{"uv":[7.5,11.5,8,12],"texture":"#0"},"north":{"uv":[7.5,11.5,8,12],"texture":"#0"},"south":{"uv":[7.5,11.5,8,12],"texture":"#0"},"west":{"uv":[7.5,11.5,8,12],"texture":"#0"},"east":{"uv":[7.5,11.5,8,12],"texture":"#0"}}},{"from":[6.25,-11,2.25],"to":[6.5,-10.25,3],"faces":{"down":{"uv":[2.5,12,3,13],"texture":"#0"},"up":{"uv":[2.5,12,3,13],"texture":"#0"},"north":{"uv":[4,12.5,4.5,14],"texture":"#0"},"south":{"uv":[4,12.5,4.5,14],"texture":"#0"},"west":{"uv":[5,12,6.5,13.5],"texture":"#0"},"east":{"uv":[5,12,6.5,13.5],"texture":"#0"}}},{"from":[6.25,-12.25,3],"to":[6.5,-12,5.5],"faces":{"down":{"uv":[4,11,4.5,15],"texture":"#0"},"up":{"uv":[4,11,4.5,15],"texture":"#0"},"north":{"uv":[6.5,10,7,10.5],"texture":"#0"},"south":{"uv":[6.5,10,7,10.5],"texture":"#0"},"west":{"uv":[1,12,5,12.5],"texture":"#0"},"east":{"uv":[1,12,5,12.5],"texture":"#0"}}},{"from":[6.25,-9.75,2.75],"to":[6.5,-9.5,3],"faces":{"down":{"uv":[1.5,10.5,2,11],"texture":"#0"},"up":{"uv":[1.5,10.5,2,11],"texture":"#0"},"north":{"uv":[1.5,10.5,2,11],"texture":"#0"},"south":{"uv":[1.5,10.5,2,11],"texture":"#0"},"west":{"uv":[1.5,10.5,2,11],"texture":"#0"},"east":{"uv":[1.5,10.5,2,11],"texture":"#0"}}},{"from":[6.25,-9.75,3.5],"to":[6.5,-9.5,5],"faces":{"down":{"uv":[1.5,11.5,2,14.5],"texture":"#0"},"up":{"uv":[1.5,11.5,2,14.5],"texture":"#0"},"north":{"uv":[5.5,11.5,6,12],"texture":"#0"},"south":{"uv":[5.5,11.5,6,12],"texture":"#0"},"west":{"uv":[1.5,11.5,4.5,12],"texture":"#0"},"east":{"uv":[1.5,11.5,4.5,12],"texture":"#0"}}},{"from":[6.25,-11.5,5.25],"to":[6.5,-11,6],"faces":{"down":{"uv":[3,10.5,3.5,11.5],"texture":"#0"},"up":{"uv":[3,10.5,3.5,11.5],"texture":"#0"},"north":{"uv":[5.5,11,6,12],"texture":"#0"},"south":{"uv":[2,11.5,2.5,12.5],"texture":"#0"},"west":{"uv":[3,10.5,3.5,11.5],"texture":"#0"},"east":{"uv":[3,10.5,3.5,11.5],"texture":"#0"}}},{"from":[6,-10.75,5.5],"to":[6.75,-10.5,5.75],"faces":{"down":{"uv":[5,11,5.5,11.5],"texture":"#0"},"up":{"uv":[5,11,5.5,11.5],"texture":"#0"},"north":{"uv":[5,11,5.5,11.5],"texture":"#0"},"south":{"uv":[5,11,5.5,11.5],"texture":"#0"},"west":{"uv":[5,11,5.5,11.5],"texture":"#0"},"east":{"uv":[5,11,5.5,11.5],"texture":"#0"}}},{"from":[6,-10.25,2.75],"to":[6.75,-9.75,3],"faces":{"down":{"uv":[6.5,10,7.5,10.5],"texture":"#0"},"up":{"uv":[6.5,10,7.5,10.5],"texture":"#0"},"north":{"uv":[6.5,10,7,11],"texture":"#0"},"south":{"uv":[6.5,10,7,11],"texture":"#0"},"west":{"uv":[6.5,10,7,11],"texture":"#0"},"east":{"uv":[6.5,10,7,11],"texture":"#0"}}},{"from":[6,-11,2.5],"to":[6.75,-10.25,2.75],"faces":{"down":{"uv":[2.5,12,4,12.5],"texture":"#0"},"up":{"uv":[2.5,12,4,12.5],"texture":"#0"},"north":{"uv":[5,10.5,5.5,12],"texture":"#0"},"south":{"uv":[5,10.5,5.5,12],"texture":"#0"},"west":{"uv":[5,10.5,5.5,12],"texture":"#0"},"east":{"uv":[5,10.5,5.5,12],"texture":"#0"}}},{"from":[6,-11.5,5.5],"to":[6.75,-11,5.75],"faces":{"down":{"uv":[2,12,2.5,13],"texture":"#0"},"up":{"uv":[2,12,2.5,13],"texture":"#0"},"north":{"uv":[2,12,2.5,13],"texture":"#0"},"south":{"uv":[2,12,2.5,13],"texture":"#0"},"west":{"uv":[2,12,2.5,13],"texture":"#0"},"east":{"uv":[2,12,2.5,13],"texture":"#0"}}},{"from":[6.25,-10.5,5.5],"to":[6.5,-10.25,5.75],"faces":{"down":{"uv":[5.5,11.5,6,12],"texture":"#0"},"up":{"uv":[5.5,11.5,6,12],"texture":"#0"},"north":{"uv":[5.5,11.5,6,12],"texture":"#0"},"south":{"uv":[5.5,11.5,6,12],"texture":"#0"},"west":{"uv":[5.5,11.5,6,12],"texture":"#0"},"east":{"uv":[5.5,11.5,6,12],"texture":"#0"}}},{"from":[6.25,-10.25,2.5],"to":[6.5,-9.75,3.25],"faces":{"down":{"uv":[7.5,12.5,8,13.5],"texture":"#0"},"up":{"uv":[7.5,12.5,8,13.5],"texture":"#0"},"north":{"uv":[7.5,12.5,8,13.5],"texture":"#0"},"south":{"uv":[7.5,12.5,8,13.5],"texture":"#0"},"west":{"uv":[7,14,8.5,15],"texture":"#0"},"east":{"uv":[7,14,8.5,15],"texture":"#0"}}},{"from":[6.25,-10,3.25],"to":[6.5,-9.75,3.5],"faces":{"down":{"uv":[7,10.5,7.5,11],"texture":"#0"},"up":{"uv":[7,10.5,7.5,11],"texture":"#0"},"north":{"uv":[7,10.5,7.5,11],"texture":"#0"},"south":{"uv":[7,10.5,7.5,11],"texture":"#0"},"west":{"uv":[7,10.5,7.5,11],"texture":"#0"},"east":{"uv":[7,10.5,7.5,11],"texture":"#0"}}},{"from":[6.25,-9.5,3],"to":[6.5,-9.25,3.25],"faces":{"down":{"uv":[3.5,12,4,12.5],"texture":"#0"},"up":{"uv":[3.5,12,4,12.5],"texture":"#0"},"north":{"uv":[3.5,12,4,12.5],"texture":"#0"},"south":{"uv":[3.5,12,4,12.5],"texture":"#0"},"west":{"uv":[3.5,12,4,12.5],"texture":"#0"},"east":{"uv":[3.5,12,4,12.5],"texture":"#0"}}},{"from":[6.25,-9.25,3.25],"to":[6.5,-5.25,4.5],"faces":{"down":{"uv":[14,13.5,15.5,13],"texture":"#0"},"up":{"uv":[14,13.5,15.5,13],"texture":"#0"},"north":{"uv":[14,14.5,13.5,6.5],"texture":"#0","rotation":180},"south":{"uv":[16,14.5,15.5,6.5],"texture":"#0","rotation":180},"west":{"uv":[16,14.5,13.5,6.5],"texture":"#0","rotation":180},"east":{"uv":[16,14.5,13.5,6.5],"texture":"#0","rotation":180}}},{"from":[6,-12.75,2.25],"to":[6.75,-12.5,2.5],"faces":{"down":{"uv":[3,11.5,3.5,12],"texture":"#0"},"up":{"uv":[3,11.5,3.5,12],"texture":"#0"},"north":{"uv":[3,11.5,3.5,12],"texture":"#0"},"south":{"uv":[3,11.5,3.5,12],"texture":"#0"},"west":{"uv":[3,11.5,3.5,12],"texture":"#0"},"east":{"uv":[3,11.5,3.5,12],"texture":"#0"}}},{"from":[6,-11.75,3],"to":[6.75,-11.5,3.25],"faces":{"down":{"uv":[3,11.5,3.5,12],"texture":"#0"},"up":{"uv":[3,11.5,3.5,12],"texture":"#0"},"north":{"uv":[3,11.5,3.5,12],"texture":"#0"},"south":{"uv":[3,11.5,3.5,12],"texture":"#0"},"west":{"uv":[3,11.5,3.5,12],"texture":"#0"},"east":{"uv":[3,11.5,3.5,12],"texture":"#0"}}},{"from":[6.25,-12,4.75],"to":[6.5,-11.75,5],"faces":{"down":{"uv":[5,10.5,5.5,11],"texture":"#0"},"up":{"uv":[5,10.5,5.5,11],"texture":"#0"},"north":{"uv":[5,10.5,5.5,11],"texture":"#0"},"south":{"uv":[5,10.5,5.5,11],"texture":"#0"},"west":{"uv":[5,10.5,5.5,11],"texture":"#0"},"east":{"uv":[5,10.5,5.5,11],"texture":"#0"}}},{"from":[6.25,-12,5],"to":[6.5,-11.5,5.75],"faces":{"down":{"uv":[1.5,13,3,14],"texture":"#0"},"up":{"uv":[1.5,13,3,14],"texture":"#0"},"north":{"uv":[5,11,5.5,12],"texture":"#0"},"south":{"uv":[5,11,5.5,12],"texture":"#0"},"west":{"uv":[1.5,13,3,14],"texture":"#0"},"east":{"uv":[1.5,13,3,14],"texture":"#0"}}},{"from":[6,-12.25,4.75],"to":[6.75,-12,5.25],"faces":{"down":{"uv":[2.5,12.5,3.5,13],"texture":"#0"},"up":{"uv":[2.5,12.5,3.5,13],"texture":"#0"},"north":{"uv":[2.5,12.5,3.5,13],"texture":"#0"},"south":{"uv":[2.5,12.5,3.5,13],"texture":"#0"},"west":{"uv":[2.5,12.5,3.5,13],"texture":"#0"},"east":{"uv":[2.5,12.5,3.5,13],"texture":"#0"}}},{"from":[6.25,-11.25,3.5],"to":[6.5,-10.75,5],"faces":{"down":{"uv":[12,12.5,12.5,15.5],"texture":"#0"},"up":{"uv":[9.5,12.5,10,15.5],"texture":"#0"},"north":{"uv":[9.5,13.5,10,14.5],"texture":"#0"},"south":{"uv":[12,13.5,12.5,14.5],"texture":"#0"},"west":{"uv":[9.5,13.5,12.5,14.5],"texture":"#0"},"east":{"uv":[9.5,13.5,12.5,14.5],"texture":"#0"}}},{"from":[6,-12,5],"to":[6.75,-11.75,5.5],"faces":{"down":{"uv":[5,11,6,11.5],"texture":"#0"},"up":{"uv":[5,11,6,11.5],"texture":"#0"},"north":{"uv":[5,11,6,11.5],"texture":"#0"},"south":{"uv":[5,11,6,11.5],"texture":"#0"},"west":{"uv":[5,11,6,11.5],"texture":"#0"},"east":{"uv":[5,11,6,11.5],"texture":"#0"}}},{"from":[6.25,-13,2.25],"to":[6.5,-12.75,3.5],"faces":{"down":{"uv":[4,11,4.5,14],"texture":"#0"},"up":{"uv":[4,11,4.5,14],"texture":"#0"},"north":{"uv":[5,11,5.5,11.5],"texture":"#0"},"south":{"uv":[5,11,5.5,11.5],"texture":"#0"},"west":{"uv":[1.5,12.5,4,13],"texture":"#0"},"east":{"uv":[1.5,12.5,4,13],"texture":"#0"}}},{"from":[6.25,-12,3.5],"to":[6.5,-11.75,3.75],"faces":{"down":{"uv":[0.5,13,1,13.5],"texture":"#0"},"up":{"uv":[0.5,13,1,13.5],"texture":"#0"},"north":{"uv":[0.5,13,1,13.5],"texture":"#0"},"south":{"uv":[0.5,13,1,13.5],"texture":"#0"},"west":{"uv":[0.5,13,1,13.5],"texture":"#0"},"east":{"uv":[0.5,13,1,13.5],"texture":"#0"}}},{"from":[6.25,-12,2.75],"to":[6.5,-11.5,3.5],"faces":{"down":{"uv":[5.5,10,6,11],"texture":"#0"},"up":{"uv":[5.5,10,6,11],"texture":"#0"},"north":{"uv":[5.5,10,6,11],"texture":"#0"},"south":{"uv":[5.5,10,6,11],"texture":"#0"},"west":{"uv":[5.5,10,6,11],"texture":"#0"},"east":{"uv":[5.5,10,6,11],"texture":"#0"}}},{"from":[6,-12,3],"to":[6.75,-11.75,3.5],"faces":{"down":{"uv":[4.5,14,5.5,15.5],"texture":"#0"},"up":{"uv":[4.5,14,5.5,15.5],"texture":"#0"},"north":{"uv":[3,13,4,13.5],"texture":"#0"},"south":{"uv":[3,13,4,13.5],"texture":"#0"},"west":{"uv":[3,13,4,13.5],"texture":"#0"},"east":{"uv":[3,13,4,13.5],"texture":"#0"}}},{"from":[6.25,-11.5,2.5],"to":[6.5,-11,3.25],"faces":{"down":{"uv":[5,10.5,5.5,12],"texture":"#0"},"up":{"uv":[5,10.5,5.5,12],"texture":"#0"},"north":{"uv":[5,10.5,5.5,12],"texture":"#0"},"south":{"uv":[5,10.5,5.5,12],"texture":"#0"},"west":{"uv":[5,10.5,6.5,12],"texture":"#0"},"east":{"uv":[5,10.5,6.5,12],"texture":"#0"}}},{"from":[6,-11.5,2.75],"to":[6.75,-11,3],"faces":{"down":{"uv":[3,11.5,3.5,12],"texture":"#0"},"up":{"uv":[3,11.5,3.5,12],"texture":"#0"},"north":{"uv":[3,11.5,3.5,12],"texture":"#0"},"south":{"uv":[3,11.5,3.5,12],"texture":"#0"},"west":{"uv":[3,11.5,3.5,12],"texture":"#0"},"east":{"uv":[3,11.5,3.5,12],"texture":"#0"}}},{"from":[6,-11,5.75],"to":[6.75,-10.75,6],"faces":{"down":{"uv":[1,11.5,1.5,12],"texture":"#0"},"up":{"uv":[1,11.5,1.5,12],"texture":"#0"},"north":{"uv":[1,11.5,1.5,12],"texture":"#0"},"south":{"uv":[1,11.5,1.5,12],"texture":"#0"},"west":{"uv":[1,11.5,1.5,12],"texture":"#0"},"east":{"uv":[1,11.5,1.5,12],"texture":"#0"}}},{"from":[6.25,-11,5.5],"to":[6.5,-10.75,6.25],"faces":{"down":{"uv":[1.5,13,3,13.5],"texture":"#0"},"up":{"uv":[1.5,13,3,13.5],"texture":"#0"},"north":{"uv":[3,14,3.5,14.5],"texture":"#0"},"south":{"uv":[3,14,3.5,14.5],"texture":"#0"},"west":{"uv":[1.5,13,3,13.5],"texture":"#0"},"east":{"uv":[1.5,13,3,13.5],"texture":"#0"}}},{"from":[6.25,-10.75,5.25],"to":[6.5,-10.5,6],"faces":{"down":{"uv":[4.5,11,6,11.5],"texture":"#0"},"up":{"uv":[4.5,11,6,11.5],"texture":"#0"},"north":{"uv":[5,11,5.5,11.5],"texture":"#0"},"south":{"uv":[5,11,5.5,11.5],"texture":"#0"},"west":{"uv":[4.5,11,6,11.5],"texture":"#0"},"east":{"uv":[4.5,11,6,11.5],"texture":"#0"}}},{"from":[6.25,-12.5,3.25],"to":[6.5,-12.25,5.25],"faces":{"down":{"uv":[0.5,13,1,13.5],"texture":"#0"},"up":{"uv":[0.5,13,1,13.5],"texture":"#0"},"north":{"uv":[0.5,13,1,13.5],"texture":"#0"},"south":{"uv":[0.5,13,1,13.5],"texture":"#0"},"west":{"uv":[0.5,13,1,13.5],"texture":"#0"},"east":{"uv":[0.5,13,1,13.5],"texture":"#0"}}},{"from":[6.25,-11,1.5],"to":[6.5,-10.75,1.75],"faces":{"down":{"uv":[0.5,13,1,13.5],"texture":"#0"},"up":{"uv":[0.5,13,1,13.5],"texture":"#0"},"north":{"uv":[0.5,13,1,13.5],"texture":"#0"},"south":{"uv":[0.5,13,1,13.5],"texture":"#0"},"west":{"uv":[0.5,13,1,13.5],"texture":"#0"},"east":{"uv":[0.5,13,1,13.5],"texture":"#0"}}},{"from":[6.25,-12.75,2],"to":[6.5,-12.5,2.75],"faces":{"down":{"uv":[5,10.5,5.5,12],"texture":"#0"},"up":{"uv":[5,10.5,5.5,12],"texture":"#0"},"north":{"uv":[5.5,10,6,10.5],"texture":"#0"},"south":{"uv":[5.5,10,6,10.5],"texture":"#0"},"west":{"uv":[2,10,3.5,10.5],"texture":"#0"},"east":{"uv":[2,10,3.5,10.5],"texture":"#0"}}},{"from":[6,-12.5,3.5],"to":[6.75,-12.25,5],"faces":{"down":{"uv":[3.5,10.5,4,13],"texture":"#0"},"up":{"uv":[3.5,10.5,4,13],"texture":"#0"},"north":{"uv":[5,11,5.5,11.5],"texture":"#0"},"south":{"uv":[5,11,5.5,11.5],"texture":"#0"},"west":{"uv":[0.5,9.5,3.5,10],"texture":"#0"},"east":{"uv":[0.5,9.5,3.5,10],"texture":"#0"}}},{"from":[6,-9.25,2.5],"to":[6.75,-8.75,2.75],"faces":{"down":{"uv":[5.5,13,6,14],"texture":"#0"},"up":{"uv":[5.5,13,6,14],"texture":"#0"},"north":{"uv":[5.5,13,6,14],"texture":"#0"},"south":{"uv":[5.5,13,6,14],"texture":"#0"},"west":{"uv":[5.5,13,6,14],"texture":"#0"},"east":{"uv":[5.5,13,6,14],"texture":"#0"}}},{"from":[6,-13,2.5],"to":[6.75,-12.75,3],"faces":{"down":{"uv":[1.5,9.5,2.5,10],"texture":"#0"},"up":{"uv":[1.5,9.5,2.5,10],"texture":"#0"},"north":{"uv":[1.5,9.5,2.5,10],"texture":"#0"},"south":{"uv":[1.5,9.5,2.5,10],"texture":"#0"},"west":{"uv":[1.5,9.5,2.5,10],"texture":"#0"},"east":{"uv":[1.5,9.5,2.5,10],"texture":"#0"}}},{"from":[6.25,-13.25,2.5],"to":[6.5,-13,3],"faces":{"down":{"uv":[0.5,13,1,13.5],"texture":"#0"},"up":{"uv":[0.5,13,1,13.5],"texture":"#0"},"north":{"uv":[0.5,13,1,13.5],"texture":"#0"},"south":{"uv":[0.5,13,1,13.5],"texture":"#0"},"west":{"uv":[0.5,13,1,13.5],"texture":"#0"},"east":{"uv":[0.5,13,1,13.5],"texture":"#0"}}},{"from":[6.25,-12.5,2.25],"to":[6.5,-12.25,2.5],"faces":{"down":{"uv":[0.5,13,1,13.5],"texture":"#0"},"up":{"uv":[0.5,13,1,13.5],"texture":"#0"},"north":{"uv":[0.5,13,1,13.5],"texture":"#0"},"south":{"uv":[0.5,13,1,13.5],"texture":"#0"},"west":{"uv":[0.5,13,1,13.5],"texture":"#0"},"east":{"uv":[0.5,13,1,13.5],"texture":"#0"}}},{"from":[6,-12.75,3],"to":[6.75,-12.5,3.5],"faces":{"down":{"uv":[1.5,14.5,2.5,15],"texture":"#0"},"up":{"uv":[1.5,14.5,2.5,15],"texture":"#0"},"north":{"uv":[1.5,14.5,2.5,15],"texture":"#0"},"south":{"uv":[1.5,14.5,2.5,15],"texture":"#0"},"west":{"uv":[1.5,14.5,2.5,15],"texture":"#0"},"east":{"uv":[1.5,14.5,2.5,15],"texture":"#0"}}},{"from":[6,-11.25,2.25],"to":[6.75,-11,2.5],"faces":{"down":{"uv":[3,11.5,3.5,12],"texture":"#0"},"up":{"uv":[3,11.5,3.5,12],"texture":"#0"},"north":{"uv":[3,11.5,3.5,12],"texture":"#0"},"south":{"uv":[3,11.5,3.5,12],"texture":"#0"},"west":{"uv":[3,11.5,3.5,12],"texture":"#0"},"east":{"uv":[3,11.5,3.5,12],"texture":"#0"}}},{"from":[6,-9.5,2.75],"to":[6.75,-9.25,3],"faces":{"down":{"uv":[3,11.5,3.5,12],"texture":"#0"},"up":{"uv":[3,11.5,3.5,12],"texture":"#0"},"north":{"uv":[3,11.5,3.5,12],"texture":"#0"},"south":{"uv":[3,11.5,3.5,12],"texture":"#0"},"west":{"uv":[3,11.5,3.5,12],"texture":"#0"},"east":{"uv":[3,11.5,3.5,12],"texture":"#0"}}},{"from":[6.25,-12.75,2.75],"to":[6.5,-12.5,3],"faces":{"down":{"uv":[6,11,6.5,11.5],"texture":"#0"},"up":{"uv":[6,11,6.5,11.5],"texture":"#0"},"north":{"uv":[6,11,6.5,11.5],"texture":"#0"},"south":{"uv":[6,11,6.5,11.5],"texture":"#0"},"west":{"uv":[6,11,6.5,11.5],"texture":"#0"},"east":{"uv":[6,11,6.5,11.5],"texture":"#0"}}},{"from":[6.25,-11.5,1.5],"to":[6.5,-11.25,2.5],"faces":{"down":{"uv":[5,10.5,5.5,12],"texture":"#0"},"up":{"uv":[5,10.5,5.5,12],"texture":"#0"},"north":{"uv":[2,13,2.5,13.5],"texture":"#0"},"south":{"uv":[2,13,2.5,13.5],"texture":"#0"},"west":{"uv":[2,12,3.5,12.5],"texture":"#0"},"east":{"uv":[2,12,3.5,12.5],"texture":"#0"}}},{"from":[6.25,-11.75,1.75],"to":[6.5,-11.5,2.25],"faces":{"down":{"uv":[5,11,5.5,12],"texture":"#0"},"up":{"uv":[5,11,5.5,12],"texture":"#0"},"north":{"uv":[5,11,5.5,11.5],"texture":"#0"},"south":{"uv":[5,11,5.5,11.5],"texture":"#0"},"west":{"uv":[5,11,6,11.5],"texture":"#0"},"east":{"uv":[5,11,6,11.5],"texture":"#0"}}},{"from":[6,-11.5,1.75],"to":[6.75,-11.25,2.25],"faces":{"down":{"uv":[4,14.5,5,15],"texture":"#0"},"up":{"uv":[4,14.5,5,15],"texture":"#0"},"north":{"uv":[4,14.5,5,15],"texture":"#0"},"south":{"uv":[4,14.5,5,15],"texture":"#0"},"west":{"uv":[4,14.5,5,15],"texture":"#0"},"east":{"uv":[4,14.5,5,15],"texture":"#0"}}},{"from":[6,-11.25,1.5],"to":[6.75,-11,1.75],"faces":{"down":{"uv":[3,11.5,3.5,12],"texture":"#0"},"up":{"uv":[3,11.5,3.5,12],"texture":"#0"},"north":{"uv":[3,11.5,3.5,12],"texture":"#0"},"south":{"uv":[3,11.5,3.5,12],"texture":"#0"},"west":{"uv":[3,11.5,3.5,12],"texture":"#0"},"east":{"uv":[3,11.5,3.5,12],"texture":"#0"}}},{"from":[6.25,-11.25,1.25],"to":[6.5,-11,2.25],"faces":{"down":{"uv":[3.5,12.5,4,14.5],"texture":"#0"},"up":{"uv":[3.5,12.5,4,14.5],"texture":"#0"},"north":{"uv":[2,12,2.5,12.5],"texture":"#0"},"south":{"uv":[2,12,2.5,12.5],"texture":"#0"},"west":{"uv":[5,11,7,11.5],"texture":"#0"},"east":{"uv":[5,11,7,11.5],"texture":"#0"}}},{"from":[6.25,-9.5,2.5],"to":[6.5,-8.5,2.75],"faces":{"down":{"uv":[2.5,12,3,12.5],"texture":"#0"},"up":{"uv":[2.5,12,3,12.5],"texture":"#0"},"north":{"uv":[2.5,12,3,12.5],"texture":"#0"},"south":{"uv":[2.5,12,3,12.5],"texture":"#0"},"west":{"uv":[2.5,12,3,12.5],"texture":"#0"},"east":{"uv":[2.5,12,3,12.5],"texture":"#0"}}},{"from":[6.25,-9.75,2.5],"to":[6.5,-9.5,2.75],"faces":{"down":{"uv":[1.5,10,2,10.5],"texture":"#0"},"up":{"uv":[1.5,10,2,10.5],"texture":"#0"},"north":{"uv":[1.5,10,2,10.5],"texture":"#0"},"south":{"uv":[1.5,10,2,10.5],"texture":"#0"},"west":{"uv":[1.5,10,2,10.5],"texture":"#0"},"east":{"uv":[1.5,10,2,10.5],"texture":"#0"}}},{"from":[6.25,-9.25,2.25],"to":[6.5,-8.75,3],"faces":{"down":{"uv":[7,13,7.5,14],"texture":"#0"},"up":{"uv":[7,13,7.5,14],"texture":"#0"},"north":{"uv":[7,13,7.5,14],"texture":"#0"},"south":{"uv":[7,13,7.5,14],"texture":"#0"},"west":{"uv":[7,13,7.5,14],"texture":"#0"},"east":{"uv":[7,13,7.5,14],"texture":"#0"}}},{"from":[6,-12.25,3.25],"to":[6.75,-12,3.75],"faces":{"down":{"uv":[5,12,6,13],"texture":"#0"},"up":{"uv":[5,12,6,13],"texture":"#0"},"north":{"uv":[5,11,6,11.5],"texture":"#0"},"south":{"uv":[5,11,6,11.5],"texture":"#0"},"west":{"uv":[5,11,6,11.5],"texture":"#0"},"east":{"uv":[5,11,6,11.5],"texture":"#0"}}},{"from":[6,-11.5,4],"to":[6.75,-10.5,4.5],"faces":{"down":{"uv":[10.5,15,11.5,16],"texture":"#0"},"up":{"uv":[10.5,12,11.5,13],"texture":"#0"},"north":{"uv":[9,13,10,15],"texture":"#0"},"south":{"uv":[12,13,13,15],"texture":"#0","rotation":90},"west":{"uv":[10.5,13,11.5,15],"texture":"#0"},"east":{"uv":[10.5,13,11.5,15],"texture":"#0"}}},{"from":[5.75,-11.25,4],"to":[7,-10.75,4.5],"faces":{"down":{"uv":[10.5,13.5,11.5,14.5],"texture":"#0"},"up":{"uv":[10.5,13.5,11.5,14.5],"texture":"#0"},"north":{"uv":[10.5,13.5,11.5,14.5],"texture":"#0"},"south":{"uv":[10.5,13.5,11.5,14.5],"texture":"#0"},"west":{"uv":[10.5,13.5,11.5,14.5],"texture":"#0"},"east":{"uv":[10.5,13.5,11.5,14.5],"texture":"#0"}}},{"from":[6,-11.25,3.75],"to":[6.75,-10.75,4.75],"faces":{"down":{"uv":[10,13.5,10.5,14.5],"texture":"#0"},"up":{"uv":[10,13.5,10.5,14.5],"texture":"#0"},"north":{"uv":[10,13.5,10.5,14.5],"texture":"#0"},"south":{"uv":[11.5,13.5,12,14.5],"texture":"#0"},"west":{"uv":[10,13.5,12,14.5],"texture":"#0"},"east":{"uv":[10,13.5,12,14.5],"texture":"#0"}}},{"from":[6.25,-11.5,3.75],"to":[6.5,-10.5,4.75],"faces":{"down":{"uv":[12.5,13,13,15],"texture":"#0"},"up":{"uv":[9,13,9.5,15],"texture":"#0"},"north":{"uv":[9,13,9.5,15],"texture":"#0"},"south":{"uv":[12.5,13,13,15],"texture":"#0"},"west":{"uv":[10,13,12,15],"texture":"#0"},"east":{"uv":[10,13,12,15],"texture":"#0"}}},{"from":[6.25,-11.75,4],"to":[6.5,-10.25,4.5],"faces":{"down":{"uv":[10,12,10.5,13],"texture":"#0"},"up":{"uv":[11,12,11.5,13],"texture":"#0"},"north":{"uv":[9.5,12.5,10,15.5],"texture":"#0"},"south":{"uv":[12,12.5,12.5,15.5],"texture":"#0"},"west":{"uv":[10.5,12.5,11.5,15.5],"texture":"#0"},"east":{"uv":[10.5,12.5,11.5,15.5],"texture":"#0"}}},{"from":[6,-9.5,3.25],"to":[6.75,-9.25,4.5],"faces":{"down":{"uv":[5.5,9.5,8,11],"texture":"#0"},"up":{"uv":[5.5,9.5,8,11],"texture":"#0"},"north":{"uv":[4.5,9,7,9.5],"texture":"#0"},"south":{"uv":[4.5,9,7,9.5],"texture":"#0"},"west":{"uv":[4.5,9,7,9.5],"texture":"#0"},"east":{"uv":[4.5,9,7,9.5],"texture":"#0"}}},{"from":[6,-9.25,3.5],"to":[6.75,-5.25,4.25],"faces":{"down":{"uv":[15.5,14.5,14,6.5],"texture":"#0","rotation":180},"up":{"uv":[15.5,14.5,14,6.5],"texture":"#0","rotation":180},"north":{"uv":[15.5,14.5,14,6.5],"texture":"#0","rotation":180},"south":{"uv":[15.5,14.5,14,6.5],"texture":"#0","rotation":180},"west":{"uv":[15.5,14.5,14,6.5],"texture":"#0","rotation":180},"east":{"uv":[15.5,14.5,14,6.5],"texture":"#0","rotation":180}}},{"from":[6,-5.25,3.5],"to":[6.75,2.75,4.25],"faces":{"down":{"uv":[15.5,16,14,0],"texture":"#0","rotation":180},"up":{"uv":[15.5,16,14,0],"texture":"#0","rotation":180},"north":{"uv":[15.5,16,14,0],"texture":"#0","rotation":180},"south":{"uv":[15.5,16,14,0],"texture":"#0","rotation":180},"west":{"uv":[15.5,16,14,0],"texture":"#0","rotation":180},"east":{"uv":[15.5,16,14,0],"texture":"#0","rotation":180}}},{"from":[6.25,-5.25,3.25],"to":[6.5,2.75,4.5],"faces":{"down":{"uv":[15,13.5,13.5,13],"texture":"#0"},"up":{"uv":[15,13.5,13.5,13],"texture":"#0"},"north":{"uv":[14,16,13.5,0],"texture":"#0","rotation":180},"south":{"uv":[16,16,15.5,0],"texture":"#0","rotation":180},"west":{"uv":[16,16,13.5,0],"texture":"#0","rotation":180},"east":{"uv":[16,16,13.5,0],"texture":"#0","rotation":180}}},{"from":[6.25,6.5,3],"to":[6.5,6.75,4.75],"faces":{"down":{"uv":[5,11,5.5,11.5],"texture":"#0"},"up":{"uv":[5,11,5.5,11.5],"texture":"#0"},"north":{"uv":[5,11,5.5,11.5],"texture":"#0"},"south":{"uv":[5,11,5.5,11.5],"texture":"#0"},"west":{"uv":[5,11,5.5,11.5],"texture":"#0"},"east":{"uv":[5,11,5.5,11.5],"texture":"#0"}}},{"from":[5.75,6,3.75],"to":[7,6.5,4],"faces":{"down":{"uv":[6,10.5,6.5,11.5],"texture":"#0"},"up":{"uv":[6,10.5,6.5,11.5],"texture":"#0"},"north":{"uv":[6,10.5,6.5,11.5],"texture":"#0"},"south":{"uv":[6,10.5,6.5,11.5],"texture":"#0"},"west":{"uv":[6,10.5,6.5,11.5],"texture":"#0"},"east":{"uv":[6,10.5,6.5,11.5],"texture":"#0"}}},{"from":[6.5,6.25,4.25],"to":[6.75,6.75,4.5],"faces":{"down":{"uv":[7.5,12.5,8,13],"texture":"#0"},"up":{"uv":[7.5,12.5,8,13],"texture":"#0"},"north":{"uv":[5.5,10.5,6,11.5],"texture":"#0"},"south":{"uv":[5.5,10.5,6,11.5],"texture":"#0"},"west":{"uv":[5.5,10.5,6,11.5],"texture":"#0"},"east":{"uv":[5.5,10.5,6,11.5],"texture":"#0"}}},{"from":[6,6.25,4.25],"to":[6.25,6.75,4.5],"faces":{"down":{"uv":[3,10,3.5,10.5],"texture":"#0"},"up":{"uv":[3,10,3.5,10.5],"texture":"#0"},"north":{"uv":[2,12.5,2.5,13.5],"texture":"#0"},"south":{"uv":[2,12.5,2.5,13.5],"texture":"#0"},"west":{"uv":[2,12.5,2.5,13.5],"texture":"#0"},"east":{"uv":[2,12.5,2.5,13.5],"texture":"#0"}}},{"from":[6,6.25,3.25],"to":[6.25,6.75,3.5],"faces":{"down":{"uv":[3,10,3.5,10.5],"texture":"#0"},"up":{"uv":[3,10,3.5,10.5],"texture":"#0"},"north":{"uv":[5,10.5,5.5,11.5],"texture":"#0"},"south":{"uv":[5,10.5,5.5,11.5],"texture":"#0"},"west":{"uv":[5,10.5,5.5,11.5],"texture":"#0"},"east":{"uv":[5,10.5,5.5,11.5],"texture":"#0"}}},{"from":[6.5,6.25,3.25],"to":[6.75,6.75,3.5],"faces":{"down":{"uv":[7,11,7.5,11.5],"texture":"#0"},"up":{"uv":[7,11,7.5,11.5],"texture":"#0"},"north":{"uv":[5.5,11,6,12],"texture":"#0"},"south":{"uv":[5.5,11,6,12],"texture":"#0"},"west":{"uv":[5.5,11,6,12],"texture":"#0"},"east":{"uv":[5.5,11,6,12],"texture":"#0"}}},{"from":[5.75,6.5,3.5],"to":[7,6.75,4.25],"faces":{"down":{"uv":[6,10,7.5,10.5],"texture":"#0"},"up":{"uv":[6,10,7.5,10.5],"texture":"#0"},"north":{"uv":[6,10,7.5,10.5],"texture":"#0"},"south":{"uv":[6,10,7.5,10.5],"texture":"#0"},"west":{"uv":[6,10,7.5,10.5],"texture":"#0"},"east":{"uv":[6,10,7.5,10.5],"texture":"#0"}}},{"from":[5.75,8.5,4.5],"to":[7,8.75,4.75],"faces":{"down":{"uv":[5,11,5.5,11.5],"texture":"#0"},"up":{"uv":[5,11,5.5,11.5],"texture":"#0"},"north":{"uv":[5,11,5.5,11.5],"texture":"#0"},"south":{"uv":[5,11,5.5,11.5],"texture":"#0"},"west":{"uv":[5,11,5.5,11.5],"texture":"#0"},"east":{"uv":[5,11,5.5,11.5],"texture":"#0"}}},{"from":[6,6.75,3],"to":[6.75,7.5,4.75],"faces":{"down":{"uv":[2,12,3.5,13.5],"texture":"#0"},"up":{"uv":[2,12,3.5,13.5],"texture":"#0"},"north":{"uv":[2,12,3.5,13.5],"texture":"#0"},"south":{"uv":[2,12,3.5,13.5],"texture":"#0"},"west":{"uv":[2,12,3.5,13.5],"texture":"#0"},"east":{"uv":[2,12,3.5,13.5],"texture":"#0"}}},{"from":[5.75,6.75,3.25],"to":[7,8.25,4.5],"faces":{"down":{"uv":[4,11,6.5,13.5],"texture":"#0"},"up":{"uv":[4,11,6.5,13.5],"texture":"#0"},"north":{"uv":[4,11,6.5,13.5],"texture":"#0"},"south":{"uv":[4,11,6.5,13.5],"texture":"#0"},"west":{"uv":[4,11,6.5,13.5],"texture":"#0"},"east":{"uv":[4,11,6.5,13.5],"texture":"#0"}}},{"from":[6,8.5,4.75],"to":[6.75,8.75,5],"faces":{"down":{"uv":[6,11.5,6.5,12],"texture":"#0"},"up":{"uv":[6,11.5,6.5,12],"texture":"#0"},"north":{"uv":[6,11.5,6.5,12],"texture":"#0"},"south":{"uv":[6,11.5,6.5,12],"texture":"#0"},"west":{"uv":[6,11.5,6.5,12],"texture":"#0"},"east":{"uv":[6,11.5,6.5,12],"texture":"#0"}}},{"from":[6.25,7.75,2.75],"to":[6.5,8.25,5],"faces":{"down":{"uv":[4.5,12,6.5,13],"texture":"#0"},"up":{"uv":[4.5,12,6.5,13],"texture":"#0"},"north":{"uv":[4,13,4.5,14],"texture":"#0"},"south":{"uv":[4,13,4.5,14],"texture":"#0"},"west":{"uv":[4.5,12,6.5,13],"texture":"#0"},"east":{"uv":[4.5,12,6.5,13],"texture":"#0"}}},{"from":[6,7.5,2.75],"to":[6.75,7.75,5],"faces":{"down":{"uv":[2,10.5,3.5,11],"texture":"#0"},"up":{"uv":[2,10.5,3.5,11],"texture":"#0"},"north":{"uv":[2,10.5,3.5,11],"texture":"#0"},"south":{"uv":[2,10.5,3.5,11],"texture":"#0"},"west":{"uv":[2,10.5,3.5,11],"texture":"#0"},"east":{"uv":[2,10.5,3.5,11],"texture":"#0"}}},{"from":[6,7.75,3],"to":[6.75,8.25,4.75],"faces":{"down":{"uv":[2,10.5,3.5,11.5],"texture":"#0"},"up":{"uv":[2,10.5,3.5,11.5],"texture":"#0"},"north":{"uv":[2,10.5,3.5,11.5],"texture":"#0"},"south":{"uv":[2,10.5,3.5,11.5],"texture":"#0"},"west":{"uv":[2,10.5,3.5,11.5],"texture":"#0"},"east":{"uv":[2,10.5,3.5,11.5],"texture":"#0"}}},{"from":[6.25,9.75,2.5],"to":[6.5,10,5.25],"faces":{"down":{"uv":[3,10.5,3.5,14],"texture":"#0"},"up":{"uv":[3,10.5,3.5,14],"texture":"#0"},"north":{"uv":[6,10,6.5,10.5],"texture":"#0"},"south":{"uv":[6,10,6.5,10.5],"texture":"#0"},"west":{"uv":[3,10.5,7,11],"texture":"#0"},"east":{"uv":[3,10.5,7,11],"texture":"#0"}}},{"from":[6.25,10.5,5],"to":[6.5,10.75,5.25],"faces":{"down":{"uv":[2.5,14,3,14.5],"texture":"#0"},"up":{"uv":[2.5,14,3,14.5],"texture":"#0"},"north":{"uv":[2.5,14,3,14.5],"texture":"#0"},"south":{"uv":[2.5,14,3,14.5],"texture":"#0"},"west":{"uv":[2.5,14,3,14.5],"texture":"#0"},"east":{"uv":[2.5,14,3,14.5],"texture":"#0"}}},{"from":[6.25,8.75,2.75],"to":[6.5,9,3.25],"faces":{"down":{"uv":[2.5,11,3,12],"texture":"#0"},"up":{"uv":[2.5,11,3,12],"texture":"#0"},"north":{"uv":[2.5,11,3.5,11.5],"texture":"#0"},"south":{"uv":[2.5,11,3.5,11.5],"texture":"#0"},"west":{"uv":[2.5,11,3.5,11.5],"texture":"#0"},"east":{"uv":[2.5,11,3.5,11.5],"texture":"#0"}}},{"from":[5.75,14.25,3.25],"to":[7,14.75,3.5],"faces":{"down":{"uv":[9.5,6,11,6.5],"texture":"#0"},"up":{"uv":[9.5,6,11,6.5],"texture":"#0"},"north":{"uv":[10.5,7,12,8],"texture":"#0"},"south":{"uv":[10.5,7,12,8],"texture":"#0"},"west":{"uv":[11,5,11.5,6],"texture":"#0"},"east":{"uv":[11,5,11.5,6],"texture":"#0"}}},{"from":[6,9.75,4.5],"to":[6.75,10,5],"faces":{"down":{"uv":[6.5,11,7.5,11.5],"texture":"#0"},"up":{"uv":[6.5,11,7.5,11.5],"texture":"#0"},"north":{"uv":[6.5,11,7.5,11.5],"texture":"#0"},"south":{"uv":[6.5,11,7.5,11.5],"texture":"#0"},"west":{"uv":[6.5,11,7.5,11.5],"texture":"#0"},"east":{"uv":[6.5,11,7.5,11.5],"texture":"#0"}}},{"from":[6,8.5,2.75],"to":[6.75,8.75,3],"faces":{"down":{"uv":[5,11,5.5,11.5],"texture":"#0"},"up":{"uv":[5,11,5.5,11.5],"texture":"#0"},"north":{"uv":[5,11,5.5,11.5],"texture":"#0"},"south":{"uv":[5,11,5.5,11.5],"texture":"#0"},"west":{"uv":[5,11,5.5,11.5],"texture":"#0"},"east":{"uv":[5,11,5.5,11.5],"texture":"#0"}}},{"from":[5.75,9.75,4.25],"to":[7,10,4.5],"faces":{"down":{"uv":[4,11.5,4.5,12],"texture":"#0"},"up":{"uv":[4,11.5,4.5,12],"texture":"#0"},"north":{"uv":[4,11.5,4.5,12],"texture":"#0"},"south":{"uv":[4,11.5,4.5,12],"texture":"#0"},"west":{"uv":[4,11.5,4.5,12],"texture":"#0"},"east":{"uv":[4,11.5,4.5,12],"texture":"#0"}}},{"from":[5.75,8.25,3],"to":[7,8.5,4.75],"faces":{"down":{"uv":[4,13.5,7.5,15],"texture":"#0"},"up":{"uv":[4,13.5,7.5,15],"texture":"#0"},"north":{"uv":[4,13.5,7.5,14],"texture":"#0"},"south":{"uv":[4,13.5,7.5,14],"texture":"#0"},"west":{"uv":[4,13.5,7.5,14],"texture":"#0"},"east":{"uv":[4,13.5,7.5,14],"texture":"#0"}}},{"from":[6.25,8.25,2.5],"to":[6.5,8.75,5.25],"faces":{"down":{"uv":[5,13,5.5,14],"texture":"#0"},"up":{"uv":[5,13,5.5,14],"texture":"#0"},"north":{"uv":[3,11.5,3.5,12.5],"texture":"#0"},"south":{"uv":[3,11.5,3.5,12.5],"texture":"#0"},"west":{"uv":[5,13,7,14],"texture":"#0"},"east":{"uv":[5,13,7,14],"texture":"#0"}}},{"from":[6.25,8.75,4.5],"to":[6.5,9,5],"faces":{"down":{"uv":[5,11.5,5.5,12.5],"texture":"#0"},"up":{"uv":[5,11.5,5.5,12.5],"texture":"#0"},"north":{"uv":[5,11,6,11.5],"texture":"#0"},"south":{"uv":[5,11,6,11.5],"texture":"#0"},"west":{"uv":[5,11,6,11.5],"texture":"#0"},"east":{"uv":[5,11,6,11.5],"texture":"#0"}}},{"from":[6.25,8.75,5],"to":[6.5,9.25,5.25],"faces":{"down":{"uv":[7.5,13,8,13.5],"texture":"#0"},"up":{"uv":[7.5,13,8,13.5],"texture":"#0"},"north":{"uv":[2.5,14,3,15],"texture":"#0"},"south":{"uv":[2.5,14,3,15],"texture":"#0"},"west":{"uv":[2.5,14,3,15],"texture":"#0"},"east":{"uv":[2.5,14,3,15],"texture":"#0"}}},{"from":[6.25,8.75,2.5],"to":[6.5,9.25,2.75],"faces":{"down":{"uv":[2,13,2.5,13.5],"texture":"#0"},"up":{"uv":[2,13,2.5,13.5],"texture":"#0"},"north":{"uv":[5,13,5.5,14],"texture":"#0"},"south":{"uv":[5,13,5.5,14],"texture":"#0"},"west":{"uv":[5,13,5.5,14],"texture":"#0"},"east":{"uv":[5,13,5.5,14],"texture":"#0"}}},{"from":[6.25,9.25,3.25],"to":[6.5,9.5,4.5],"faces":{"down":{"uv":[2,12,2.5,12.5],"texture":"#0"},"up":{"uv":[2,12,2.5,12.5],"texture":"#0"},"north":{"uv":[2,12,2.5,12.5],"texture":"#0"},"south":{"uv":[2,12,2.5,12.5],"texture":"#0"},"west":{"uv":[2,12,2.5,12.5],"texture":"#0"},"east":{"uv":[2,12,2.5,12.5],"texture":"#0"}}},{"from":[6.25,9.5,2.75],"to":[6.5,9.75,5],"faces":{"down":{"uv":[6,12,6.5,15.5],"texture":"#0"},"up":{"uv":[6,12,6.5,15.5],"texture":"#0"},"north":{"uv":[3,11.5,3.5,12],"texture":"#0"},"south":{"uv":[3,11.5,3.5,12],"texture":"#0"},"west":{"uv":[1.5,11,5.5,11.5],"texture":"#0"},"east":{"uv":[1.5,11,5.5,11.5],"texture":"#0"}}},{"from":[6,8.25,2.75],"to":[6.75,8.5,5],"faces":{"down":{"uv":[4,13,4.5,13.5],"texture":"#0"},"up":{"uv":[4,13,4.5,13.5],"texture":"#0"},"north":{"uv":[4,13,4.5,13.5],"texture":"#0"},"south":{"uv":[4,13,4.5,13.5],"texture":"#0"},"west":{"uv":[4,13,4.5,13.5],"texture":"#0"},"east":{"uv":[4,13,4.5,13.5],"texture":"#0"}}},{"from":[6,9.5,3.25],"to":[6.75,9.75,4.5],"faces":{"down":{"uv":[3.5,11.5,4,12],"texture":"#0"},"up":{"uv":[3.5,11.5,4,12],"texture":"#0"},"north":{"uv":[3.5,11.5,4,12],"texture":"#0"},"south":{"uv":[3.5,11.5,4,12],"texture":"#0"},"west":{"uv":[3.5,11.5,4,12],"texture":"#0"},"east":{"uv":[3.5,11.5,4,12],"texture":"#0"}}},{"from":[6,9.75,2.75],"to":[6.75,10,3.25],"faces":{"down":{"uv":[1.5,12,2.5,12.5],"texture":"#0"},"up":{"uv":[1.5,12,2.5,12.5],"texture":"#0"},"north":{"uv":[1.5,12,2.5,12.5],"texture":"#0"},"south":{"uv":[1.5,12,2.5,12.5],"texture":"#0"},"west":{"uv":[1.5,12,2.5,12.5],"texture":"#0"},"east":{"uv":[1.5,12,2.5,12.5],"texture":"#0"}}},{"from":[5.75,8.5,3],"to":[7,8.75,3.25],"faces":{"down":{"uv":[5,13,5.5,13.5],"texture":"#0"},"up":{"uv":[5,13,5.5,13.5],"texture":"#0"},"north":{"uv":[5,13,5.5,13.5],"texture":"#0"},"south":{"uv":[5,13,5.5,13.5],"texture":"#0"},"west":{"uv":[5,13,5.5,13.5],"texture":"#0"},"east":{"uv":[5,13,5.5,13.5],"texture":"#0"}}},{"from":[5.75,10.25,2.5],"to":[7,10.5,2.75],"faces":{"down":{"uv":[1,13,1.5,13.5],"texture":"#0"},"up":{"uv":[1,13,1.5,13.5],"texture":"#0"},"north":{"uv":[1,13,1.5,13.5],"texture":"#0"},"south":{"uv":[1,13,1.5,13.5],"texture":"#0"},"west":{"uv":[1,13,1.5,13.5],"texture":"#0"},"east":{"uv":[1,13,1.5,13.5],"texture":"#0"}}},{"from":[5.75,9.75,3.25],"to":[7,10,3.5],"faces":{"down":{"uv":[4,11.5,4.5,12],"texture":"#0"},"up":{"uv":[4,11.5,4.5,12],"texture":"#0"},"north":{"uv":[4,11.5,4.5,12],"texture":"#0"},"south":{"uv":[4,11.5,4.5,12],"texture":"#0"},"west":{"uv":[4,11.5,4.5,12],"texture":"#0"},"east":{"uv":[4,11.5,4.5,12],"texture":"#0"}}},{"from":[5.75,10,2.75],"to":[7,10.25,3.25],"faces":{"down":{"uv":[4.5,12.5,6,15],"texture":"#0","rotation":90},"up":{"uv":[4.5,12.5,6,15],"texture":"#0","rotation":90},"north":{"uv":[3,13.5,4,14],"texture":"#0"},"south":{"uv":[3,13.5,4,14],"texture":"#0"},"west":{"uv":[3,13.5,4,14],"texture":"#0"},"east":{"uv":[3,13.5,4,14],"texture":"#0"}}},{"from":[5.75,10,4.5],"to":[7,10.25,5],"faces":{"down":{"uv":[6,13.5,7.5,16],"texture":"#0","rotation":90},"up":{"uv":[6,13.5,7.5,16],"texture":"#0","rotation":90},"north":{"uv":[2,12,3,12.5],"texture":"#0"},"south":{"uv":[2,12,3,12.5],"texture":"#0"},"west":{"uv":[2,12,3,12.5],"texture":"#0"},"east":{"uv":[2,12,3,12.5],"texture":"#0"}}},{"from":[6.25,10,2.5],"to":[6.5,10.25,3.5],"faces":{"down":{"uv":[0.5,14.5,1,15],"texture":"#0"},"up":{"uv":[0.5,14.5,1,15],"texture":"#0"},"north":{"uv":[0.5,14.5,1,15],"texture":"#0"},"south":{"uv":[0.5,14.5,1,15],"texture":"#0"},"west":{"uv":[0.5,14.5,2.5,15],"texture":"#0"},"east":{"uv":[0.5,14.5,2.5,15],"texture":"#0"}}},{"from":[5.75,10.25,5],"to":[7,10.5,5.25],"faces":{"down":{"uv":[5,12.5,5.5,13],"texture":"#0"},"up":{"uv":[5,12.5,5.5,13],"texture":"#0"},"north":{"uv":[5,12.5,5.5,13],"texture":"#0"},"south":{"uv":[5,12.5,5.5,13],"texture":"#0"},"west":{"uv":[5,12.5,5.5,13],"texture":"#0"},"east":{"uv":[5,12.5,5.5,13],"texture":"#0"}}},{"from":[6.25,10,4.25],"to":[6.5,10.25,5.25],"faces":{"down":{"uv":[2,12,2.5,12.5],"texture":"#0"},"up":{"uv":[2,12,2.5,12.5],"texture":"#0"},"north":{"uv":[2,14,3.5,14.5],"texture":"#0"},"south":{"uv":[2,14,3.5,14.5],"texture":"#0"},"west":{"uv":[2,14,3.5,14.5],"texture":"#0"},"east":{"uv":[2,14,3.5,14.5],"texture":"#0"}}},{"from":[6.25,10.25,4.5],"to":[6.5,10.5,5.5],"faces":{"down":{"uv":[4.5,13.5,5,15.5],"texture":"#0"},"up":{"uv":[4.5,13.5,5,15.5],"texture":"#0"},"north":{"uv":[3.5,11.5,4,12],"texture":"#0"},"south":{"uv":[3.5,11.5,4,12],"texture":"#0"},"west":{"uv":[2.5,14,4.5,14.5],"texture":"#0"},"east":{"uv":[2.5,14,4.5,14.5],"texture":"#0"}}},{"from":[6.25,10.25,2.25],"to":[6.5,10.5,3.25],"faces":{"down":{"uv":[5.5,10,6,12],"texture":"#0"},"up":{"uv":[5.5,10,6,12],"texture":"#0"},"north":{"uv":[4.5,10.5,5,11],"texture":"#0"},"south":{"uv":[4.5,10.5,5,11],"texture":"#0"},"west":{"uv":[3,11.5,5,12],"texture":"#0"},"east":{"uv":[3,11.5,5,12],"texture":"#0"}}},{"from":[6.25,10.5,2.5],"to":[6.5,10.75,2.75],"faces":{"down":{"uv":[3,11.5,3.5,12],"texture":"#0"},"up":{"uv":[3,11.5,3.5,12],"texture":"#0"},"north":{"uv":[3,11.5,3.5,12],"texture":"#0"},"south":{"uv":[3,11.5,3.5,12],"texture":"#0"},"west":{"uv":[3,11.5,3.5,12],"texture":"#0"},"east":{"uv":[3,11.5,3.5,12],"texture":"#0"}}},{"from":[5.75,8.5,3.5],"to":[7,9.75,4.25],"faces":{"down":{"uv":[5,13,6.5,15],"texture":"#0"},"up":{"uv":[5,13,6.5,15],"texture":"#0"},"north":{"uv":[5,13,6.5,15],"texture":"#0"},"south":{"uv":[5,13,6.5,15],"texture":"#0"},"west":{"uv":[5,13,6.5,15],"texture":"#0"},"east":{"uv":[5,13,6.5,15],"texture":"#0"}}},{"from":[5.75,9.75,3.75],"to":[7,10.5,4],"faces":{"down":{"uv":[5,10.5,5.5,12],"texture":"#0"},"up":{"uv":[5,10.5,5.5,12],"texture":"#0"},"north":{"uv":[5.5,12.5,7.5,14],"texture":"#0"},"south":{"uv":[5.5,12.5,7.5,14],"texture":"#0"},"west":{"uv":[5,10.5,5.5,12],"texture":"#0"},"east":{"uv":[5,10.5,5.5,12],"texture":"#0"}}},{"from":[6,10.5,3.5],"to":[6.75,10.75,4.25],"faces":{"down":{"uv":[10.5,2.5,12,3],"texture":"#0"},"up":{"uv":[10.5,2.5,12,3],"texture":"#0"},"north":{"uv":[10.5,2.5,12,3],"texture":"#0"},"south":{"uv":[10.5,2.5,12,3],"texture":"#0"},"west":{"uv":[10.5,2.5,12,3],"texture":"#0"},"east":{"uv":[10.5,2.5,12,3],"texture":"#0"}}},{"from":[6,10.75,3.25],"to":[6.75,12,4.5],"faces":{"down":{"uv":[10,4,12.5,6.5],"texture":"#0"},"up":{"uv":[10,4,12.5,6.5],"texture":"#0"},"north":{"uv":[10,4,12.5,6.5],"texture":"#0"},"south":{"uv":[10,4,12.5,6.5],"texture":"#0"},"west":{"uv":[10,4,12.5,6.5],"texture":"#0"},"east":{"uv":[10,4,12.5,6.5],"texture":"#0"}}},{"from":[6,13,4.5],"to":[6.75,13.75,4.75],"faces":{"down":{"uv":[11,3,12.5,3.5],"texture":"#0"},"up":{"uv":[11,3,12.5,3.5],"texture":"#0"},"north":{"uv":[9.5,6,11.5,7.5],"texture":"#0"},"south":{"uv":[9.5,6,11.5,7.5],"texture":"#0"},"west":{"uv":[10.5,4,11,5.5],"texture":"#0"},"east":{"uv":[10.5,4,11,5.5],"texture":"#0"}}},{"from":[5.75,10.75,3.5],"to":[7,12,4.25],"faces":{"down":{"uv":[10.5,4,12,6.5],"texture":"#0"},"up":{"uv":[10.5,4,12,6.5],"texture":"#0"},"north":{"uv":[10.5,4,12,6.5],"texture":"#0"},"south":{"uv":[10.5,4,12,6.5],"texture":"#0"},"west":{"uv":[10.5,4,12,6.5],"texture":"#0"},"east":{"uv":[10.5,4,12,6.5],"texture":"#0"}}},{"from":[5.75,13.5,3.75],"to":[7,14,4],"faces":{"down":{"uv":[10.5,5,12,5.5],"texture":"#0"},"up":{"uv":[10.5,5,12,5.5],"texture":"#0"},"north":{"uv":[10,8,11.5,9],"texture":"#0"},"south":{"uv":[10,8,11.5,9],"texture":"#0"},"west":{"uv":[12,7,12.5,8],"texture":"#0"},"east":{"uv":[12,7,12.5,8],"texture":"#0"}}},{"from":[5.75,13.75,3.5],"to":[7,14.5,3.75],"faces":{"down":{"uv":[10,1.5,11.5,2],"texture":"#0"},"up":{"uv":[10,1.5,11.5,2],"texture":"#0"},"north":{"uv":[10.5,3,12,4.5],"texture":"#0"},"south":{"uv":[10.5,3,12,4.5],"texture":"#0"},"west":{"uv":[10.5,4,11,5.5],"texture":"#0"},"east":{"uv":[10.5,4,11,5.5],"texture":"#0"}}},{"from":[5.75,15.5,4.25],"to":[7,16,4.5],"faces":{"down":{"uv":[11,6.5,12.5,7],"texture":"#0"},"up":{"uv":[11,6.5,12.5,7],"texture":"#0"},"north":{"uv":[10,5,11.5,6],"texture":"#0"},"south":{"uv":[10,5,11.5,6],"texture":"#0"},"west":{"uv":[11.5,2,12,3],"texture":"#0"},"east":{"uv":[11.5,2,12,3],"texture":"#0"}}},{"from":[5.75,14.75,4.5],"to":[7,15.5,4.75],"faces":{"down":{"uv":[10.5,4,12,4.5],"texture":"#0"},"up":{"uv":[10.5,4,12,4.5],"texture":"#0"},"north":{"uv":[11,6,12.5,7.5],"texture":"#0"},"south":{"uv":[11,6,12.5,7.5],"texture":"#0"},"west":{"uv":[10.5,7,11,8.5],"texture":"#0"},"east":{"uv":[10.5,7,11,8.5],"texture":"#0"}}},{"from":[5.75,13,4.25],"to":[7,13.75,4.5],"faces":{"down":{"uv":[11,0.5,12.5,1],"texture":"#0"},"up":{"uv":[11,0.5,12.5,1],"texture":"#0"},"north":{"uv":[10,1.5,11.5,3],"texture":"#0"},"south":{"uv":[10,1.5,11.5,3],"texture":"#0"},"west":{"uv":[10.5,3,11,4.5],"texture":"#0"},"east":{"uv":[10.5,3,11,4.5],"texture":"#0"}}},{"from":[5.75,13.75,4],"to":[7,14.5,4.25],"faces":{"down":{"uv":[11,6.5,12.5,7],"texture":"#0"},"up":{"uv":[11,6.5,12.5,7],"texture":"#0"},"north":{"uv":[9.5,6.5,11,8],"texture":"#0"},"south":{"uv":[9.5,6.5,11,8],"texture":"#0"},"west":{"uv":[11,4,11.5,5.5],"texture":"#0"},"east":{"uv":[11,4,11.5,5.5],"texture":"#0"}}},{"from":[5.75,12.5,4],"to":[7,13,4.25],"faces":{"down":{"uv":[11,0.5,12.5,1],"texture":"#0"},"up":{"uv":[11,0.5,12.5,1],"texture":"#0"},"north":{"uv":[10.5,3,12,4],"texture":"#0"},"south":{"uv":[10.5,3,12,4],"texture":"#0"},"west":{"uv":[11,5,11.5,6],"texture":"#0"},"east":{"uv":[11,5,11.5,6],"texture":"#0"}}},{"from":[5.75,14.25,4.25],"to":[7,14.75,4.5],"faces":{"down":{"uv":[11,0.5,12.5,1],"texture":"#0"},"up":{"uv":[11,0.5,12.5,1],"texture":"#0"},"north":{"uv":[10,2,11.5,3],"texture":"#0"},"south":{"uv":[10,2,11.5,3],"texture":"#0"},"west":{"uv":[11,5.5,11.5,6.5],"texture":"#0"},"east":{"uv":[11,5.5,11.5,6.5],"texture":"#0"}}},{"from":[5.75,12,3.75],"to":[7,12.5,4],"faces":{"down":{"uv":[11.5,1.5,13,2],"texture":"#0"},"up":{"uv":[11.5,1.5,13,2],"texture":"#0"},"north":{"uv":[11,1.5,11.5,2.5],"texture":"#0"},"south":{"uv":[11,1.5,11.5,2.5],"texture":"#0"},"west":{"uv":[11,1.5,11.5,2.5],"texture":"#0"},"east":{"uv":[11,1.5,11.5,2.5],"texture":"#0"}}},{"from":[5.75,13,3.25],"to":[7,13.75,3.5],"faces":{"down":{"uv":[10.5,1,12,1.5],"texture":"#0"},"up":{"uv":[10.5,1,12,1.5],"texture":"#0"},"north":{"uv":[10,6,11.5,7.5],"texture":"#0"},"south":{"uv":[10,6,11.5,7.5],"texture":"#0"},"west":{"uv":[11.5,5,12,6.5],"texture":"#0"},"east":{"uv":[11.5,5,12,6.5],"texture":"#0"}}},{"from":[5.75,14.75,3],"to":[7,15.5,3.25],"faces":{"down":{"uv":[10.5,4,12,4.5],"texture":"#0"},"up":{"uv":[10.5,4,12,4.5],"texture":"#0"},"north":{"uv":[10,5,11.5,6.5],"texture":"#0"},"south":{"uv":[10,5,11.5,6.5],"texture":"#0"},"west":{"uv":[11,1,11.5,2.5],"texture":"#0"},"east":{"uv":[11,1,11.5,2.5],"texture":"#0"}}},{"from":[5.75,12.5,3.5],"to":[7,13,3.75],"faces":{"down":{"uv":[10,3,11,3.5],"texture":"#0"},"up":{"uv":[10,3,11,3.5],"texture":"#0"},"north":{"uv":[10,3,10.5,4],"texture":"#0"},"south":{"uv":[10,3,10.5,4],"texture":"#0"},"west":{"uv":[10,3,10.5,4],"texture":"#0"},"east":{"uv":[10,3,10.5,4],"texture":"#0"}}},{"from":[5.75,16.5,3.75],"to":[7,17,4],"faces":{"down":{"uv":[11,6,12.5,6.5],"texture":"#0"},"up":{"uv":[11,6,12.5,6.5],"texture":"#0"},"north":{"uv":[10,6,11.5,7.5],"texture":"#0"},"south":{"uv":[10,6,11.5,7.5],"texture":"#0"},"west":{"uv":[11,4,11.5,5.5],"texture":"#0"},"east":{"uv":[11,4,11.5,5.5],"texture":"#0"}}},{"from":[5.75,15.5,3.25],"to":[7,16,3.5],"faces":{"down":{"uv":[11,7,12.5,7.5],"texture":"#0"},"up":{"uv":[11,7,12.5,7.5],"texture":"#0"},"north":{"uv":[11,2,12.5,3],"texture":"#0"},"south":{"uv":[11,2,12.5,3],"texture":"#0"},"west":{"uv":[10.5,1,11,2],"texture":"#0"},"east":{"uv":[10.5,1,11,2],"texture":"#0"}}},{"from":[5.75,16,3.5],"to":[7,16.5,3.75],"faces":{"down":{"uv":[11,6,12.5,6.5],"texture":"#0"},"up":{"uv":[11,6,12.5,6.5],"texture":"#0"},"north":{"uv":[10,5,11.5,6],"texture":"#0"},"south":{"uv":[10,5,11.5,6],"texture":"#0"},"west":{"uv":[10.5,2.5,11,3.5],"texture":"#0"},"east":{"uv":[10.5,2.5,11,3.5],"texture":"#0"}}},{"from":[5.75,16,4],"to":[7,16.5,4.25],"faces":{"down":{"uv":[11,0,12.5,0.5],"texture":"#0"},"up":{"uv":[11,0,12.5,0.5],"texture":"#0"},"north":{"uv":[10,4,11.5,5],"texture":"#0"},"south":{"uv":[10,4,11.5,5],"texture":"#0"},"west":{"uv":[11,3,11.5,4],"texture":"#0"},"east":{"uv":[11,3,11.5,4],"texture":"#0"}}},{"from":[6,12,3.25],"to":[6.75,12.25,4.5],"faces":{"down":{"uv":[10,3,11.5,5.5],"texture":"#0"},"up":{"uv":[10,3,11.5,5.5],"texture":"#0"},"north":{"uv":[10,3,12.5,3.5],"texture":"#0"},"south":{"uv":[10,3,12.5,3.5],"texture":"#0"},"west":{"uv":[10,3,12.5,3.5],"texture":"#0"},"east":{"uv":[10,3,12.5,3.5],"texture":"#0"}}},{"from":[6,12.25,3.5],"to":[6.75,12.5,4.25],"faces":{"down":{"uv":[12,1.5,12.5,2],"texture":"#0"},"up":{"uv":[12,1.5,12.5,2],"texture":"#0"},"north":{"uv":[12,1.5,12.5,2],"texture":"#0"},"south":{"uv":[12,1.5,12.5,2],"texture":"#0"},"west":{"uv":[12,1.5,12.5,2],"texture":"#0"},"east":{"uv":[12,1.5,12.5,2],"texture":"#0"}}},{"from":[6,16,3.25],"to":[6.75,16.5,3.5],"faces":{"down":{"uv":[10.5,7,12,7.5],"texture":"#0"},"up":{"uv":[10.5,7,12,7.5],"texture":"#0"},"north":{"uv":[10.5,3,12,4],"texture":"#0"},"south":{"uv":[10.5,3,12,4],"texture":"#0"},"west":{"uv":[11.5,0,12,1],"texture":"#0"},"east":{"uv":[11.5,0,12,1],"texture":"#0"}}},{"from":[6,14.25,4.5],"to":[6.75,14.75,4.75],"faces":{"down":{"uv":[10,5.5,11.5,6],"texture":"#0"},"up":{"uv":[10,5.5,11.5,6],"texture":"#0"},"north":{"uv":[9.5,3,11,4],"texture":"#0"},"south":{"uv":[9.5,3,11,4],"texture":"#0"},"west":{"uv":[11,3,11.5,4],"texture":"#0"},"east":{"uv":[11,3,11.5,4],"texture":"#0"}}},{"from":[6,15.5,4.5],"to":[6.75,16,4.75],"faces":{"down":{"uv":[11,7,12.5,7.5],"texture":"#0"},"up":{"uv":[11,7,12.5,7.5],"texture":"#0"},"north":{"uv":[10,3,11.5,4],"texture":"#0"},"south":{"uv":[10,3,11.5,4],"texture":"#0"},"west":{"uv":[10.5,0,11,1],"texture":"#0"},"east":{"uv":[10.5,0,11,1],"texture":"#0"}}},{"from":[6,12.5,3.25],"to":[6.75,13,3.5],"faces":{"down":{"uv":[10.5,5,11.5,5.5],"texture":"#0"},"up":{"uv":[10.5,5,11.5,5.5],"texture":"#0"},"north":{"uv":[9.5,5,11,6],"texture":"#0"},"south":{"uv":[9.5,5,11,6],"texture":"#0"},"west":{"uv":[11,3.5,11.5,4.5],"texture":"#0"},"east":{"uv":[11,3.5,11.5,4.5],"texture":"#0"}}},{"from":[6,12.5,4.25],"to":[6.75,13,4.5],"faces":{"down":{"uv":[10.5,5.5,12,6],"texture":"#0"},"up":{"uv":[10.5,5.5,12,6],"texture":"#0"},"north":{"uv":[11,6.5,12.5,7.5],"texture":"#0"},"south":{"uv":[11,6.5,12.5,7.5],"texture":"#0"},"west":{"uv":[12,4,12.5,5],"texture":"#0"},"east":{"uv":[12,4,12.5,5],"texture":"#0"}}},{"from":[6,13.75,4.25],"to":[6.75,14.25,4.5],"faces":{"down":{"uv":[10.5,1.5,12,2],"texture":"#0"},"up":{"uv":[10.5,1.5,12,2],"texture":"#0"},"north":{"uv":[10,3.5,11.5,4.5],"texture":"#0"},"south":{"uv":[10,3.5,11.5,4.5],"texture":"#0"},"west":{"uv":[11,1,11.5,2],"texture":"#0"},"east":{"uv":[11,1,11.5,2],"texture":"#0"}}},{"from":[6,14.75,4.75],"to":[6.75,15.5,5],"faces":{"down":{"uv":[11,0,12.5,0.5],"texture":"#0"},"up":{"uv":[11,0,12.5,0.5],"texture":"#0"},"north":{"uv":[10,1,11.5,2.5],"texture":"#0"},"south":{"uv":[10,1,11.5,2.5],"texture":"#0"},"west":{"uv":[9.5,0,10,1.5],"texture":"#0"},"east":{"uv":[9.5,0,10,1.5],"texture":"#0"}}},{"from":[6,15.5,3],"to":[6.75,16,3.25],"faces":{"down":{"uv":[9.5,3.5,11,4],"texture":"#0"},"up":{"uv":[9.5,3.5,11,4],"texture":"#0"},"north":{"uv":[10,4,11.5,5],"texture":"#0"},"south":{"uv":[10,4,11.5,5],"texture":"#0"},"west":{"uv":[11,5,11.5,6],"texture":"#0"},"east":{"uv":[11,5,11.5,6],"texture":"#0"}}},{"from":[6,13.75,3.25],"to":[6.75,14.25,3.5],"faces":{"down":{"uv":[10,1.5,11.5,2],"texture":"#0"},"up":{"uv":[10,1.5,11.5,2],"texture":"#0"},"north":{"uv":[11,2,12.5,3],"texture":"#0"},"south":{"uv":[11,2,12.5,3],"texture":"#0"},"west":{"uv":[11,3.5,11.5,4.5],"texture":"#0"},"east":{"uv":[11,3.5,11.5,4.5],"texture":"#0"}}},{"from":[6,14.25,3],"to":[6.75,14.75,3.25],"faces":{"down":{"uv":[10.5,3,12,3.5],"texture":"#0"},"up":{"uv":[10.5,3,12,3.5],"texture":"#0"},"north":{"uv":[11,3,12.5,4],"texture":"#0"},"south":{"uv":[11,3,12.5,4],"texture":"#0"},"west":{"uv":[11.5,7,12,8],"texture":"#0"},"east":{"uv":[11.5,7,12,8],"texture":"#0"}}},{"from":[6,13,3],"to":[6.75,13.75,3.25],"faces":{"down":{"uv":[11,7,12.5,7.5],"texture":"#0"},"up":{"uv":[11,7,12.5,7.5],"texture":"#0"},"north":{"uv":[10,3.5,12,5],"texture":"#0"},"south":{"uv":[10,3.5,12,5],"texture":"#0"},"west":{"uv":[11.5,2,12,3.5],"texture":"#0"},"east":{"uv":[11.5,2,12,3.5],"texture":"#0"}}},{"from":[6,14.75,2.75],"to":[6.75,15.5,3],"faces":{"down":{"uv":[10.5,2,12,2.5],"texture":"#0"},"up":{"uv":[10.5,2,12,2.5],"texture":"#0"},"north":{"uv":[11,0,12.5,1.5],"texture":"#0"},"south":{"uv":[11,0,12.5,1.5],"texture":"#0"},"west":{"uv":[9.5,1.5,10,3],"texture":"#0"},"east":{"uv":[9.5,1.5,10,3],"texture":"#0"}}},{"from":[6,16,4.25],"to":[6.75,16.5,4.5],"faces":{"down":{"uv":[11,2,12.5,2.5],"texture":"#0"},"up":{"uv":[11,2,12.5,2.5],"texture":"#0"},"north":{"uv":[10.5,7,12,8],"texture":"#0"},"south":{"uv":[10.5,7,12,8],"texture":"#0"},"west":{"uv":[11.5,6,12,7],"texture":"#0"},"east":{"uv":[11.5,6,12,7],"texture":"#0"}}},{"from":[6,16.5,3.5],"to":[6.75,17,4.25],"faces":{"down":{"uv":[10,2.5,11.5,3.5],"texture":"#0"},"up":{"uv":[10,2.5,11.5,3.5],"texture":"#0"},"north":{"uv":[10,2.5,11.5,3.5],"texture":"#0"},"south":{"uv":[10,2.5,11.5,3.5],"texture":"#0"},"west":{"uv":[10,2.5,11.5,3.5],"texture":"#0"},"east":{"uv":[10,2.5,11.5,3.5],"texture":"#0"}}},{"from":[6,21.75,3.5],"to":[6.75,22,4.25],"faces":{"down":{"uv":[3,1,5.5,1.5],"texture":"#0"},"up":{"uv":[3,1,5.5,1.5],"texture":"#0"},"north":{"uv":[3,1,5.5,1.5],"texture":"#0"},"south":{"uv":[3,1,5.5,1.5],"texture":"#0"},"west":{"uv":[3,1,5.5,1.5],"texture":"#0"},"east":{"uv":[3,1,5.5,1.5],"texture":"#0"}}},{"from":[6,18.6125,1.2125],"to":[6.75,18.8625,2.4625],"rotation":{"origin":[6,18.6125,1.2125],"axis":"x","angle":45},"faces":{"down":{"uv":[10.5,4,11,4.5],"texture":"#0"},"up":{"uv":[10.5,4,11,4.5],"texture":"#0"},"north":{"uv":[10.5,4,11,4.5],"texture":"#0"},"south":{"uv":[10.5,4,11,4.5],"texture":"#0"},"west":{"uv":[10.5,4,11,4.5],"texture":"#0"},"east":{"uv":[10.5,4,11,4.5],"texture":"#0"}}},{"from":[6,17.25,3.25],"to":[6.75,17.5,4.5],"faces":{"down":{"uv":[10.5,4,11,4.5],"texture":"#0"},"up":{"uv":[10.5,4,11,4.5],"texture":"#0"},"north":{"uv":[10.5,4,11,4.5],"texture":"#0"},"south":{"uv":[10.5,4,11,4.5],"texture":"#0"},"west":{"uv":[10.5,4,11,4.5],"texture":"#0"},"east":{"uv":[10.5,4,11,4.5],"texture":"#0"}}},{"from":[6,17.25,4.5],"to":[6.75,17.5,5.75],"rotation":{"origin":[6,17.25,4.5],"axis":"x","angle":-22.5},"faces":{"down":{"uv":[10.5,4,11,4.5],"texture":"#0"},"up":{"uv":[10.5,4,11,4.5],"texture":"#0"},"north":{"uv":[10.5,4,11,4.5],"texture":"#0"},"south":{"uv":[10.5,4,11,4.5],"texture":"#0"},"west":{"uv":[10.5,4,11,4.5],"texture":"#0"},"east":{"uv":[10.5,4,11,4.5],"texture":"#0"}}},{"from":[6,17.7256,5.6544],"to":[6.75,17.9756,6.93565],"rotation":{"origin":[6,17.72562,5.654374],"axis":"x","angle":-45},"faces":{"down":{"uv":[10.5,4,11,4.5],"texture":"#0"},"up":{"uv":[10.5,4,11,4.5],"texture":"#0"},"north":{"uv":[10.5,4,11,4.5],"texture":"#0"},"south":{"uv":[10.5,4,11,4.5],"texture":"#0"},"west":{"uv":[10.5,4,11,4.5],"texture":"#0"},"east":{"uv":[10.5,4,11,4.5],"texture":"#0"}}},{"from":[6,18.625,6.3],"to":[6.75,19.875,6.55],"rotation":{"origin":[6,18.625,6.55],"axis":"x","angle":22.5},"faces":{"down":{"uv":[10.5,4,11,4.5],"texture":"#0"},"up":{"uv":[10.5,4,11,4.5],"texture":"#0"},"north":{"uv":[10.5,4,11,4.5],"texture":"#0"},"south":{"uv":[10.5,4,11,4.5],"texture":"#0"},"west":{"uv":[10.5,4,11,4.5],"texture":"#0"},"east":{"uv":[10.5,4,11,4.5],"texture":"#0"}}},{"from":[6,19.775,6.775],"to":[6.75,21.025,7.025],"faces":{"down":{"uv":[10.5,4,11,4.5],"texture":"#0"},"up":{"uv":[10.5,4,11,4.5],"texture":"#0"},"north":{"uv":[10.5,4,11,4.5],"texture":"#0"},"south":{"uv":[10.5,4,11,4.5],"texture":"#0"},"west":{"uv":[10.5,4,11,4.5],"texture":"#0"},"east":{"uv":[10.5,4,11,4.5],"texture":"#0"}}},{"from":[6,21.0125,6.775],"to":[6.75,22.2625,7.025],"rotation":{"origin":[6,21.0125,7.025],"axis":"x","angle":-22.5},"faces":{"down":{"uv":[10.5,4,11,4.5],"texture":"#0"},"up":{"uv":[10.5,4,11,4.5],"texture":"#0"},"north":{"uv":[10.5,4,11,4.5],"texture":"#0"},"south":{"uv":[10.5,4,11,4.5],"texture":"#0"},"west":{"uv":[10.5,4,11,4.5],"texture":"#0"},"east":{"uv":[10.5,4,11,4.5],"texture":"#0"}}},{"from":[6,22.1663,6.2962],"to":[6.75,23.4163,6.5462],"rotation":{"origin":[6,22.16625,6.546251],"axis":"x","angle":-45},"faces":{"down":{"uv":[10.5,4,11,4.5],"texture":"#0"},"up":{"uv":[10.5,4,11,4.5],"texture":"#0"},"north":{"uv":[10.5,4,11,4.5],"texture":"#0"},"south":{"uv":[10.5,4,11,4.5],"texture":"#0"},"west":{"uv":[10.5,4,11,4.5],"texture":"#0"},"east":{"uv":[10.5,4,11,4.5],"texture":"#0"}}},{"from":[6,18.5188,0.7348],"to":[6.75,19.7688,0.9848],"rotation":{"origin":[6,19.76875,0.7349999],"axis":"x","angle":-22.5},"faces":{"down":{"uv":[10.5,4,11,4.5],"texture":"#0"},"up":{"uv":[10.5,4,11,4.5],"texture":"#0"},"north":{"uv":[10.5,4,11,4.5],"texture":"#0"},"south":{"uv":[10.5,4,11,4.5],"texture":"#0"},"west":{"uv":[10.5,4,11,4.5],"texture":"#0"},"east":{"uv":[10.5,4,11,4.5],"texture":"#0"}}},{"from":[6,22.7998,4.4125],"to":[6.75,23.0498,5.6625],"rotation":{"origin":[6,23.05,5.6625],"axis":"x","angle":22.5},"faces":{"down":{"uv":[10.5,4,11,4.5],"texture":"#0"},"up":{"uv":[10.5,4,11,4.5],"texture":"#0"},"north":{"uv":[10.5,4,11,4.5],"texture":"#0"},"south":{"uv":[10.5,4,11,4.5],"texture":"#0"},"west":{"uv":[10.5,4,11,4.5],"texture":"#0"},"east":{"uv":[10.5,4,11,4.5],"texture":"#0"}}},{"from":[6,23.2815,2.0063],"to":[6.75,23.5315,3.2563],"rotation":{"origin":[6,23.53125,3.25625],"axis":"x","angle":-22.5},"faces":{"down":{"uv":[10.5,4,11,4.5],"texture":"#0"},"up":{"uv":[10.5,4,11,4.5],"texture":"#0"},"north":{"uv":[10.5,4,11,4.5],"texture":"#0"},"south":{"uv":[10.5,4,11,4.5],"texture":"#0"},"west":{"uv":[10.5,4,11,4.5],"texture":"#0"},"east":{"uv":[10.5,4,11,4.5],"texture":"#0"}}},{"from":[6,22.8003,0.8499],"to":[6.75,23.0503,2.0999],"rotation":{"origin":[6,23.05,2.1],"axis":"x","angle":-45},"faces":{"down":{"uv":[10.5,4,11,4.5],"texture":"#0"},"up":{"uv":[10.5,4,11,4.5],"texture":"#0"},"north":{"uv":[10.5,4,11,4.5],"texture":"#0"},"south":{"uv":[10.5,4,11,4.5],"texture":"#0"},"west":{"uv":[10.5,4,11,4.5],"texture":"#0"},"east":{"uv":[10.5,4,11,4.5],"texture":"#0"}}},{"from":[6,20.9163,1.2164],"to":[6.75,22.1663,1.4664],"rotation":{"origin":[6,22.16625,1.21625],"axis":"x","angle":22.5},"faces":{"down":{"uv":[10.5,4,11,4.5],"texture":"#0"},"up":{"uv":[10.5,4,11,4.5],"texture":"#0"},"north":{"uv":[10.5,4,11,4.5],"texture":"#0"},"south":{"uv":[10.5,4,11,4.5],"texture":"#0"},"west":{"uv":[10.5,4,11,4.5],"texture":"#0"},"east":{"uv":[10.5,4,11,4.5],"texture":"#0"}}},{"from":[6,19.7625,0.7375],"to":[6.75,21.0125,0.9875],"faces":{"down":{"uv":[10.5,4,11,4.5],"texture":"#0"},"up":{"uv":[10.5,4,11,4.5],"texture":"#0"},"north":{"uv":[10.5,4,11,4.5],"texture":"#0"},"south":{"uv":[10.5,4,11,4.5],"texture":"#0"},"west":{"uv":[10.5,4,11,4.5],"texture":"#0"},"east":{"uv":[10.5,4,11,4.5],"texture":"#0"}}},{"from":[6,17.725,2.0875],"to":[6.75,17.975,3.3375],"rotation":{"origin":[6,17.725,2.0875],"axis":"x","angle":22.5},"faces":{"down":{"uv":[10.5,4,11,4.5],"texture":"#0"},"up":{"uv":[10.5,4,11,4.5],"texture":"#0"},"north":{"uv":[10.5,4,11,4.5],"texture":"#0"},"south":{"uv":[10.5,4,11,4.5],"texture":"#0"},"west":{"uv":[10.5,4,11,4.5],"texture":"#0"},"east":{"uv":[10.5,4,11,4.5],"texture":"#0"}}},{"from":[6,17,3.75],"to":[6.75,19,4],"faces":{"down":{"uv":[10.5,1.5,11.5,5.5],"texture":"#0"},"up":{"uv":[10.5,1.5,11.5,5.5],"texture":"#0"},"north":{"uv":[10.5,1.5,11.5,5.5],"texture":"#0"},"south":{"uv":[10.5,1.5,11.5,5.5],"texture":"#0"},"west":{"uv":[11.5,3.5,12,7.5],"texture":"#0"},"east":{"uv":[11.5,3.5,12,7.5],"texture":"#0"}}},{"from":[6,19.5,3],"to":[6.75,21.5,4.75],"faces":{"down":{"uv":[2.5,7,5,7.5],"texture":"#0"},"up":{"uv":[2.5,7,5,7.5],"texture":"#0"},"north":{"uv":[2.5,7,5,7.5],"texture":"#0"},"south":{"uv":[2.5,7,5,7.5],"texture":"#0"},"west":{"uv":[2.5,7,5,7.5],"texture":"#0"},"east":{"uv":[2.5,7,5,7.5],"texture":"#0"}}},{"from":[6,21.5,3.25],"to":[6.75,21.75,4.5],"faces":{"down":{"uv":[3,1.5,5.5,2],"texture":"#0"},"up":{"uv":[3,1.5,5.5,2],"texture":"#0"},"north":{"uv":[3,1.5,5.5,2],"texture":"#0"},"south":{"uv":[3,1.5,5.5,2],"texture":"#0"},"west":{"uv":[3,1.5,5.5,2],"texture":"#0"},"east":{"uv":[3,1.5,5.5,2],"texture":"#0"}}},{"from":[6,20,5],"to":[6.75,21,5.25],"faces":{"down":{"uv":[7,3,7.5,5.5],"texture":"#0"},"up":{"uv":[7,3,7.5,5.5],"texture":"#0"},"north":{"uv":[7,3,7.5,5.5],"texture":"#0"},"south":{"uv":[7,3,7.5,5.5],"texture":"#0"},"west":{"uv":[7,3,7.5,5.5],"texture":"#0"},"east":{"uv":[7,3,7.5,5.5],"texture":"#0"}}},{"from":[5.75,20,2.75],"to":[7,21,5],"faces":{"down":{"uv":[1.5,2.5,7,5.5],"texture":"#0"},"up":{"uv":[1.5,2.5,7,5.5],"texture":"#0"},"north":{"uv":[1,2.5,2.5,5.5],"texture":"#0"},"south":{"uv":[6,2.5,7.5,5.5],"texture":"#0"},"west":{"uv":[1.5,2.5,7,5.5],"texture":"#0"},"east":{"uv":[1.5,2.5,7,5.5],"texture":"#0"}}},{"from":[6,19.25,3.25],"to":[6.75,19.5,4.5],"faces":{"down":{"uv":[2.5,7,5,7.5],"texture":"#0"},"up":{"uv":[2.5,7,5,7.5],"texture":"#0"},"north":{"uv":[2.5,7,5,7.5],"texture":"#0"},"south":{"uv":[2.5,7,5,7.5],"texture":"#0"},"west":{"uv":[2.5,7,5,7.5],"texture":"#0"},"east":{"uv":[2.5,7,5,7.5],"texture":"#0"}}},{"from":[6,19.75,4.75],"to":[6.75,21.25,5],"faces":{"down":{"uv":[6.5,2,7,6],"texture":"#0"},"up":{"uv":[6.5,2,7,6],"texture":"#0"},"north":{"uv":[6.5,2,7,6],"texture":"#0"},"south":{"uv":[6.5,2,7,6],"texture":"#0"},"west":{"uv":[6.5,2,7,6],"texture":"#0"},"east":{"uv":[6.5,2,7,6],"texture":"#0"}}},{"from":[6,20,2.5],"to":[6.75,21,2.75],"faces":{"down":{"uv":[0.5,3,1,5.5],"texture":"#0"},"up":{"uv":[0.5,3,1,5.5],"texture":"#0"},"north":{"uv":[0.5,3,1,5.5],"texture":"#0"},"south":{"uv":[0.5,3,1,5.5],"texture":"#0"},"west":{"uv":[0.5,3,1,5.5],"texture":"#0"},"east":{"uv":[0.5,3,1,5.5],"texture":"#0"}}},{"from":[6,19.75,2.75],"to":[6.75,21.25,3],"faces":{"down":{"uv":[1.5,2,2,6],"texture":"#0"},"up":{"uv":[1.5,2,2,6],"texture":"#0"},"north":{"uv":[1.5,2,2,6],"texture":"#0"},"south":{"uv":[1.5,2,2,6],"texture":"#0"},"west":{"uv":[1.5,2,2,6],"texture":"#0"},"east":{"uv":[1.5,2,2,6],"texture":"#0"}}},{"from":[6,19,3.5],"to":[6.75,19.25,4.25],"faces":{"down":{"uv":[4,6.5,5.5,7],"texture":"#0"},"up":{"uv":[4,6.5,5.5,7],"texture":"#0"},"north":{"uv":[4,6.5,5.5,7],"texture":"#0"},"south":{"uv":[4,6.5,5.5,7],"texture":"#0"},"west":{"uv":[4,6.5,5.5,7],"texture":"#0"},"east":{"uv":[4,6.5,5.5,7],"texture":"#0"}}},{"from":[5.75,21.5,3.5],"to":[7,21.75,4.25],"faces":{"down":{"uv":[3.5,2,5,2.5],"texture":"#0"},"up":{"uv":[3.5,2,5,2.5],"texture":"#0"},"north":{"uv":[3.5,2,5,2.5],"texture":"#0"},"south":{"uv":[3.5,2,5,2.5],"texture":"#0"},"west":{"uv":[3.5,2,5,2.5],"texture":"#0"},"east":{"uv":[3.5,2,5,2.5],"texture":"#0"}}},{"from":[5.75,21.25,3.25],"to":[7,21.5,4.5],"faces":{"down":{"uv":[3,2,5,2.5],"texture":"#0"},"up":{"uv":[3,2,5,2.5],"texture":"#0"},"north":{"uv":[3,2,5,2.5],"texture":"#0"},"south":{"uv":[3,2,5,2.5],"texture":"#0"},"west":{"uv":[3,2,5,2.5],"texture":"#0"},"east":{"uv":[3,2,5,2.5],"texture":"#0"}}},{"from":[5.75,21,3],"to":[7,21.25,4.75],"faces":{"down":{"uv":[2.5,2.5,5.5,3],"texture":"#0"},"up":{"uv":[2.5,2.5,5.5,3],"texture":"#0"},"north":{"uv":[2.5,2.5,5.5,3],"texture":"#0"},"south":{"uv":[2.5,2.5,5.5,3],"texture":"#0"},"west":{"uv":[2.5,2.5,5.5,3],"texture":"#0"},"east":{"uv":[2.5,2.5,5.5,3],"texture":"#0"}}},{"from":[5.75,19.75,3],"to":[7,20,4.75],"faces":{"down":{"uv":[2.5,5,5.5,5.5],"texture":"#0"},"up":{"uv":[2.5,5,5.5,5.5],"texture":"#0"},"north":{"uv":[2.5,5,5.5,5.5],"texture":"#0"},"south":{"uv":[2.5,5,5.5,5.5],"texture":"#0"},"west":{"uv":[2.5,5,5.5,5.5],"texture":"#0"},"east":{"uv":[2.5,5,5.5,5.5],"texture":"#0"}}},{"from":[5.75,19.5,3.25],"to":[7,19.75,4.5],"faces":{"down":{"uv":[3,5.5,5,6],"texture":"#0"},"up":{"uv":[3,5.5,5,6],"texture":"#0"},"north":{"uv":[3,5.5,5,6],"texture":"#0"},"south":{"uv":[3,5.5,5,6],"texture":"#0"},"west":{"uv":[3,5.5,5,6],"texture":"#0","rotation":180},"east":{"uv":[3,5.5,5,6],"texture":"#0"}}},{"from":[5.5,20.25,3],"to":[7.25,20.75,4.75],"faces":{"down":{"uv":[2.5,3.5,5.5,4.5],"texture":"#0"},"up":{"uv":[2.5,3.5,5.5,4.5],"texture":"#0"},"north":{"uv":[2.5,3.5,5.5,4.5],"texture":"#0"},"south":{"uv":[2.5,3.5,5.5,4.5],"texture":"#0"},"west":{"uv":[2.5,3.5,5.5,4.5],"texture":"#0"},"east":{"uv":[2.5,3.5,5.5,4.5],"texture":"#0"}}},{"from":[5.75,19.25,3.5],"to":[7,19.5,4.25],"faces":{"down":{"uv":[3.5,6,5,6.5],"texture":"#0"},"up":{"uv":[3.5,6,5,6.5],"texture":"#0"},"north":{"uv":[3.5,6,5,6.5],"texture":"#0"},"south":{"uv":[3.5,6,5,6.5],"texture":"#0"},"west":{"uv":[3.5,6,5,6.5],"texture":"#0"},"east":{"uv":[3.5,6,5,6.5],"texture":"#0"}}},{"from":[5.5,21,3.5],"to":[7.25,21.5,4.25],"faces":{"down":{"uv":[3,3,5,5],"texture":"#0"},"up":{"uv":[3,3,5,5],"texture":"#0"},"north":{"uv":[3,3,5,5],"texture":"#0"},"south":{"uv":[3,3,5,5],"texture":"#0"},"west":{"uv":[3,3,5,5],"texture":"#0"},"east":{"uv":[3,3,5,5],"texture":"#0"}}},{"from":[5.5,20.75,3.25],"to":[7.25,21,4.5],"faces":{"down":{"uv":[2.5,3,5.5,4],"texture":"#0"},"up":{"uv":[2.5,3,5.5,4],"texture":"#0"},"north":{"uv":[2.5,3,5.5,4],"texture":"#0"},"south":{"uv":[2.5,3,5.5,4],"texture":"#0"},"west":{"uv":[2.5,3,5.5,4],"texture":"#0"},"east":{"uv":[2.5,3,5.5,4],"texture":"#0"}}},{"from":[5.5,20,3.25],"to":[7.25,20.25,4.5],"faces":{"down":{"uv":[2.5,4,5.5,5],"texture":"#0"},"up":{"uv":[2.5,4,5.5,5],"texture":"#0"},"north":{"uv":[2.5,4,5.5,5],"texture":"#0"},"south":{"uv":[2.5,4,5.5,5],"texture":"#0"},"west":{"uv":[2.5,4,5.5,5],"texture":"#0"},"east":{"uv":[2.5,4,5.5,5],"texture":"#0"}}},{"from":[5.5,19.5,3.5],"to":[7.25,20,4.25],"faces":{"down":{"uv":[3,3,5,5],"texture":"#0"},"up":{"uv":[3,3,5,5],"texture":"#0"},"north":{"uv":[3,3,5,5],"texture":"#0"},"south":{"uv":[3,3,5,5],"texture":"#0"},"west":{"uv":[3,3,5,5],"texture":"#0"},"east":{"uv":[3,3,5,5],"texture":"#0"}}},{"from":[6,23.28,3.2563],"to":[6.75,23.53,4.5063],"faces":{"down":{"uv":[10.5,4,11,4.5],"texture":"#0"},"up":{"uv":[10.5,4,11,4.5],"texture":"#0"},"north":{"uv":[10.5,4,11,4.5],"texture":"#0"},"south":{"uv":[10.5,4,11,4.5],"texture":"#0"},"west":{"uv":[10.5,4,11,4.5],"texture":"#0"},"east":{"uv":[10.5,4,11,4.5],"texture":"#0"}}},{"from":[6.25,21,2.5],"to":[6.2505,26.5,5.25],"faces":{"down":{"uv":[3,0,13,16],"texture":"#1"},"up":{"uv":[3,0,13,16],"texture":"#1"},"north":{"uv":[3,0,13,16],"texture":"#1"},"south":{"uv":[3,0,13,16],"texture":"#1"},"west":{"uv":[3,0,13,16],"texture":"#1"},"east":{"uv":[3,0,13,16],"texture":"#1"}}},{"from":[6,2.75,3.5],"to":[6.75,6.75,4.25],"faces":{"down":{"uv":[15.5,13,14,5],"texture":"#0","rotation":180},"up":{"uv":[15.5,13,14,5],"texture":"#0","rotation":180},"north":{"uv":[15.5,13,14,5],"texture":"#0","rotation":180},"south":{"uv":[15.5,13,14,5],"texture":"#0","rotation":180},"west":{"uv":[15.5,13,14,5],"texture":"#0","rotation":180},"east":{"uv":[15.5,13,14,5],"texture":"#0","rotation":180}}},{"from":[6.25,2.75,3.25],"to":[6.5,6.75,4.5],"faces":{"down":{"uv":[15.5,13.5,14,13],"texture":"#0","rotation":180},"up":{"uv":[15.5,13.5,14,13],"texture":"#0","rotation":180},"north":{"uv":[14,13,13.5,5],"texture":"#0","rotation":180},"south":{"uv":[16,13,15.5,5],"texture":"#0","rotation":180},"west":{"uv":[16,13,13.5,5],"texture":"#0","rotation":180},"east":{"uv":[16,13,13.5,5],"texture":"#0","rotation":180}}},{"from":[6,-11.75,5.25],"to":[6.75,-11.5,5.5],"faces":{"down":{"uv":[0.5,13,1,13.5],"texture":"#0"},"up":{"uv":[0.5,13,1,13.5],"texture":"#0"},"north":{"uv":[0.5,13,1,13.5],"texture":"#0"},"south":{"uv":[0.5,13,1,13.5],"texture":"#0"},"west":{"uv":[0.5,13,1,13.5],"texture":"#0"},"east":{"uv":[0.5,13,1,13.5],"texture":"#0"}}}],"display":{"thirdperson_righthand":{"translation":[1.25,8,4.5]},"thirdperson_lefthand":{"translation":[-1.25,8,4.5]},"firstperson_righthand":{"rotation":[-30,0,8],"translation":[0,4,0]},"firstperson_lefthand":{"rotation":[-30,0,0],"translation":[-3,4,0]},"gui":{"rotation":[86,135,-83],"translation":[0.5,2.5,0],"scale":[0.55,0.55,0.55]},"head":{"rotation":[45,-132,-125],"translation":[-4,-20,0],"scale":[1.25,1.25,1.25]},"fixed":{"rotation":[0,-90,0],"translation":[-4,-6,2.5]}}}