{"textures":{"0":"magical_axe0","1":"magical_axe1"},"elements":[{"from":[8.5,-10,7],"to":[8.75,-9.5,7.75],"faces":{"down":{"uv":[13.5,13.5,14,14],"texture":"#0"},"north":{"uv":[13,14,13.5,15],"texture":"#0"},"south":{"uv":[13,14,13.5,15],"texture":"#0"},"east":{"uv":[12.5,13.5,13,14],"texture":"#0"}}},{"from":[8.25,-10.25,7],"to":[8.5,-7.75,7.75],"faces":{"down":{"uv":[13.5,11.5,14,15.5],"texture":"#0"},"north":{"uv":[13.5,12.5,14,15.5],"texture":"#0"},"south":{"uv":[13.5,12.5,14,15.5],"texture":"#0"},"west":{"uv":[13.5,11.5,14,15.5],"texture":"#0"},"east":{"uv":[13.5,11.5,14,15.5],"texture":"#0"}}},{"from":[8,-10,7],"to":[8.25,-9.5,7.75],"faces":{"down":{"uv":[13.5,13.5,14,14],"texture":"#0"},"north":{"uv":[14,14,14.5,15],"texture":"#0"},"south":{"uv":[14,14,14.5,15],"texture":"#0"},"west":{"uv":[14.5,13.5,15,14],"texture":"#0"}}},{"from":[9,-9.25,7],"to":[9.25,-9,7.75],"faces":{"down":{"uv":[12,13,12.5,13.5],"texture":"#0"},"north":{"uv":[12,13,12.5,13.5],"texture":"#0"},"south":{"uv":[12,13,12.5,13.5],"texture":"#0"},"east":{"uv":[12,13,12.5,13.5],"texture":"#0"}}},{"from":[7.75,-9.5,7],"to":[9,-8.75,7.75],"faces":{"down":{"uv":[12.5,12.5,15,14],"texture":"#0"},"north":{"uv":[12.5,12.5,15,14],"texture":"#0"},"south":{"uv":[12.5,12.5,15,14],"texture":"#0"},"west":{"uv":[12.5,12.5,15,14],"texture":"#0"},"east":{"uv":[12.5,12.5,15,14],"texture":"#0"}}},{"from":[8.25,-6.5,6.75],"to":[8.5,-6.25,8],"faces":{"up":{"uv":[5,4,7.5,4.5],"texture":"#0","rotation":270},"north":{"uv":[7,1,7.5,2.5],"texture":"#0"},"south":{"uv":[7,1,7.5,2.5],"texture":"#0"},"west":{"uv":[2.5,3,5,3.5],"texture":"#0"},"east":{"uv":[2.5,3,5,3.5],"texture":"#0"}}},{"from":[7.5,-9.25,7],"to":[7.75,-9,7.75],"faces":{"down":{"uv":[15,13,15.5,13.5],"texture":"#0"},"north":{"uv":[15,13,15.5,13.5],"texture":"#0"},"south":{"uv":[15,13,15.5,13.5],"texture":"#0"},"west":{"uv":[15,13,15.5,13.5],"texture":"#0"}}},{"from":[7.5,-7.5,6.5],"to":[7.75,-7.25,8.25],"faces":{"down":{"uv":[6.5,6.5,10,7],"texture":"#0","rotation":90},"up":{"uv":[6.5,6.5,10,7],"texture":"#0","rotation":270},"north":{"uv":[5.5,3.5,6,4],"texture":"#0"},"south":{"uv":[5.5,3.5,6,4],"texture":"#0"},"west":{"uv":[1.5,4,5,4.5],"texture":"#0"},"east":{"uv":[1.5,4,5,4.5],"texture":"#0"}}},{"from":[7.75,-8.5,6.75],"to":[8,-7.75,8],"faces":{"north":{"uv":[8,0,8.5,1.5],"texture":"#0"},"south":{"uv":[8,0,8.5,1.5],"texture":"#0"},"west":{"uv":[2.5,4,5,5.5],"texture":"#0"}}},{"from":[7,-7.5,7],"to":[7.25,-7.25,7.75],"faces":{"down":{"uv":[4,1,5.5,1.5],"texture":"#0","rotation":90},"north":{"uv":[9,0.5,9.5,1],"texture":"#0"},"south":{"uv":[9,0.5,9.5,1],"texture":"#0"},"west":{"uv":[5.5,1.5,8,2],"texture":"#0"}}},{"from":[7,-7.25,6.75],"to":[7.25,-7,8],"faces":{"down":{"uv":[7,5.5,9.5,6],"texture":"#0","rotation":90},"up":{"uv":[7,5.5,9.5,6],"texture":"#0","rotation":270},"north":{"uv":[5.5,5.5,6,6],"texture":"#0"},"south":{"uv":[5.5,5.5,6,6],"texture":"#0"},"west":{"uv":[6.5,5.5,9,6],"texture":"#0"},"east":{"uv":[6.5,5.5,9,6],"texture":"#0"}}},{"from":[8,-8.5,6.5],"to":[8.25,-7.75,8.25],"faces":{"down":{"uv":[3,1.5,6.5,2],"texture":"#0","rotation":90},"up":{"uv":[4,3,7.5,3.5],"texture":"#0","rotation":270},"north":{"uv":[6,3,6.5,4.5],"texture":"#0"},"south":{"uv":[6,3,6.5,4.5],"texture":"#0"},"west":{"uv":[5,1,8.5,2.5],"texture":"#0"},"east":{"uv":[5,1,8.5,2.5],"texture":"#0"}}},{"from":[8.25,-10.5,7.25],"to":[8.5,-10.25,7.5],"faces":{"down":{"uv":[13.5,15.5,14,16],"texture":"#0"},"north":{"uv":[13.5,15.5,14,16],"texture":"#0"},"south":{"uv":[13.5,15.5,14,16],"texture":"#0"},"west":{"uv":[13.5,15.5,14,16],"texture":"#0"},"east":{"uv":[13.5,15.5,14,16],"texture":"#0"}}},{"from":[7.25,-7.5,6.75],"to":[7.5,-7.25,8],"faces":{"down":{"uv":[4.5,4.5,7,5],"texture":"#0","rotation":90},"up":{"uv":[4.5,4.5,7,5],"texture":"#0","rotation":270},"north":{"uv":[3,5,3.5,5.5],"texture":"#0"},"south":{"uv":[3,5,3.5,5.5],"texture":"#0"},"west":{"uv":[5.5,1.5,8,2],"texture":"#0"}}},{"from":[6.75,-7.25,7],"to":[7,-7,7.75],"faces":{"down":{"uv":[5,0,6.5,0.5],"texture":"#0","rotation":90},"up":{"uv":[5,0,6.5,0.5],"texture":"#0","rotation":270},"north":{"uv":[0,0,0.5,0.5],"texture":"#0"},"south":{"uv":[0,0,0.5,0.5],"texture":"#0"},"west":{"uv":[7.5,5.5,9,6],"texture":"#0"}}},{"from":[6.75,-7,7.25],"to":[7,-6.75,7.5],"faces":{"up":{"uv":[8,5,8.5,5.5],"texture":"#0","rotation":90},"north":{"uv":[5,5,5.5,5.5],"texture":"#0"},"south":{"uv":[5,5,5.5,5.5],"texture":"#0"},"west":{"uv":[7.5,5,8,5.5],"texture":"#0"},"east":{"uv":[8,5,8.5,5.5],"texture":"#0"}}},{"from":[7.5,-9.5,7.25],"to":[9.25,-9.25,7.5],"faces":{"down":{"uv":[12.5,13.5,13,14],"texture":"#0"},"north":{"uv":[12,13.5,12.5,14],"texture":"#0"},"south":{"uv":[12,13.5,12.5,14],"texture":"#0"},"west":{"uv":[12,13.5,12.5,14],"texture":"#0"},"east":{"uv":[12,13.5,12.5,14],"texture":"#0"}}},{"from":[8.25,-8.5,6.75],"to":[8.5,-8.25,8],"faces":{"north":{"uv":[13.5,11.5,14,12],"texture":"#0"},"south":{"uv":[13.5,11.5,14,12],"texture":"#0"}}},{"from":[8,-10.25,7.25],"to":[8.75,-10,7.5],"faces":{"down":{"uv":[13,15,14.5,15.5],"texture":"#0"},"north":{"uv":[13,15,14.5,15.5],"texture":"#0"},"south":{"uv":[13,15,14.5,15.5],"texture":"#0"},"west":{"uv":[13,15,13.5,15.5],"texture":"#0"},"east":{"uv":[13,15,13.5,15.5],"texture":"#0"}}},{"from":[7.75,-10,7.25],"to":[9,-9.5,7.5],"faces":{"down":{"uv":[12.5,14.5,13,15],"texture":"#0"},"north":{"uv":[12.5,14,15,15],"texture":"#0"},"south":{"uv":[12.5,14,15,15],"texture":"#0"},"west":{"uv":[14.5,14,15,15],"texture":"#0"},"east":{"uv":[12.5,14,13,15],"texture":"#0"}}},{"from":[8,-9.25,6.75],"to":[8.75,-8.5,8],"faces":{"down":{"uv":[13,12,14.5,13.5],"texture":"#0"},"up":{"uv":[13,12,14.5,13.5],"texture":"#0"},"north":{"uv":[13,12,14.5,13.5],"texture":"#0"},"south":{"uv":[13,12,14.5,13.5],"texture":"#0"},"west":{"uv":[13,12,14.5,13.5],"texture":"#0"},"east":{"uv":[13,12,14.5,13.5],"texture":"#0"}}},{"from":[7.5,-8,6.75],"to":[7.75,-7.5,8],"faces":{"down":{"uv":[4,2,6.5,2.5],"texture":"#0","rotation":90},"north":{"uv":[3,5,3.5,6],"texture":"#0"},"south":{"uv":[3,5,3.5,6],"texture":"#0"},"west":{"uv":[0.5,2,3,3],"texture":"#0"},"east":{"uv":[0.5,2,3,3],"texture":"#0"}}},{"from":[7.75,-7.75,6.5],"to":[8,-7.5,8.25],"faces":{"down":{"uv":[6.5,7,10,7.5],"texture":"#0","rotation":90},"up":{"uv":[6.5,8.5,10,9],"texture":"#0","rotation":270},"north":{"uv":[1.5,2,2,2.5],"texture":"#0"},"south":{"uv":[1.5,2,2,2.5],"texture":"#0"},"west":{"uv":[5.5,3.5,6,4],"texture":"#0"},"east":{"uv":[6.5,6.5,10,7],"texture":"#0"}}},{"from":[7.5,-9,6.5],"to":[7.75,-8.75,8.25],"faces":{"down":{"uv":[2,1,2.5,3.5],"texture":"#0"},"up":{"uv":[2,1,2.5,3.5],"texture":"#0"},"north":{"uv":[1.5,2.5,2,3],"texture":"#0"},"south":{"uv":[1.5,2.5,2,3],"texture":"#0"},"west":{"uv":[1,2.5,3,3],"texture":"#0"},"east":{"uv":[1,2.5,3,3],"texture":"#0"}}},{"from":[7.75,-8.75,6.5],"to":[8,-8.5,8.25],"faces":{"down":{"uv":[1,2,4.5,2.5],"texture":"#0","rotation":270},"up":{"uv":[1,2,4.5,2.5],"texture":"#0","rotation":270},"north":{"uv":[7.5,2.5,8,3],"texture":"#0"},"south":{"uv":[7.5,2.5,8,3],"texture":"#0"},"west":{"uv":[3,2,6.5,2.5],"texture":"#0"},"east":{"uv":[3,2,6.5,2.5],"texture":"#0"}}},{"from":[7.25,-8.75,7],"to":[9.5,-8.5,7.75],"faces":{"down":{"uv":[7,3.5,7.5,5],"texture":"#0"},"up":{"uv":[7,3.5,7.5,5],"texture":"#0"},"north":{"uv":[6,3,6.5,3.5],"texture":"#0"},"south":{"uv":[6,3,6.5,3.5],"texture":"#0"},"west":{"uv":[4,3.5,5.5,4],"texture":"#0"},"east":{"uv":[4,3.5,5.5,4],"texture":"#0"}}},{"from":[7,-9,7],"to":[7.25,-8.75,7.75],"faces":{"up":{"uv":[2,4,2.5,5.5],"texture":"#0"},"north":{"uv":[2.5,2,3,2.5],"texture":"#0"},"south":{"uv":[2.5,2,3,2.5],"texture":"#0"},"west":{"uv":[2,2,3.5,2.5],"texture":"#0"}}},{"from":[6.75,-9.25,7],"to":[7,-9,7.75],"faces":{"down":{"uv":[5,2.5,5.5,3.999999],"texture":"#0"},"up":{"uv":[5,2.5,5.5,3.999999],"texture":"#0"},"north":{"uv":[4.5,3.5,5,4],"texture":"#0"},"south":{"uv":[4.5,3.5,5,4],"texture":"#0"},"west":{"uv":[4.5,3.5,5,4],"texture":"#0"}}},{"from":[9.75,-9.5,7.25],"to":[10,-9.25,7.5],"faces":{"down":{"uv":[8,9.999999,8.5,10.5],"texture":"#0"},"north":{"uv":[8,9.999999,8.5,10.5],"texture":"#0"},"south":{"uv":[8,9.999999,8.5,10.5],"texture":"#0"},"west":{"uv":[8,9.999999,8.5,10.5],"texture":"#0"},"east":{"uv":[8,9.999999,8.5,10.5],"texture":"#0"}}},{"from":[7,-9.25,6.75],"to":[7.25,-9,8],"faces":{"down":{"uv":[1.5,3,2,4.5],"texture":"#0"},"up":{"uv":[1.5,3,2,4.5],"texture":"#0"},"north":{"uv":[1.5,4.5,2,5],"texture":"#0"},"south":{"uv":[1.5,4.5,2,5],"texture":"#0"},"west":{"uv":[1.5,4,3,4.5],"texture":"#0"},"east":{"uv":[1.5,4,3,4.5],"texture":"#0"}}},{"from":[7.25,-9,6.75],"to":[7.5,-8.75,8],"faces":{"down":{"uv":[2,4,2.5,5.5],"texture":"#0"},"up":{"uv":[3.5,2.5,4,4],"texture":"#0"},"north":{"uv":[6,9,6.5,9.5],"texture":"#0"},"south":{"uv":[9.5,9,10,9.5],"texture":"#0"},"west":{"uv":[2.5,1,4,1.5],"texture":"#0"}}},{"from":[7.25,-9.25,7.25],"to":[9.5,-9,7.5],"faces":{"down":{"uv":[11.5,13,12,13.5],"texture":"#0"},"up":{"uv":[11.5,13,12,13.5],"texture":"#0"},"north":{"uv":[11.5,13,12,13.5],"texture":"#0"},"south":{"uv":[11.5,13,12,13.5],"texture":"#0"}}},{"from":[8.25,-9.5,6.75],"to":[8.5,-9.25,8],"faces":{"down":{"uv":[13.5,13.5,14,14],"texture":"#0"},"north":{"uv":[13.5,13.5,14,14],"texture":"#0"},"south":{"uv":[13.5,13.5,14,14],"texture":"#0"},"west":{"uv":[13.5,13.5,14,14],"texture":"#0"},"east":{"uv":[13.5,13.5,14,14],"texture":"#0"}}},{"from":[6.75,-9.5,7.25],"to":[7,-9.25,7.5],"faces":{"down":{"uv":[8,9.999999,8.5,10.5],"texture":"#0"},"north":{"uv":[8,9.999999,8.5,10.5],"texture":"#0"},"south":{"uv":[8,9.999999,8.5,10.5],"texture":"#0"},"west":{"uv":[8,9.999999,8.5,10.5],"texture":"#0"},"east":{"uv":[8,9.999999,8.5,10.5],"texture":"#0"}}},{"from":[7.25,-8.5,7.25],"to":[9.5,-8.25,7.5],"faces":{"up":{"uv":[2,0,2.5,4.5],"texture":"#0","rotation":270},"north":{"uv":[0.5,2.5,5,3],"texture":"#0"},"south":{"uv":[0.5,2.5,5,3],"texture":"#0"},"west":{"uv":[7.5,8.5,8,9],"texture":"#0"},"east":{"uv":[7.5,8.5,8,9],"texture":"#0"}}},{"from":[7.5,-8.75,6.75],"to":[7.75,-8.25,8],"faces":{"up":{"uv":[7,9,9.5,9.5],"texture":"#0","rotation":270},"north":{"uv":[2,2,2.5,3],"texture":"#0"},"south":{"uv":[2,2,2.5,3],"texture":"#0"},"west":{"uv":[1,2,3.5,3],"texture":"#0"},"east":{"uv":[1,2,3.5,3],"texture":"#0"}}},{"from":[7.25,-8,7.25],"to":[9.5,-7.75,7.5],"faces":{"down":{"uv":[2,0,2.5,4.5],"texture":"#0","rotation":90},"north":{"uv":[1.5,1.5,6,2],"texture":"#0"},"south":{"uv":[1.5,1.5,6,2],"texture":"#0"},"west":{"uv":[7.5,7,8,7.5],"texture":"#0"},"east":{"uv":[8,7,8.5,7.5],"texture":"#0"}}},{"from":[7.25,-7.75,7],"to":[9.5,-7.5,7.75],"faces":{"down":{"uv":[7,2.5,8.5,3],"texture":"#0","rotation":90},"up":{"uv":[7,2.5,8.5,3],"texture":"#0","rotation":270},"north":{"uv":[10,6.5,10.5,7],"texture":"#0"},"south":{"uv":[10,6.5,10.5,7],"texture":"#0"},"west":{"uv":[6,2.5,7.5,3],"texture":"#0"},"east":{"uv":[6,2.5,7.5,3],"texture":"#0"}}},{"from":[8.25,-8.25,6.5],"to":[8.5,-7.5,8.25],"faces":{"down":{"uv":[2,2.5,5.5,3],"texture":"#0","rotation":90},"up":{"uv":[1.5,3.5,5,4],"texture":"#0","rotation":270},"north":{"uv":[2,3,2.5,4.5],"texture":"#0"},"south":{"uv":[2,3,2.5,4.5],"texture":"#0"},"west":{"uv":[0,3,3.5,4.5],"texture":"#0"},"east":{"uv":[0,3,3.5,4.5],"texture":"#0"}}},{"from":[7.75,-7.75,6.75],"to":[9,-7,8],"faces":{"down":{"uv":[4,1,6.5,3.5],"texture":"#0","rotation":90},"up":{"uv":[4,1,6.5,3.5],"texture":"#0","rotation":270},"north":{"uv":[3,3.5,5.5,5],"texture":"#0"},"south":{"uv":[3,3.5,5.5,5],"texture":"#0"},"west":{"uv":[3,3.5,5.5,5],"texture":"#0"},"east":{"uv":[3,3.5,5.5,5],"texture":"#0"}}},{"from":[7.75,-7,7],"to":[9,-6.5,7.75],"faces":{"up":{"uv":[2.5,2,5,3.5],"texture":"#0","rotation":180},"north":{"uv":[4,0.5,6.5,1.5],"texture":"#0"},"south":{"uv":[4,0.5,6.5,1.5],"texture":"#0"},"west":{"uv":[5.5,0.5,7,1.5],"texture":"#0"},"east":{"uv":[5.5,0.5,7,1.5],"texture":"#0"}}},{"from":[7.75,5.5,7],"to":[9,6.25,7.75],"faces":{"down":{"uv":[14,10,14.5,10.5],"texture":"#0","rotation":270},"up":{"uv":[13.5,10,14,10.5],"texture":"#0","rotation":270},"north":{"uv":[12.5,9.5,13,10],"texture":"#0"},"south":{"uv":[14.5,9.5,15,10],"texture":"#0"},"west":{"uv":[13,9,14.5,10.5],"texture":"#0"},"east":{"uv":[13,9,14.5,10.5],"texture":"#0"}}},{"from":[8,-7,6.75],"to":[8.75,-6.5,8],"faces":{"up":{"uv":[2.5,2,5,3.5],"texture":"#0","rotation":90},"north":{"uv":[7.5,3.5,9,4.5],"texture":"#0"},"south":{"uv":[7.5,3.5,9,4.5],"texture":"#0"},"west":{"uv":[2,0.5,4.5,1.5],"texture":"#0"},"east":{"uv":[2,0.5,4.5,1.5],"texture":"#0"}}},{"from":[8,-6.5,7],"to":[8.75,1.5,7.75],"faces":{"north":{"uv":[1.5,0,0,16],"texture":"#1"},"south":{"uv":[0,0,1.5,16],"texture":"#1"},"west":{"uv":[1.5,0,0,16],"texture":"#1"},"east":{"uv":[0,0,1.5,16],"texture":"#1"}}},{"from":[8,1.5,7],"to":[8.75,5.5,7.75],"faces":{"north":{"uv":[2,8,3.5,16],"texture":"#1"},"south":{"uv":[2,8,3.5,16],"texture":"#1"},"west":{"uv":[2,8,3.5,16],"texture":"#1"},"east":{"uv":[2,8,3.5,16],"texture":"#1"}}},{"from":[7.75,-6.5,7.25],"to":[9,-6.25,7.5],"faces":{"up":{"uv":[5,3.5,7.5,4],"texture":"#0"},"north":{"uv":[3.5,2.5,6,3],"texture":"#0"},"south":{"uv":[3.5,2.5,6,3],"texture":"#0"},"west":{"uv":[3.5,2.5,4,3],"texture":"#0"},"east":{"uv":[3.5,2.5,4,3],"texture":"#0"}}},{"from":[8.25,5.25,6.75],"to":[8.5,6.5,8],"faces":{"down":{"uv":[13.5,8,16,8.5],"texture":"#0","rotation":90},"up":{"uv":[13.5,8.5,14,9],"texture":"#0"},"north":{"uv":[13.5,8.5,14,11],"texture":"#0"},"south":{"uv":[13.5,8.5,14,11],"texture":"#0"},"west":{"uv":[14,9,14.5,10.5],"texture":"#0"},"east":{"uv":[13,9,13.5,10.5],"texture":"#0"}}},{"from":[8,5.5,6.75],"to":[8.75,6.25,8],"faces":{"down":{"uv":[14,10,14.5,10.5],"texture":"#0","rotation":270},"up":{"uv":[13.5,10,14,10.5],"texture":"#0","rotation":270},"north":{"uv":[13,9,14.5,10.5],"texture":"#0"},"south":{"uv":[13,9,14.5,10.5],"texture":"#0"},"west":{"uv":[12.5,9.5,13,10],"texture":"#0"},"east":{"uv":[14.5,9.5,15,10],"texture":"#0"}}},{"from":[7.75,5.75,6.75],"to":[9,6,8],"faces":{"down":{"uv":[14.5,9.5,15,10],"texture":"#0","rotation":270},"up":{"uv":[14.5,9.5,15,10],"texture":"#0","rotation":270},"north":{"uv":[12.5,9.5,15,10],"texture":"#0"},"south":{"uv":[12.5,9.5,15,10],"texture":"#0"},"west":{"uv":[12.5,9.5,15,10],"texture":"#0"},"east":{"uv":[12.5,9.5,15,10],"texture":"#0"}}},{"from":[7.75,5.25,7.25],"to":[9,6.5,7.5],"faces":{"down":{"uv":[13,5,15.5,5.5],"texture":"#0"},"up":{"uv":[13.5,8.5,14,9],"texture":"#0"},"north":{"uv":[14,9,14.5,10.5],"texture":"#0"},"south":{"uv":[14,9,14.5,10.5],"texture":"#0"},"west":{"uv":[13.5,8.5,14,11],"texture":"#0"},"east":{"uv":[13.5,8.5,14,11],"texture":"#0"}}},{"from":[8,6.25,7],"to":[8.75,8.5,7.75],"faces":{"north":{"uv":[1.5,1,3,5.5],"texture":"#0"},"south":{"uv":[1.5,1,3,5.5],"texture":"#0"},"west":{"uv":[1.5,1,3,5.5],"texture":"#0"},"east":{"uv":[1.5,1,3,5.5],"texture":"#0"}}},{"from":[7.5,8.5,7],"to":[9.25,8.75,7.25],"faces":{"down":{"uv":[2,3,5.5,3.5],"texture":"#0"},"up":{"uv":[3.5,7,7,7.5],"texture":"#0"},"north":{"uv":[2.5,5,6,5.5],"texture":"#0"},"south":{"uv":[2.5,5,6,5.5],"texture":"#0"},"west":{"uv":[6.5,1.5,7,2],"texture":"#0"},"east":{"uv":[6.5,1.5,7,2],"texture":"#0"}}},{"from":[7.5,8.75,7.25],"to":[9.25,9,7.5],"faces":{"down":{"uv":[3.5,7,7,7.5],"texture":"#0"},"up":{"uv":[3.5,7,7,7.5],"texture":"#0"},"north":{"uv":[2,5,5.5,5.5],"texture":"#0"},"south":{"uv":[2,5,5.5,5.5],"texture":"#0"},"west":{"uv":[8,3,8.5,3.5],"texture":"#0"},"east":{"uv":[8,3,8.5,3.5],"texture":"#0"}}},{"from":[7.5,8.5,7.5],"to":[9.25,8.75,7.75],"faces":{"down":{"uv":[3.5,4,7,4.5],"texture":"#0"},"up":{"uv":[3.5,4,7,4.5],"texture":"#0"},"north":{"uv":[1.5,1,5,1.5],"texture":"#0"},"south":{"uv":[1.5,1,5,1.5],"texture":"#0"},"west":{"uv":[8,3.5,8.5,4],"texture":"#0"},"east":{"uv":[8,3.5,8.5,4],"texture":"#0"}}},{"from":[7.75,8.25,8],"to":[8,8.5,8.25],"faces":{"down":{"uv":[8,2.5,8.5,3],"texture":"#0"},"up":{"uv":[8,2.5,8.5,3],"texture":"#0"},"north":{"uv":[8,2.5,8.5,3],"texture":"#0"},"south":{"uv":[8,2.5,8.5,3],"texture":"#0"},"west":{"uv":[8,2.5,8.5,3],"texture":"#0"},"east":{"uv":[8,2.5,8.5,3],"texture":"#0"}}},{"from":[13.25,12.25,7.25],"to":[13.5,14.25,7.5],"faces":{"down":{"uv":[4.5,8,5,9],"texture":"#1"},"up":{"uv":[4.5,8,5,9],"texture":"#1"},"north":{"uv":[4.5,8,5,9],"texture":"#1"},"south":{"uv":[4.5,8,5,9],"texture":"#1"},"east":{"uv":[4.5,8,5,9],"texture":"#1"}}},{"from":[8.5,7.5,6.75],"to":[8.75,7.75,8],"faces":{"down":{"uv":[8.5,7,9,9.5],"texture":"#0"},"up":{"uv":[8.5,6.5,9,9],"texture":"#0"},"north":{"uv":[7,5.5,7.5,6],"texture":"#0"},"south":{"uv":[8.5,5.5,9,6],"texture":"#0"},"west":{"uv":[1,2.5,3.5,3],"texture":"#0"},"east":{"uv":[1,2.5,3.5,3],"texture":"#0"}}},{"from":[8.25,8.75,6.5],"to":[8.5,9,8.25],"faces":{"down":{"uv":[5.5,7,6,10.5],"texture":"#0"},"up":{"uv":[5.5,7,6,10.5],"texture":"#0"},"north":{"uv":[8,2.5,8.5,3],"texture":"#0"},"south":{"uv":[8,2.5,8.5,3],"texture":"#0"},"west":{"uv":[6,0.5,9.5,1],"texture":"#0"},"east":{"uv":[6,0.5,9.5,1],"texture":"#0"}}},{"from":[8.75,8.25,8],"to":[9,8.5,8.25],"faces":{"down":{"uv":[6.5,4.5,7,5],"texture":"#0"},"up":{"uv":[6.5,4.5,7,5],"texture":"#0"},"north":{"uv":[6.5,4.5,7,5],"texture":"#0"},"south":{"uv":[6.5,4.5,7,5],"texture":"#0"},"west":{"uv":[6.5,4.5,7,5],"texture":"#0"},"east":{"uv":[6.5,4.5,7,5],"texture":"#0"}}},{"from":[8.75,7.25,7.75],"to":[9,7.5,8],"faces":{"down":{"uv":[8.5,5.5,9,6],"texture":"#0"},"up":{"uv":[8.5,5.5,9,6],"texture":"#0"},"north":{"uv":[8.5,5.5,9,6],"texture":"#0"},"south":{"uv":[8.5,5.5,9,6],"texture":"#0"},"west":{"uv":[8.5,5.5,9,6],"texture":"#0"},"east":{"uv":[8.5,5.5,9,6],"texture":"#0"}}},{"from":[7.75,7.5,7.5],"to":[9,7.75,7.75],"faces":{"down":{"uv":[7,7.5,9.5,8],"texture":"#0"},"up":{"uv":[7,8,9.5,8.5],"texture":"#0"},"north":{"uv":[1,2.5,3.5,3],"texture":"#0"},"south":{"uv":[1,2.5,3.5,3],"texture":"#0"},"west":{"uv":[8,5.5,8.5,6],"texture":"#0"},"east":{"uv":[7.5,5.5,8,6],"texture":"#0"}}},{"from":[7.75,7.75,7.25],"to":[9,8,7.5],"faces":{"down":{"uv":[7.75,8.5,9,8.75],"texture":"#0"},"up":{"uv":[7.75,7.25,9,7.5],"texture":"#0"},"north":{"uv":[7,8,8.25,8.25],"texture":"#0"},"south":{"uv":[7.75,8,9,8.25],"texture":"#0"},"west":{"uv":[7.25,8,7.5,8.25],"texture":"#0"},"east":{"uv":[8.5,8,8.75,8.25],"texture":"#0"}}},{"from":[7.75,7.5,7],"to":[9,7.75,7.25],"faces":{"down":{"uv":[7.75,8.75,9,9],"texture":"#0"},"up":{"uv":[7.75,7,9,7.25],"texture":"#0"},"north":{"uv":[7,8.25,8.25,8.5],"texture":"#0"},"south":{"uv":[7.75,8.25,9,8.5],"texture":"#0"},"west":{"uv":[7,8.25,7.25,8.5],"texture":"#0"},"east":{"uv":[8.75,8.25,9,8.5],"texture":"#0"}}},{"from":[7.75,7.25,6.75],"to":[8,7.5,7],"faces":{"down":{"uv":[8.5,5.5,9,6],"texture":"#0"},"up":{"uv":[8.5,5.5,9,6],"texture":"#0"},"north":{"uv":[8.5,5.5,9,6],"texture":"#0"},"south":{"uv":[8.5,5.5,9,6],"texture":"#0"},"west":{"uv":[8.5,5.5,9,6],"texture":"#0"},"east":{"uv":[8.5,5.5,9,6],"texture":"#0"}}},{"from":[8,7.5,6.75],"to":[8.25,7.75,8],"faces":{"down":{"uv":[7.5,7,8,9.5],"texture":"#0"},"up":{"uv":[7.5,6.5,8,9],"texture":"#0"},"north":{"uv":[1,2.5,1.5,3],"texture":"#0"},"south":{"uv":[1,2.5,1.5,3],"texture":"#0"},"west":{"uv":[1,2.5,3.5,3],"texture":"#0"},"east":{"uv":[1,2.5,3.5,3],"texture":"#0"}}},{"from":[8.25,7.75,6.75],"to":[8.5,8,8],"faces":{"down":{"uv":[8.25,8,8.5,9.25],"texture":"#0"},"up":{"uv":[8.25,6.75,8.5,8],"texture":"#0"},"north":{"uv":[7.5,8,7.75,8.25],"texture":"#0"},"south":{"uv":[8.25,8,8.5,8.25],"texture":"#0"},"west":{"uv":[6.75,8,8,8.25],"texture":"#0"},"east":{"uv":[8,8,9.25,8.25],"texture":"#0"}}},{"from":[8.75,7.25,6.75],"to":[9,7.5,7],"faces":{"down":{"uv":[8.5,5.5,9,6],"texture":"#0"},"up":{"uv":[8.5,5.5,9,6],"texture":"#0"},"north":{"uv":[8.5,5.5,9,6],"texture":"#0"},"south":{"uv":[8.5,5.5,9,6],"texture":"#0"},"west":{"uv":[8.5,5.5,9,6],"texture":"#0"},"east":{"uv":[8.5,5.5,9,6],"texture":"#0"}}},{"from":[7.75,8.25,6.5],"to":[8,8.5,6.75],"faces":{"down":{"uv":[6.5,4.5,7,5],"texture":"#0"},"up":{"uv":[6.5,4.5,7,5],"texture":"#0"},"north":{"uv":[6.5,4.5,7,5],"texture":"#0"},"south":{"uv":[6.5,4.5,7,5],"texture":"#0"},"west":{"uv":[6.5,4.5,7,5],"texture":"#0"},"east":{"uv":[6.5,4.5,7,5],"texture":"#0"}}},{"from":[9,8,8],"to":[9.25,8.25,8.25],"faces":{"down":{"uv":[9.5,6.5,10,7],"texture":"#0"},"up":{"uv":[9.5,6.5,10,7],"texture":"#0"},"north":{"uv":[9.5,6.5,10,7],"texture":"#0"},"south":{"uv":[9.5,6.5,10,7],"texture":"#0"},"west":{"uv":[9.5,6.5,10,7],"texture":"#0"},"east":{"uv":[9.5,6.5,10,7],"texture":"#0"}}},{"from":[9,8.25,6.75],"to":[9.25,8.5,7],"faces":{"down":{"uv":[6.5,4.5,7,5],"texture":"#0"},"up":{"uv":[6.5,4.5,7,5],"texture":"#0"},"north":{"uv":[6.5,4.5,7,5],"texture":"#0"},"south":{"uv":[6.5,4.5,7,5],"texture":"#0"},"west":{"uv":[6.5,4.5,7,5],"texture":"#0"},"east":{"uv":[6.5,4.5,7,5],"texture":"#0"}}},{"from":[8,8.5,6.5],"to":[8.25,8.75,8.25],"faces":{"down":{"uv":[5.5,1,6,4.5],"texture":"#0"},"up":{"uv":[5.5,1,6,4.5],"texture":"#0"},"north":{"uv":[7.5,3.5,8,4],"texture":"#0"},"south":{"uv":[7.5,3.5,8,4],"texture":"#0"},"west":{"uv":[3,4,6.5,4.5],"texture":"#0"},"east":{"uv":[3,4,6.5,4.5],"texture":"#0"}}},{"from":[8.5,8.5,6.5],"to":[8.75,8.75,8.25],"faces":{"down":{"uv":[1.5,1,2,4.5],"texture":"#0"},"up":{"uv":[1.5,1,2,4.5],"texture":"#0"},"north":{"uv":[6,3.5,6.5,4],"texture":"#0"},"south":{"uv":[6,3.5,6.5,4],"texture":"#0"},"west":{"uv":[3,5,6.5,5.5],"texture":"#0"},"east":{"uv":[3,5,6.5,5.5],"texture":"#0"}}},{"from":[7.75,9,7],"to":[9,9.25,7.75],"faces":{"up":{"uv":[7.75,7,9,7.75],"texture":"#0"},"north":{"uv":[7,6.75,8.25,7],"texture":"#0"},"south":{"uv":[7.75,6.75,9,7],"texture":"#0"},"west":{"uv":[7,6.75,7.75,7],"texture":"#0"},"east":{"uv":[8.25,6.75,9,7],"texture":"#0"}}},{"from":[8.75,8.25,6.5],"to":[9,8.5,6.75],"faces":{"down":{"uv":[8,2.5,8.5,3],"texture":"#0"},"up":{"uv":[8,2.5,8.5,3],"texture":"#0"},"north":{"uv":[8,2.5,8.5,3],"texture":"#0"},"south":{"uv":[8,2.5,8.5,3],"texture":"#0"},"west":{"uv":[8,2.5,8.5,3],"texture":"#0"},"east":{"uv":[8,2.5,8.5,3],"texture":"#0"}}},{"from":[9,8,6.5],"to":[9.25,8.25,6.75],"faces":{"down":{"uv":[9.5,6.5,10,7],"texture":"#0"},"up":{"uv":[9.5,6.5,10,7],"texture":"#0"},"north":{"uv":[9.5,6.5,10,7],"texture":"#0"},"south":{"uv":[9.5,6.5,10,7],"texture":"#0"},"west":{"uv":[9.5,6.5,10,7],"texture":"#0"},"east":{"uv":[9.5,6.5,10,7],"texture":"#0"}}},{"from":[8.25,9.25,6.75],"to":[8.5,9.5,8],"faces":{"up":{"uv":[6,2,6.5,4.5],"texture":"#0"},"north":{"uv":[8,2,8.5,2.5],"texture":"#0"},"south":{"uv":[8,2,8.5,2.5],"texture":"#0"},"west":{"uv":[6.5,2,9,2.5],"texture":"#0"},"east":{"uv":[6.5,2,9,2.5],"texture":"#0"}}},{"from":[7.5,8.25,6.75],"to":[7.75,8.5,7],"faces":{"down":{"uv":[8,2.5,8.5,3],"texture":"#0"},"up":{"uv":[8,2.5,8.5,3],"texture":"#0"},"north":{"uv":[8,2.5,8.5,3],"texture":"#0"},"south":{"uv":[8,2.5,8.5,3],"texture":"#0"},"west":{"uv":[8,2.5,8.5,3],"texture":"#0"},"east":{"uv":[8,2.5,8.5,3],"texture":"#0"}}},{"from":[7.5,8.25,7.75],"to":[7.75,8.5,8],"faces":{"down":{"uv":[6.5,4.5,7,5],"texture":"#0"},"up":{"uv":[6.5,4.5,7,5],"texture":"#0"},"north":{"uv":[6.5,4.5,7,5],"texture":"#0"},"south":{"uv":[6.5,4.5,7,5],"texture":"#0"},"west":{"uv":[6.5,4.5,7,5],"texture":"#0"},"east":{"uv":[6.5,4.5,7,5],"texture":"#0"}}},{"from":[7.5,8,6.5],"to":[7.75,8.25,6.75],"faces":{"down":{"uv":[9.5,6.5,10,7],"texture":"#0"},"up":{"uv":[9.5,6.5,10,7],"texture":"#0"},"north":{"uv":[9.5,6.5,10,7],"texture":"#0"},"south":{"uv":[9.5,6.5,10,7],"texture":"#0"},"west":{"uv":[9.5,6.5,10,7],"texture":"#0"},"east":{"uv":[9.5,6.5,10,7],"texture":"#0"}}},{"from":[9,8.25,7.75],"to":[9.25,8.5,8],"faces":{"down":{"uv":[8,2.5,8.5,3],"texture":"#0"},"up":{"uv":[8,2.5,8.5,3],"texture":"#0"},"north":{"uv":[8,2.5,8.5,3],"texture":"#0"},"south":{"uv":[8,2.5,8.5,3],"texture":"#0"},"west":{"uv":[8,2.5,8.5,3],"texture":"#0"},"east":{"uv":[8,2.5,8.5,3],"texture":"#0"}}},{"from":[7.5,8,8],"to":[7.75,8.25,8.25],"faces":{"down":{"uv":[9.5,6.5,10,7],"texture":"#0"},"up":{"uv":[9.5,6.5,10,7],"texture":"#0"},"north":{"uv":[9.5,6.5,10,7],"texture":"#0"},"south":{"uv":[9.5,6.5,10,7],"texture":"#0"},"west":{"uv":[9.5,6.5,10,7],"texture":"#0"},"east":{"uv":[9.5,6.5,10,7],"texture":"#0"}}},{"from":[7.75,7.25,7.75],"to":[8,7.5,8],"faces":{"down":{"uv":[8.5,5.5,9,6],"texture":"#0"},"up":{"uv":[8.5,5.5,9,6],"texture":"#0"},"north":{"uv":[8.5,5.5,9,6],"texture":"#0"},"south":{"uv":[8.5,5.5,9,6],"texture":"#0"},"west":{"uv":[8.5,5.5,9,6],"texture":"#0"},"east":{"uv":[8.5,5.5,9,6],"texture":"#0"}}},{"from":[8,9,6.75],"to":[8.75,9.25,8],"faces":{"up":{"uv":[8,6.75,8.75,8],"texture":"#0"},"north":{"uv":[7.25,6.75,8,7],"texture":"#0"},"south":{"uv":[8,6.75,8.75,7],"texture":"#0"},"west":{"uv":[6.75,6.75,8,7],"texture":"#0"},"east":{"uv":[8,6.75,9.25,7],"texture":"#0"}}},{"from":[7.75,8.5,6.75],"to":[9,9,8],"faces":{"down":{"uv":[4,1,6.5,3.5],"texture":"#0"},"up":{"uv":[4,1,6.5,3.5],"texture":"#0"},"north":{"uv":[6.5,3,9,4],"texture":"#0"},"south":{"uv":[7,3,9.5,4],"texture":"#0"},"west":{"uv":[6.5,3,9,4],"texture":"#0"},"east":{"uv":[7,3,9.5,4],"texture":"#0"}}},{"from":[7.75,9.25,7.25],"to":[9,9.5,7.5],"faces":{"up":{"uv":[7.5,3.5,8,6],"texture":"#0","rotation":270},"north":{"uv":[6.5,2.5,9,3],"texture":"#0"},"south":{"uv":[6.5,2.5,9,3],"texture":"#0"},"west":{"uv":[7,3.5,7.5,4],"texture":"#0"},"east":{"uv":[7,3.5,7.5,4],"texture":"#0"}}},{"from":[8.75,9.75,7.25],"to":[9.25,10,7.5],"faces":{"down":{"uv":[7,1,9,1.5],"texture":"#0","rotation":270},"north":{"uv":[7,2.5,8,3],"texture":"#0"},"south":{"uv":[7,2.5,8,3],"texture":"#0"}}},{"from":[9,11.5,6.75],"to":[9.25,12.75,8],"faces":{"down":{"uv":[2,3,2.5,5.5],"texture":"#0"},"up":{"uv":[2,3,2.5,5.5],"texture":"#0"},"north":{"uv":[7,2.5,7.5,5],"texture":"#0"},"south":{"uv":[7,2.5,7.5,5],"texture":"#0"},"west":{"uv":[5,1,7,3.5],"texture":"#0"},"east":{"uv":[5,1,7,3.5],"texture":"#0"}}},{"from":[9.25,9.5,7.25],"to":[9.5,9.75,7.5],"faces":{"down":{"uv":[4,2,4.5,2.5],"texture":"#0","rotation":90},"north":{"uv":[4,2,4.5,2.5],"texture":"#0","rotation":90},"south":{"uv":[4,2,4.5,2.5],"texture":"#0","rotation":90},"west":{"uv":[4,2,4.5,2.5],"texture":"#0","rotation":90}}},{"from":[10,10.5,6.75],"to":[11.25,10.75,8],"faces":{"down":{"uv":[3,2,4.5,4.5],"texture":"#0","rotation":270},"up":{"uv":[3,2,4.5,4.5],"texture":"#0","rotation":270},"north":{"uv":[6,1.5,8,2],"texture":"#0"},"south":{"uv":[6,1.5,8,2],"texture":"#0"}}},{"from":[9.25,11.25,6.75],"to":[9.5,12,8],"faces":{"down":{"uv":[8,2,8.5,4.5],"texture":"#0"},"up":{"uv":[8,2,8.5,4.5],"texture":"#0"},"north":{"uv":[4.5,3,5,4.5],"texture":"#0"},"south":{"uv":[4.5,3,5,4.5],"texture":"#0"},"west":{"uv":[7.5,2.5,9.5,4],"texture":"#0"},"east":{"uv":[7.5,2.5,9.5,4],"texture":"#0"}}},{"from":[9.25,9.75,7],"to":[9.5,10,7.75],"faces":{"down":{"uv":[5,1.5,5.5,2],"texture":"#0","rotation":90},"north":{"uv":[5,1.5,5.5,2],"texture":"#0","rotation":90},"south":{"uv":[5,1.5,5.5,2],"texture":"#0","rotation":90},"west":{"uv":[5,1.5,5.5,2],"texture":"#0","rotation":90}}},{"from":[12.75,12.75,7],"to":[13,13.75,7.75],"faces":{"down":{"uv":[10,12.5,10.5,15],"texture":"#1"},"up":{"uv":[10,12.5,10.5,15],"texture":"#1"},"north":{"uv":[10,12.5,10.5,15],"texture":"#1"},"south":{"uv":[10,12.5,10.5,15],"texture":"#1"},"east":{"uv":[10,12.5,10.5,15],"texture":"#1"}}},{"from":[9.5,9.25,7.25],"to":[9.75,9.5,7.5],"faces":{"down":{"uv":[3.5,1,4,1.5],"texture":"#0","rotation":90},"north":{"uv":[3.5,1,4,1.5],"texture":"#0","rotation":90},"south":{"uv":[3.5,1,4,1.5],"texture":"#0","rotation":90},"west":{"uv":[3.5,1,4,1.5],"texture":"#0","rotation":90},"east":{"uv":[3.5,1,4,1.5],"texture":"#0","rotation":90}}},{"from":[9.25,18.25,7.25],"to":[9.5,18.5,7.5],"faces":{"up":{"uv":[5,7,5.5,7.5],"texture":"#1"},"north":{"uv":[5,7,5.5,7.5],"texture":"#1"},"south":{"uv":[5,7,5.5,7.5],"texture":"#1"},"west":{"uv":[5,7,5.5,7.5],"texture":"#1"},"east":{"uv":[5,7,5.5,7.5],"texture":"#1"}}},{"from":[11.5,16.25,7.25],"to":[11.75,17,7.5],"faces":{"up":{"uv":[5,7.5,5.5,5.5],"texture":"#1"},"north":{"uv":[5,7.5,5.5,5.5],"texture":"#1"},"south":{"uv":[5,7.5,5.5,5.5],"texture":"#1"},"west":{"uv":[5,7.5,5.5,5.5],"texture":"#1"},"east":{"uv":[5,7.5,5.5,5.5],"texture":"#1"}}},{"from":[11.75,15.75,7.25],"to":[12,16.75,7.5],"faces":{"up":{"uv":[5,7.5,5.5,5.5],"texture":"#1"},"north":{"uv":[5,7.5,5.5,5.5],"texture":"#1"},"south":{"uv":[5,7.5,5.5,5.5],"texture":"#1"},"west":{"uv":[5,7.5,5.5,5.5],"texture":"#1"},"east":{"uv":[5,7.5,5.5,5.5],"texture":"#1"}}},{"from":[12,15.25,7.25],"to":[12.25,16.5,7.5],"faces":{"up":{"uv":[5,7.5,5.5,5.5],"texture":"#1"},"north":{"uv":[5,7.5,5.5,5.5],"texture":"#1"},"south":{"uv":[5,7.5,5.5,5.5],"texture":"#1"},"west":{"uv":[5,7.5,5.5,5.5],"texture":"#1"},"east":{"uv":[5,7.5,5.5,5.5],"texture":"#1"}}},{"from":[13,11.75,7.25],"to":[13.25,15,7.5],"faces":{"down":{"uv":[6.5,5.5,7,7],"texture":"#1"},"up":{"uv":[6.5,5.5,7,7],"texture":"#1"},"north":{"uv":[6.5,5.5,7,7],"texture":"#1"},"south":{"uv":[6.5,5.5,7,7],"texture":"#1"},"west":{"uv":[6.5,5.5,7,7],"texture":"#1"},"east":{"uv":[6.5,5.5,7,7],"texture":"#1"}}},{"from":[11.25,16.5,7.25],"to":[11.5,17.25,7.5],"faces":{"up":{"uv":[5,7.5,5.5,5.5],"texture":"#1"},"north":{"uv":[5,7.5,5.5,5.5],"texture":"#1"},"south":{"uv":[5,7.5,5.5,5.5],"texture":"#1"},"west":{"uv":[5,7.5,5.5,5.5],"texture":"#1"},"east":{"uv":[5,7.5,5.5,5.5],"texture":"#1"}}},{"from":[12.25,14.75,7.25],"to":[12.5,16.25,7.5],"faces":{"up":{"uv":[5,7.5,5.5,5.5],"texture":"#1"},"north":{"uv":[5,7.5,5.5,5.5],"texture":"#1"},"south":{"uv":[5,7.5,5.5,5.5],"texture":"#1"},"west":{"uv":[5,7.5,5.5,5.5],"texture":"#1"},"east":{"uv":[5,7.5,5.5,5.5],"texture":"#1"}}},{"from":[12.5,14.25,7.25],"to":[12.75,16,7.5],"faces":{"up":{"uv":[5,7.5,5.5,5.5],"texture":"#1"},"north":{"uv":[5,7.5,5.5,5.5],"texture":"#1"},"south":{"uv":[5,7.5,5.5,5.5],"texture":"#1"},"west":{"uv":[5,7.5,5.5,5.5],"texture":"#1"},"east":{"uv":[5,7.5,5.5,5.5],"texture":"#1"}}},{"from":[11,16.75,7.25],"to":[11.25,17.5,7.5],"faces":{"up":{"uv":[5,7.5,5.5,5.5],"texture":"#1"},"north":{"uv":[5,7.5,5.5,5.5],"texture":"#1"},"south":{"uv":[5,7.5,5.5,5.5],"texture":"#1"},"west":{"uv":[5,7.5,5.5,5.5],"texture":"#1"},"east":{"uv":[5,7.5,5.5,5.5],"texture":"#1"}}},{"from":[10.75,17,7.25],"to":[11,17.5,7.5],"faces":{"up":{"uv":[5,7.5,5.5,5.5],"texture":"#1"},"north":{"uv":[5,7.5,5.5,5.5],"texture":"#1"},"south":{"uv":[5,7.5,5.5,5.5],"texture":"#1"},"west":{"uv":[5,7.5,5.5,5.5],"texture":"#1"}}},{"from":[9.75,17.25,7.25],"to":[10.25,18,7.5],"faces":{"down":{"uv":[5,7.5,5.5,5.5],"texture":"#1"},"up":{"uv":[5,7.5,5.5,5.5],"texture":"#1"},"north":{"uv":[5,7.5,5.5,5.5],"texture":"#1"},"south":{"uv":[5,7.5,5.5,5.5],"texture":"#1"},"east":{"uv":[5,7.5,5.5,5.5],"texture":"#1"}}},{"from":[11,8.75,7.25],"to":[11.25,9.75,7.5],"faces":{"down":{"uv":[8.5,4,9,6],"texture":"#1"},"north":{"uv":[6.5,5.5,7,7],"texture":"#1"},"south":{"uv":[8.5,4,9,6],"texture":"#1"},"west":{"uv":[8.5,4,9,6],"texture":"#1"},"east":{"uv":[8.5,4,9,6],"texture":"#1"}}},{"from":[9.5,10.75,7],"to":[10.75,11,7.75],"faces":{"down":{"uv":[12,8,14.5,8.5],"texture":"#1"},"up":{"uv":[12,8,14.5,8.5],"texture":"#1"},"north":{"uv":[12,8,14.5,8.5],"texture":"#1"},"south":{"uv":[12,8,14.5,8.5],"texture":"#1"}}},{"from":[9.5,16.75,7],"to":[9.75,17.75,7.75],"faces":{"up":{"uv":[5.5,13,6,15.5],"texture":"#1"},"north":{"uv":[5.5,13,6,15.5],"texture":"#1"},"south":{"uv":[5.5,13,6,15.5],"texture":"#1"},"west":{"uv":[5.5,13,6,15.5],"texture":"#1"},"east":{"uv":[5.5,13,6,15.5],"texture":"#1"}}},{"from":[11.75,14.25,7],"to":[12,15.75,7.75],"faces":{"up":{"uv":[8.5,12,9,15.5],"texture":"#1"},"north":{"uv":[8.5,12,9,15.5],"texture":"#1"},"south":{"uv":[8.5,12,9,15.5],"texture":"#1"},"west":{"uv":[8.5,12,9,15.5],"texture":"#1"},"east":{"uv":[8.5,12,9,15.5],"texture":"#1"}}},{"from":[12,11.25,7],"to":[12.25,15.25,7.75],"faces":{"down":{"uv":[6.5,10,7,16],"texture":"#1"},"up":{"uv":[6.5,10,7,16],"texture":"#1"},"north":{"uv":[6.5,10,7,16],"texture":"#1"},"south":{"uv":[6.5,10,7,16],"texture":"#1"},"west":{"uv":[6.5,10,7,16],"texture":"#1"},"east":{"uv":[6.5,10,7,16],"texture":"#1"}}},{"from":[12.25,11.75,7],"to":[12.5,14.75,7.75],"faces":{"down":{"uv":[9,11.5,9.5,16],"texture":"#1"},"up":{"uv":[9,11.5,9.5,16],"texture":"#1"},"north":{"uv":[9,11.5,9.5,16],"texture":"#1"},"south":{"uv":[9,11.5,9.5,16],"texture":"#1"},"east":{"uv":[9,11.5,9.5,16],"texture":"#1"}}},{"from":[12.75,13.75,7.25],"to":[13,15.5,7.5],"faces":{"up":{"uv":[7.5,8.5,8,6],"texture":"#1"},"north":{"uv":[7.5,8.5,8,6],"texture":"#1"},"south":{"uv":[7.5,8.5,8,6],"texture":"#1"},"west":{"uv":[7.5,8.5,8,6],"texture":"#1"},"east":{"uv":[7.5,8.5,8,6],"texture":"#1"}}},{"from":[11,15,6.75],"to":[11.25,15.25,8],"faces":{"down":{"uv":[8,2,8.5,2.5],"texture":"#0"},"up":{"uv":[8,2,8.5,2.5],"texture":"#0"},"north":{"uv":[8,2,8.5,2.5],"texture":"#0"},"south":{"uv":[8,2,8.5,2.5],"texture":"#0"},"east":{"uv":[8,2,8.5,2.5],"texture":"#0"}}},{"from":[9.5,11.25,6.75],"to":[9.75,11.75,8],"faces":{"down":{"uv":[7.5,2.5,8,5],"texture":"#0"},"up":{"uv":[7.5,2.5,8,5],"texture":"#0"},"north":{"uv":[7.5,2.5,8,3.5],"texture":"#0"},"south":{"uv":[7.5,2.5,8,3.5],"texture":"#0"},"east":{"uv":[7.5,2.5,9.5,3.5],"texture":"#0"}}},{"from":[9.25,12.5,6.75],"to":[9.5,13,8],"faces":{"down":{"uv":[2,1,2.5,3],"texture":"#0"},"up":{"uv":[2,1,2.5,3],"texture":"#0"},"north":{"uv":[2,4.5,2.5,5.5],"texture":"#0"},"south":{"uv":[2,4.5,2.5,5.5],"texture":"#0"},"west":{"uv":[2,2,4,3],"texture":"#0"},"east":{"uv":[2,2,4,3],"texture":"#0"}}},{"from":[10.25,13.5,6.75],"to":[10.75,13.75,8],"faces":{"down":{"uv":[4,1.5,5,4],"texture":"#0"},"up":{"uv":[4,1.5,5,4],"texture":"#0"},"north":{"uv":[6.5,1.5,7.5,2],"texture":"#0"},"south":{"uv":[6.5,1.5,7.5,2],"texture":"#0"},"west":{"uv":[4.5,1,6.5,1.5],"texture":"#0"},"east":{"uv":[4.5,1,6.5,1.5],"texture":"#0"}}},{"from":[10.5,10.25,6.75],"to":[11.25,10.5,8],"faces":{"down":{"uv":[6,2,7.5,4],"texture":"#0"},"north":{"uv":[6.5,1.5,8,2],"texture":"#0"},"south":{"uv":[6.5,1.5,8,2],"texture":"#0"},"west":{"uv":[6.5,1,8.5,1.5],"texture":"#0"}}},{"from":[9.25,10.5,7],"to":[9.5,11.25,7.75],"faces":{"north":{"uv":[14.5,7.5,15,9],"texture":"#1"},"south":{"uv":[14.5,7.5,15,9],"texture":"#1"},"east":{"uv":[14.5,7.5,15,9],"texture":"#1"}}},{"from":[8.75,10.75,7],"to":[9,13.25,7.75],"faces":{"north":{"uv":[15.5,4,16,8.5],"texture":"#1"},"south":{"uv":[15.5,4,16,8.5],"texture":"#1"},"west":{"uv":[15.5,4,16,8.5],"texture":"#1"},"east":{"uv":[15.5,4,16,8.5],"texture":"#1"}}},{"from":[10.75,14,7],"to":[11,14.75,7.75],"faces":{"north":{"uv":[11.5,1,12,2.5],"texture":"#1"},"south":{"uv":[11.5,1,12,2.5],"texture":"#1"},"west":{"uv":[11.5,1,12,2.5],"texture":"#1"}}},{"from":[10.75,10.75,7],"to":[11.25,11.25,7.75],"faces":{"north":{"uv":[11,7.5,12,8.5],"texture":"#1"},"south":{"uv":[11,7.5,12,8.5],"texture":"#1"},"west":{"uv":[11,7.5,12,8.5],"texture":"#1"}}},{"from":[9.5,11,7],"to":[9.75,11.25,7.75],"faces":{"north":{"uv":[14,7.5,14.5,8],"texture":"#1"},"south":{"uv":[14,7.5,14.5,8],"texture":"#1"}}},{"from":[10.75,11.25,6.75],"to":[11.25,11.75,8],"faces":{"down":{"uv":[5.5,1,6.5,3],"texture":"#0"},"up":{"uv":[5.5,1,6.5,3],"texture":"#0"},"north":{"uv":[1,3,2,4],"texture":"#0"},"south":{"uv":[1,3,2,4],"texture":"#0"},"west":{"uv":[1,3,3,4],"texture":"#0"}}},{"from":[10.25,17.25,7.25],"to":[10.75,17.75,7.5],"faces":{"down":{"uv":[5,7.5,5.5,5.5],"texture":"#1"},"up":{"uv":[5,7.5,5.5,5.5],"texture":"#1"},"north":{"uv":[5,7.5,5.5,5.5],"texture":"#1"},"south":{"uv":[5,7.5,5.5,5.5],"texture":"#1"},"east":{"uv":[5,7.5,5.5,5.5],"texture":"#1"}}},{"from":[11.25,9,7.25],"to":[11.5,9.75,7.5],"faces":{"down":{"uv":[7,5.5,7.5,8],"texture":"#1"},"north":{"uv":[7,5.5,7.5,8],"texture":"#1"},"south":{"uv":[7,5.5,7.5,8],"texture":"#1"},"east":{"uv":[7,5.5,7.5,8],"texture":"#1"}}},{"from":[9.5,10.25,6.75],"to":[10,10.75,8],"faces":{"down":{"uv":[5,2,6,3.5],"texture":"#0"},"up":{"uv":[5,2,6,3.5],"texture":"#0"},"north":{"uv":[4.5,3.5,5.5,4.5],"texture":"#0"},"south":{"uv":[4.5,3.5,5.5,4.5],"texture":"#0"},"west":{"uv":[0,0,2.5,1],"texture":"#0"},"east":{"uv":[0,0,2.5,1],"texture":"#0"}}},{"from":[11,11.75,6.75],"to":[11.25,12,8],"faces":{"up":{"uv":[4,3,4.5,5],"texture":"#0"},"north":{"uv":[7,1.5,7.5,2],"texture":"#0"},"south":{"uv":[7,1.5,7.5,2],"texture":"#0"},"west":{"uv":[7,1.5,9,2],"texture":"#0"}}},{"from":[11.25,11.75,6.75],"to":[11.5,12.25,8],"faces":{"up":{"uv":[3,0,3.5,2],"texture":"#0"},"north":{"uv":[0.5,0,1,1],"texture":"#0"},"south":{"uv":[0.5,0,1,1],"texture":"#0"},"west":{"uv":[0.5,0,2.5,1],"texture":"#0"},"east":{"uv":[0.5,0,2.5,1],"texture":"#0"}}},{"from":[10.25,11,6.75],"to":[10.75,11.25,8],"faces":{"down":{"uv":[6,1.5,7,4],"texture":"#0"},"up":{"uv":[6,1.5,7,4],"texture":"#0"},"north":{"uv":[2.5,0.5,3.5,1],"texture":"#0"},"south":{"uv":[2.5,0.5,3.5,1],"texture":"#0"},"east":{"uv":[1,0,1.5,2],"texture":"#0"}}},{"from":[10.75,10,6.75],"to":[11,10.25,8],"faces":{"down":{"uv":[5.5,0.5,6,3],"texture":"#0"},"north":{"uv":[5.5,1.5,6,2],"texture":"#0"},"south":{"uv":[5.5,1.5,6,2],"texture":"#0"},"west":{"uv":[4,1.5,6,2],"texture":"#0"}}},{"from":[12.5,12.25,7],"to":[12.75,14.25,7.75],"faces":{"down":{"uv":[9.5,12,10,15.5],"texture":"#1"},"up":{"uv":[9.5,12,10,15.5],"texture":"#1"},"north":{"uv":[9.5,12,10,15.5],"texture":"#1"},"south":{"uv":[9.5,12,10,15.5],"texture":"#1"},"east":{"uv":[9.5,12,10,15.5],"texture":"#1"}}},{"from":[11.75,13.25,6.75],"to":[12,14.25,8],"faces":{"down":{"uv":[6,0.5,6.5,3],"texture":"#0","rotation":90},"up":{"uv":[6,0.5,6.5,3],"texture":"#0","rotation":90},"north":{"uv":[3.5,0.5,4,2],"texture":"#0"},"south":{"uv":[3.5,0.5,4,2],"texture":"#0"},"east":{"uv":[1,4,3.5,5.5],"texture":"#0"}}},{"from":[11.5,10.25,7],"to":[11.75,11,7.75],"faces":{"down":{"uv":[7.5,9.5,8,11],"texture":"#1"},"north":{"uv":[7.5,9.5,8,11],"texture":"#1"},"south":{"uv":[7.5,9.5,8,11],"texture":"#1"},"east":{"uv":[7.5,9.5,8,11],"texture":"#1"}}},{"from":[9,10.25,7],"to":[9.25,11.5,7.75],"faces":{"north":{"uv":[15,7,15.5,9.5],"texture":"#1"},"south":{"uv":[15,7,15.5,9.5],"texture":"#1"},"west":{"uv":[15,7,15.5,9.5],"texture":"#1"},"east":{"uv":[15,7,15.5,9.5],"texture":"#1"}}},{"from":[9,12.75,7],"to":[9.25,13.25,7.75],"faces":{"north":{"uv":[15,4,15.5,5],"texture":"#1"},"south":{"uv":[15,4,15.5,5],"texture":"#1"},"east":{"uv":[15,4,15.5,5],"texture":"#1"}}},{"from":[9.25,13,7],"to":[9.5,13.5,7.75],"faces":{"north":{"uv":[14.5,3.5,15,4.5],"texture":"#1"},"south":{"uv":[14.5,3.5,15,4.5],"texture":"#1"},"west":{"uv":[14.5,3.5,15,4.5],"texture":"#1"},"east":{"uv":[14.5,3.5,15,4.5],"texture":"#1"}}},{"from":[9.5,13.25,7],"to":[9.75,13.75,7.75],"faces":{"north":{"uv":[14,3,14.5,4],"texture":"#1"},"south":{"uv":[14,3,14.5,4],"texture":"#1"},"west":{"uv":[14,3,14.5,4],"texture":"#1"},"east":{"uv":[14,3,14.5,4],"texture":"#1"}}},{"from":[9.25,16.25,6.75],"to":[9.5,17.25,8],"faces":{"down":{"uv":[2,3,2.5,5.5],"texture":"#0"},"up":{"uv":[2,3,2.5,5.5],"texture":"#0"},"north":{"uv":[1.5,1.5,2,3.5],"texture":"#0"},"south":{"uv":[1.5,1.5,2,3.5],"texture":"#0"},"west":{"uv":[2,3,4.5,5],"texture":"#0"},"east":{"uv":[2,3,4.5,5],"texture":"#0"}}},{"from":[10,13.5,7],"to":[10.25,14.25,7.75],"faces":{"north":{"uv":[13,2,13.5,3.5],"texture":"#1"},"south":{"uv":[13,2,13.5,3.5],"texture":"#1"},"west":{"uv":[13,2,13.5,3.5],"texture":"#1"},"east":{"uv":[13,2,13.5,3.5],"texture":"#1"}}},{"from":[10.5,13.75,7],"to":[10.75,14.5,7.75],"faces":{"north":{"uv":[12,1.5,12.5,3],"texture":"#1"},"south":{"uv":[12,1.5,12.5,3],"texture":"#1"},"west":{"uv":[12,1.5,12.5,3],"texture":"#1"},"east":{"uv":[12,1.5,12.5,3],"texture":"#1"}}},{"from":[11.5,12,6.75],"to":[11.75,14.75,8],"faces":{"up":{"uv":[7,0,7.5,2.5],"texture":"#0","rotation":270},"north":{"uv":[4,0,4.5,5.5],"texture":"#0"},"south":{"uv":[4,0,4.5,5.5],"texture":"#0"},"west":{"uv":[4,0,6,5.5],"texture":"#0"},"east":{"uv":[4,0,6,5.5],"texture":"#0"}}},{"from":[11,14,7],"to":[11.25,15,7.75],"faces":{"north":{"uv":[11,0.5,11.5,2.5],"texture":"#1"},"south":{"uv":[11,0.5,11.5,2.5],"texture":"#1"},"west":{"uv":[11,0.5,11.5,2.5],"texture":"#1"},"east":{"uv":[11,0.5,11.5,2.5],"texture":"#1"}}},{"from":[9.75,13.5,7],"to":[10,14,7.75],"faces":{"north":{"uv":[13.5,2.5,14,3.5],"texture":"#1"},"south":{"uv":[13.5,2.5,14,3.5],"texture":"#1"},"west":{"uv":[13.5,2.5,14,3.5],"texture":"#1"}}},{"from":[10.25,13.75,7],"to":[10.5,14.25,7.75],"faces":{"north":{"uv":[12.5,2,13,3],"texture":"#1"},"south":{"uv":[12.5,2,13,3],"texture":"#1"}}},{"from":[9.75,15.25,6.75],"to":[10,16.25,8],"faces":{"down":{"uv":[3,0,3.5,2.5],"texture":"#0"},"up":{"uv":[3,0,3.5,2.5],"texture":"#0"},"north":{"uv":[4.5,1.5,5,3.5],"texture":"#0"},"south":{"uv":[4.5,1.5,5,3.5],"texture":"#0"},"west":{"uv":[4.5,1.5,7,3.5],"texture":"#0"},"east":{"uv":[4.5,1.5,7,3.5],"texture":"#0"}}},{"from":[9.5,15.75,6.75],"to":[9.75,16.75,8],"faces":{"down":{"uv":[7,2.5,7.5,5],"texture":"#0"},"up":{"uv":[7,2.5,7.5,5],"texture":"#0"},"north":{"uv":[7,2.5,7.5,4.5],"texture":"#0"},"south":{"uv":[7,2.5,7.5,4.5],"texture":"#0"},"west":{"uv":[7,2.5,9.5,4.5],"texture":"#0"},"east":{"uv":[7,2.5,9.5,4.5],"texture":"#0"}}},{"from":[11.25,14.75,6.75],"to":[11.5,15,8],"faces":{"down":{"uv":[7,1.5,7.5,2],"texture":"#0"},"up":{"uv":[7,1.5,7.5,2],"texture":"#0"},"north":{"uv":[7,1.5,7.5,2],"texture":"#0"},"south":{"uv":[7,1.5,7.5,2],"texture":"#0"},"west":{"uv":[7,1.5,7.5,2],"texture":"#0"},"east":{"uv":[7,1.5,7.5,2],"texture":"#0"}}},{"from":[11.25,15,7],"to":[11.5,16.5,7.75],"faces":{"up":{"uv":[5.5,12.5,6,16],"texture":"#1"},"north":{"uv":[5.5,12.5,6,16],"texture":"#1"},"south":{"uv":[5.5,12.5,6,16],"texture":"#1"},"west":{"uv":[5.5,12.5,6,16],"texture":"#1"},"east":{"uv":[5.5,12.5,6,16],"texture":"#1"}}},{"from":[11,15.25,7],"to":[11.25,16.75,7.75],"faces":{"up":{"uv":[10,11.5,10.5,14.5],"texture":"#1"},"north":{"uv":[10,11.5,10.5,14.5],"texture":"#1"},"south":{"uv":[10,11.5,10.5,14.5],"texture":"#1"},"west":{"uv":[10,11.5,10.5,14.5],"texture":"#1"},"east":{"uv":[10,11.5,10.5,14.5],"texture":"#1"}}},{"from":[10.75,15.5,7],"to":[11,17,7.75],"faces":{"up":{"uv":[8.5,10,9,13],"texture":"#1"},"north":{"uv":[8.5,10,9,13],"texture":"#1"},"south":{"uv":[8.5,10,9,13],"texture":"#1"},"west":{"uv":[8.5,10,9,13],"texture":"#1"},"east":{"uv":[8.5,10,9,13],"texture":"#1"}}},{"from":[10.5,15.75,7],"to":[10.75,17.25,7.75],"faces":{"up":{"uv":[7,11,7.5,14.5],"texture":"#1"},"north":{"uv":[7,11,7.5,14.5],"texture":"#1"},"south":{"uv":[7,11,7.5,14.5],"texture":"#1"},"west":{"uv":[7,11,7.5,14.5],"texture":"#1"},"east":{"uv":[7,11,7.5,14.5],"texture":"#1"}}},{"from":[10,16,7],"to":[10.5,17.25,7.75],"faces":{"up":{"uv":[9,12,10,15.5],"texture":"#1"},"north":{"uv":[9,12,10,15.5],"texture":"#1"},"south":{"uv":[9,12,10,15.5],"texture":"#1"},"west":{"uv":[9,12,10,15.5],"texture":"#1"}}},{"from":[9.75,16.25,7],"to":[10,17.5,7.75],"faces":{"up":{"uv":[5.5,13,6,15.5],"texture":"#1"},"north":{"uv":[5.5,13,6,15.5],"texture":"#1"},"south":{"uv":[5.5,13,6,15.5],"texture":"#1"},"west":{"uv":[5.5,13,6,15.5],"texture":"#1"},"east":{"uv":[5.5,13,6,15.5],"texture":"#1"}}},{"from":[11,9.75,6.75],"to":[11.5,10.25,8],"faces":{"down":{"uv":[5.5,1.5,6.5,4],"texture":"#0","rotation":270},"up":{"uv":[5.5,1.5,6.5,4],"texture":"#0","rotation":270},"north":{"uv":[6,1.5,7,2.5],"texture":"#0"},"south":{"uv":[6,1.5,7,2.5],"texture":"#0"},"west":{"uv":[3.5,2,5.5,3],"texture":"#0"},"east":{"uv":[3.5,2,5.5,3],"texture":"#0"}}},{"from":[8,9,7],"to":[8.75,10.75,7.75],"faces":{"north":{"uv":[7.5,0,9,3],"texture":"#0"},"south":{"uv":[7.5,0,9,3],"texture":"#0"},"west":{"uv":[7.5,0,9,3],"texture":"#0"},"east":{"uv":[7.5,0,9,3],"texture":"#0"}}},{"from":[8.25,10.25,6.75],"to":[8.5,10.5,8],"faces":{"down":{"uv":[4,0,4.5,2.5],"texture":"#0"},"north":{"uv":[4,0,4.5,0.5],"texture":"#0"},"south":{"uv":[4,0,4.5,0.5],"texture":"#0"},"west":{"uv":[4,0,6.5,0.5],"texture":"#0"},"east":{"uv":[4,0,6.5,0.5],"texture":"#0"}}},{"from":[8,10.5,6.75],"to":[8.75,11,8],"faces":{"down":{"uv":[5,1,6.5,3.5],"texture":"#0"},"up":{"uv":[5,1,6.5,3.5],"texture":"#0"},"north":{"uv":[3,2,4.5,3],"texture":"#0"},"south":{"uv":[3,2,4.5,3],"texture":"#0"},"west":{"uv":[3,2.5,5.5,3.5],"texture":"#0"},"east":{"uv":[3,2.5,5.5,3.5],"texture":"#0"}}},{"from":[7.75,11,6.75],"to":[8,13.5,8],"faces":{"down":{"uv":[8.5,3,9,5.5],"texture":"#0"},"north":{"uv":[7,0,7.5,5],"texture":"#0"},"south":{"uv":[7,0,7.5,5],"texture":"#0"},"west":{"uv":[6.5,0,9,5],"texture":"#0"},"east":{"uv":[6.5,0,9,5],"texture":"#0"}}},{"from":[7.75,10.25,7.25],"to":[8,10.5,7.5],"faces":{"down":{"uv":[5,3.5,5.5,4],"texture":"#0"},"north":{"uv":[5,3.5,5.5,4],"texture":"#0"},"south":{"uv":[5,3.5,5.5,4],"texture":"#0"},"west":{"uv":[5,3.5,5.5,4],"texture":"#0"}}},{"from":[7.5,10.75,7.25],"to":[7.75,11,7.5],"faces":{"down":{"uv":[7.5,2.5,8,3],"texture":"#0"},"north":{"uv":[7.5,2.5,8,3],"texture":"#0"},"south":{"uv":[7.5,2.5,8,3],"texture":"#0"},"west":{"uv":[7.5,2.5,8,3],"texture":"#0"}}},{"from":[7.5,11,7],"to":[7.75,14,7.75],"faces":{"down":{"uv":[5.5,2,6,3.5],"texture":"#0"},"north":{"uv":[6.5,0,7,6],"texture":"#0"},"south":{"uv":[6.5,0,7,6],"texture":"#0"},"west":{"uv":[0,0,1.5,6],"texture":"#0"},"east":{"uv":[0,0,1.5,6],"texture":"#0"}}},{"from":[8.25,10.75,6.5],"to":[8.5,11,8.25],"faces":{"down":{"uv":[5,3,5.5,3.5],"texture":"#0"},"north":{"uv":[5,3,5.5,3.5],"texture":"#0"},"south":{"uv":[5,3,5.5,3.5],"texture":"#0"},"west":{"uv":[5,3,5.5,3.5],"texture":"#0"},"east":{"uv":[5,3,5.5,3.5],"texture":"#0"}}},{"from":[8.25,11,6.5],"to":[8.5,12.5,8.25],"faces":{"north":{"uv":[5,2.5,5.5,5.5],"texture":"#0"},"south":{"uv":[5,2.5,5.5,5.5],"texture":"#0"}}},{"from":[9.5,13,6.75],"to":[9.75,13.25,8],"faces":{"down":{"uv":[3.5,0,4,2],"texture":"#0"},"up":{"uv":[3.5,0,4,2],"texture":"#0"},"north":{"uv":[6.5,2.5,7,3],"texture":"#0"},"south":{"uv":[6.5,2.5,7,3],"texture":"#0"},"west":{"uv":[7,1.5,9,2],"texture":"#0"},"east":{"uv":[7,1.5,9,2],"texture":"#0"}}},{"from":[9.75,13.25,6.75],"to":[10.25,13.5,8],"faces":{"down":{"uv":[2,3.5,3,5.5],"texture":"#0"},"up":{"uv":[2,3.5,3,5.5],"texture":"#0"},"north":{"uv":[4.5,1,5.5,1.5],"texture":"#0"},"south":{"uv":[4.5,1,5.5,1.5],"texture":"#0"},"west":{"uv":[1,4,3,4.5],"texture":"#0"},"east":{"uv":[1,4,3,4.5],"texture":"#0"}}},{"from":[10,14.25,6.75],"to":[10.5,16,8],"faces":{"down":{"uv":[4,1,5,3],"texture":"#0"},"up":{"uv":[4,1,5,3],"texture":"#0"},"north":{"uv":[7.5,2.5,8.5,6],"texture":"#0"},"south":{"uv":[7.5,2.5,8.5,6],"texture":"#0"},"west":{"uv":[1,0,3,3.5],"texture":"#0"},"east":{"uv":[1,0,3,3.5],"texture":"#0"}}},{"from":[10.5,14.5,6.75],"to":[10.75,15.75,8],"faces":{"down":{"uv":[4,1,4.5,3],"texture":"#0"},"up":{"uv":[4,1,4.5,3],"texture":"#0"},"north":{"uv":[4,1,4.5,3],"texture":"#0"},"south":{"uv":[4,1,4.5,3],"texture":"#0"},"east":{"uv":[4,1,6,3],"texture":"#0"}}},{"from":[10.75,14.75,6.75],"to":[11,15.5,8],"faces":{"down":{"uv":[3,0,3.5,2],"texture":"#0"},"up":{"uv":[3,0,3.5,2],"texture":"#0"},"north":{"uv":[3.5,1,4,2.5],"texture":"#0"},"south":{"uv":[3.5,1,4,2.5],"texture":"#0"},"east":{"uv":[0.5,3.5,2.5,5],"texture":"#0"}}},{"from":[9.75,14,6.75],"to":[10,14.25,8],"faces":{"down":{"uv":[3,0,3.5,0.5],"texture":"#0"},"up":{"uv":[3,0,3.5,0.5],"texture":"#0"},"north":{"uv":[3,0,3.5,0.5],"texture":"#0"},"south":{"uv":[3,0,3.5,0.5],"texture":"#0"},"east":{"uv":[3,0,3.5,0.5],"texture":"#0"}}},{"from":[9.5,13.75,6.75],"to":[9.75,14,8],"faces":{"down":{"uv":[5,1.5,5.5,2],"texture":"#0"},"north":{"uv":[5,1.5,5.5,2],"texture":"#0"},"south":{"uv":[5,1.5,5.5,2],"texture":"#0"},"east":{"uv":[5,1.5,5.5,2],"texture":"#0"}}},{"from":[8,14,6.25],"to":[8.25,14.75,8.5],"faces":{"down":{"uv":[2.5,0,3,2],"texture":"#0"},"up":{"uv":[2.5,0,3,2],"texture":"#0"},"north":{"uv":[4,1.5,4.5,3.5],"texture":"#0"},"south":{"uv":[4,1.5,4.5,3.5],"texture":"#0"},"west":{"uv":[4,1.5,6.5,3.5],"texture":"#0"},"east":{"uv":[4,1.5,6.5,3.5],"texture":"#0"}}},{"from":[11.25,13.5,6.75],"to":[11.5,13.75,8],"faces":{"down":{"uv":[4.5,2.5,5,3],"texture":"#0"},"up":{"uv":[4.5,2.5,5,3],"texture":"#0"},"north":{"uv":[4.5,2.5,5,3],"texture":"#0"},"south":{"uv":[4.5,2.5,5,3],"texture":"#0"},"west":{"uv":[4.5,2.5,5,3],"texture":"#0"}}},{"from":[11.5,14.75,7],"to":[11.75,16.25,7.75],"faces":{"up":{"uv":[9,12.5,9.5,16],"texture":"#1"},"north":{"uv":[9,12.5,9.5,16],"texture":"#1"},"south":{"uv":[9,12.5,9.5,16],"texture":"#1"},"west":{"uv":[9,12.5,9.5,16],"texture":"#1"},"east":{"uv":[9,12.5,9.5,16],"texture":"#1"}}},{"from":[11.25,13.75,7],"to":[11.5,14.75,7.75],"faces":{"north":{"uv":[10.5,1,11,3],"texture":"#1"},"south":{"uv":[10.5,1,11,3],"texture":"#1"},"west":{"uv":[10.5,1,11,3],"texture":"#1"}}},{"from":[9.75,11,6.75],"to":[10.25,11.5,8],"faces":{"down":{"uv":[3,0,4,2.5],"texture":"#0"},"up":{"uv":[3,0,4,2.5],"texture":"#0"},"north":{"uv":[4.5,1.5,5.5,2.5],"texture":"#0"},"south":{"uv":[4.5,1.5,5.5,2.5],"texture":"#0"},"west":{"uv":[4.5,1.5,6.5,2.5],"texture":"#0"},"east":{"uv":[4.5,1.5,6.5,2.5],"texture":"#0"}}},{"from":[10.75,13.75,6.75],"to":[11.25,14,8],"faces":{"down":{"uv":[5,1.5,6,3.5],"texture":"#0"},"up":{"uv":[5,1.5,6,3.5],"texture":"#0"},"north":{"uv":[6.5,2.5,7.5,3],"texture":"#0"},"south":{"uv":[6.5,2.5,7.5,3],"texture":"#0"},"west":{"uv":[4.5,1.5,6.5,2],"texture":"#0"},"east":{"uv":[4.5,1.5,6.5,2],"texture":"#0"}}},{"from":[10.5,11.25,6.75],"to":[10.75,11.5,8],"faces":{"up":{"uv":[4,2.5,4.5,4.5],"texture":"#0"},"north":{"uv":[5.5,1.5,6,2],"texture":"#0"},"south":{"uv":[5.5,1.5,6,2],"texture":"#0"},"west":{"uv":[5.5,1.5,7.5,2],"texture":"#0"}}},{"from":[11.5,9.25,7.25],"to":[11.75,10.25,7.5],"faces":{"down":{"uv":[7,5.5,7.5,8],"texture":"#1"},"north":{"uv":[7,5.5,7.5,8],"texture":"#1"},"south":{"uv":[7,5.5,7.5,8],"texture":"#1"},"west":{"uv":[7,5.5,7.5,8],"texture":"#1"},"east":{"uv":[7,5.5,7.5,8],"texture":"#1"}}},{"from":[11.75,9.5,7.25],"to":[12,10.75,7.5],"faces":{"down":{"uv":[7,5.5,7.5,8],"texture":"#1"},"north":{"uv":[7,5.5,7.5,8],"texture":"#1"},"south":{"uv":[7,5.5,7.5,8],"texture":"#1"},"west":{"uv":[7,5.5,7.5,8],"texture":"#1"},"east":{"uv":[7,5.5,7.5,8],"texture":"#1"}}},{"from":[12,10,7.25],"to":[12.25,11.25,7.5],"faces":{"down":{"uv":[6.5,5.5,7,8.5],"texture":"#1"},"north":{"uv":[6.5,5.5,7,8.5],"texture":"#1"},"south":{"uv":[6.5,5.5,7,8.5],"texture":"#1"},"west":{"uv":[6.5,5.5,7,8.5],"texture":"#1"},"east":{"uv":[6.5,5.5,7,8.5],"texture":"#1"}}},{"from":[12.25,10.25,7.25],"to":[12.5,11.75,7.5],"faces":{"down":{"uv":[7,5.5,7.5,8.5],"texture":"#1"},"north":{"uv":[7,5.5,7.5,8.5],"texture":"#1"},"south":{"uv":[7,5.5,7.5,8.5],"texture":"#1"},"west":{"uv":[7,5.5,7.5,8.5],"texture":"#1"},"east":{"uv":[7,5.5,7.5,8.5],"texture":"#1"}}},{"from":[12.5,10.75,7.25],"to":[12.75,12.25,7.5],"faces":{"down":{"uv":[7,6,7.5,8],"texture":"#1"},"north":{"uv":[7,6,7.5,8],"texture":"#1"},"south":{"uv":[7,6,7.5,8],"texture":"#1"},"west":{"uv":[7,6,7.5,8],"texture":"#1"},"east":{"uv":[7,6,7.5,8],"texture":"#1"}}},{"from":[12.75,11.25,7.25],"to":[13,12.75,7.5],"faces":{"down":{"uv":[7.5,6,8,8.5],"texture":"#1"},"north":{"uv":[7.5,6,8,8.5],"texture":"#1"},"south":{"uv":[7.5,6,8,8.5],"texture":"#1"},"west":{"uv":[7.5,6,8,8.5],"texture":"#1"},"east":{"uv":[7.5,6,8,8.5],"texture":"#1"}}},{"from":[8.75,10,6.75],"to":[9.25,10.25,8],"faces":{"down":{"uv":[5,1,5.5,3.5],"texture":"#0","rotation":90},"up":{"uv":[5,1,5.5,3.5],"texture":"#0","rotation":270},"north":{"uv":[2.5,3,3.5,3.5],"texture":"#0"},"south":{"uv":[2.5,3,3.5,3.5],"texture":"#0"},"west":{"uv":[7,2.5,9.5,3.5],"texture":"#0"}}},{"from":[8.75,10.25,6.75],"to":[9,10.75,8],"faces":{"up":{"uv":[7,1,7.5,3.5],"texture":"#0","rotation":270},"north":{"uv":[8,2.5,8.5,3.5],"texture":"#0"},"south":{"uv":[8,2.5,8.5,3.5],"texture":"#0"},"west":{"uv":[6.5,2.5,9,3.5],"texture":"#0"},"east":{"uv":[6.5,2.5,9,3.5],"texture":"#0"}}},{"from":[9.25,10,6.75],"to":[9.5,10.5,8],"faces":{"down":{"uv":[7,1.5,7.5,4],"texture":"#0","rotation":90},"up":{"uv":[7,1.5,7.5,4],"texture":"#0","rotation":90},"north":{"uv":[4.5,2,5,3],"texture":"#0"},"south":{"uv":[4.5,2,5,3],"texture":"#0"},"west":{"uv":[1.5,2,4,3],"texture":"#0"},"east":{"uv":[1.5,2,4,3],"texture":"#0"}}},{"from":[9.5,9.5,7],"to":[9.75,10,7.75],"faces":{"down":{"uv":[6.5,1,7,3],"texture":"#0"},"up":{"uv":[6.5,1,7,3],"texture":"#0"},"north":{"uv":[8,2.5,8.5,3.5],"texture":"#0"},"south":{"uv":[8,2.5,8.5,3.5],"texture":"#0"},"west":{"uv":[7,2.5,9.5,3.5],"texture":"#0"},"east":{"uv":[7,2.5,9.5,3.5],"texture":"#0"}}},{"from":[11.25,10.25,6.75],"to":[11.5,11.75,8],"faces":{"north":{"uv":[7,2.5,7.5,5],"texture":"#0"},"south":{"uv":[7,2.5,7.5,5],"texture":"#0"},"west":{"uv":[2.5,0,5,2],"texture":"#0"},"east":{"uv":[2.5,0,5,2],"texture":"#0"}}},{"from":[11.5,11,6.75],"to":[11.75,12,8],"faces":{"down":{"uv":[7,1.5,7.5,4],"texture":"#0","rotation":90},"north":{"uv":[4,1.5,4.5,3],"texture":"#0"},"south":{"uv":[4,1.5,4.5,3],"texture":"#0"},"west":{"uv":[5.5,2,8,3.5],"texture":"#0"},"east":{"uv":[5.5,2,8,3.5],"texture":"#0"}}},{"from":[11.75,11.5,6.75],"to":[12,12.5,8],"faces":{"down":{"uv":[4,3,4.5,5.5],"texture":"#0","rotation":90},"up":{"uv":[7,1,7.5,3.5],"texture":"#0","rotation":270},"north":{"uv":[6,1.5,6.5,3],"texture":"#0"},"south":{"uv":[5.5,1.5,6,3],"texture":"#0"},"west":{"uv":[6,1.5,8,3],"texture":"#0"},"east":{"uv":[6,1.5,8,3],"texture":"#0"}}},{"from":[11.75,10.75,7],"to":[12,11.5,7.75],"faces":{"down":{"uv":[7,12,7.5,13.5],"texture":"#1"},"north":{"uv":[7,12,7.5,13.5],"texture":"#1"},"south":{"uv":[7,12,7.5,13.5],"texture":"#1"},"west":{"uv":[7,12,7.5,13.5],"texture":"#1"},"east":{"uv":[7,12,7.5,13.5],"texture":"#1"}}},{"from":[11.75,12.5,7],"to":[12,13.25,7.75],"faces":{"north":{"uv":[9.5,10,10,11.5],"texture":"#1"},"south":{"uv":[9.5,10,10,11.5],"texture":"#1"}}},{"from":[8.5,14,6.25],"to":[8.75,14.75,8.5],"faces":{"down":{"uv":[4,1,4.5,4],"texture":"#0"},"up":{"uv":[4,1,4.5,4],"texture":"#0"},"north":{"uv":[2,3,2.5,5],"texture":"#0"},"south":{"uv":[2,3,2.5,5],"texture":"#0"},"west":{"uv":[0.5,1,3,3],"texture":"#0"},"east":{"uv":[0.5,1,3,3],"texture":"#0"}}},{"from":[7.25,12.5,7],"to":[7.5,13.5,7.75],"faces":{"down":{"uv":[2,3,2.5,5],"texture":"#0"},"north":{"uv":[2,3,2.5,5],"texture":"#0"},"south":{"uv":[2,3,2.5,5],"texture":"#0"},"west":{"uv":[2,3,4,5],"texture":"#0"}}},{"from":[7,14,6.25],"to":[7.25,14.5,8.5],"faces":{"down":{"uv":[2,1.5,2.5,4],"texture":"#0"},"up":{"uv":[2,1.5,2.5,4],"texture":"#0"},"north":{"uv":[2,5,2.5,6],"texture":"#0"},"south":{"uv":[2,5,2.5,6],"texture":"#0"},"west":{"uv":[2,5,4.5,6],"texture":"#0"},"east":{"uv":[2,5,4.5,6],"texture":"#0"}}},{"from":[8.5,11,6.5],"to":[8.75,12.75,8.25],"faces":{"down":{"uv":[5.5,1,6,4.5],"texture":"#0"},"north":{"uv":[6.5,1,7,4.5],"texture":"#0"},"south":{"uv":[6.5,1,7,4.5],"texture":"#0"},"west":{"uv":[3.5,0.5,7,4],"texture":"#0"},"east":{"uv":[3.5,0.5,7,4],"texture":"#0"}}},{"from":[8,11,6.5],"to":[8.25,12.75,8.25],"faces":{"down":{"uv":[7,1,7.5,4.5],"texture":"#0"},"north":{"uv":[3,0,3.5,3.5],"texture":"#0"},"south":{"uv":[3,0,3.5,3.5],"texture":"#0"},"west":{"uv":[5.5,1,9,4.5],"texture":"#0"},"east":{"uv":[5.5,1,9,4.5],"texture":"#0"}}},{"from":[7.75,10.5,7],"to":[8,13.75,7.75],"faces":{"down":{"uv":[5.5,2,6,3.5],"texture":"#0"},"north":{"uv":[5.5,0,6,6],"texture":"#0"},"south":{"uv":[5.5,0,6,6],"texture":"#0"},"west":{"uv":[5,0,6.5,6],"texture":"#0"},"east":{"uv":[5,0,6.5,6],"texture":"#0"}}},{"from":[8.25,13,6.5],"to":[8.5,14.25,8.25],"faces":{"north":{"uv":[3,0,3.5,2.5],"texture":"#1"},"south":{"uv":[3,0,3.5,2.5],"texture":"#1"},"west":{"uv":[3,0,3.5,2.5],"texture":"#1"},"east":{"uv":[3,0,3.5,2.5],"texture":"#1"}}},{"from":[8.75,13.75,6.25],"to":[9,14.25,8.5],"faces":{"down":{"uv":[2,3,2.5,6],"texture":"#0"},"up":{"uv":[2,3,2.5,6],"texture":"#0"},"north":{"uv":[7,1.5,7.5,2.5],"texture":"#0"},"south":{"uv":[7,1.5,7.5,2.5],"texture":"#0"},"west":{"uv":[2.5,3,4.5,4],"texture":"#0"},"east":{"uv":[2.5,3,4.5,4],"texture":"#0"}}},{"from":[8,12.75,6.25],"to":[8.25,13.25,8.5],"faces":{"down":{"uv":[3.5,1,4,3.5],"texture":"#0"},"up":{"uv":[3.5,1,4,3.5],"texture":"#0"},"north":{"uv":[3.5,1,4,2],"texture":"#0"},"south":{"uv":[3.5,1,4,2],"texture":"#0"},"west":{"uv":[3.5,1,6,2],"texture":"#0"},"east":{"uv":[3.5,1,6,2],"texture":"#0"}}},{"from":[7.5,13.25,6.25],"to":[7.75,14,8.5],"faces":{"down":{"uv":[6,1.5,6.5,4.5],"texture":"#0"},"up":{"uv":[6,1.5,6.5,4.5],"texture":"#0"},"north":{"uv":[8.5,0,9,1.5],"texture":"#0"},"south":{"uv":[8.5,0,9,1.5],"texture":"#0"},"west":{"uv":[6,1.5,8,3],"texture":"#0"},"east":{"uv":[6,1.5,8,3],"texture":"#0"}}},{"from":[7.25,13.5,6.25],"to":[7.5,14.25,8.5],"faces":{"down":{"uv":[7,2.5,7.5,5],"texture":"#0"},"up":{"uv":[7,2.5,7.5,5],"texture":"#0"},"north":{"uv":[7,2.5,7.5,4],"texture":"#0"},"south":{"uv":[7,2.5,7.5,4],"texture":"#0"},"west":{"uv":[7,2.5,9.5,4],"texture":"#0"},"east":{"uv":[7,2.5,9.5,4],"texture":"#0"}}},{"from":[7.75,13.25,6.25],"to":[8,13.5,8.5],"faces":{"down":{"uv":[6.5,9.5,7,10],"texture":"#0"},"up":{"uv":[6.5,9.5,7,10],"texture":"#0"},"north":{"uv":[6.5,9.5,7,10],"texture":"#0"},"south":{"uv":[6.5,9.5,7,10],"texture":"#0"},"east":{"uv":[6.5,9.5,7,10],"texture":"#0"}}},{"from":[7.75,13.75,6.25],"to":[8,14.25,8.5],"faces":{"down":{"uv":[1.5,1.5,2,4],"texture":"#0"},"up":{"uv":[1.5,1.5,2,4],"texture":"#0"},"north":{"uv":[3,0,3.5,1],"texture":"#0"},"south":{"uv":[8,2,8.5,3],"texture":"#0"},"west":{"uv":[6,1,8,2],"texture":"#0"},"east":{"uv":[6,1,8,2],"texture":"#0"}}},{"from":[9,13.25,6.25],"to":[9.25,14,8.5],"faces":{"down":{"uv":[6,1,6.5,3],"texture":"#0"},"up":{"uv":[6,1,6.5,3],"texture":"#0"},"north":{"uv":[6,1,6.5,2.5],"texture":"#0"},"south":{"uv":[6,1,6.5,2.5],"texture":"#0"},"west":{"uv":[6,1,8,2.5],"texture":"#0"},"east":{"uv":[6,1,8,2.5],"texture":"#0"}}},{"from":[8.75,13.25,6.25],"to":[9,13.5,8.5],"faces":{"down":{"uv":[2,2,2.5,4],"texture":"#0"},"up":{"uv":[2,2,2.5,4],"texture":"#0"},"north":{"uv":[7,1.5,7.5,2],"texture":"#0"},"south":{"uv":[7,1.5,7.5,2],"texture":"#0"},"west":{"uv":[7,1.5,7.5,2],"texture":"#0"}}},{"from":[7.75,13.5,6.5],"to":[9,13.75,8.25],"faces":{"down":{"uv":[2,1,4.5,1.5],"texture":"#1"},"up":{"uv":[2,1,4.5,1.5],"texture":"#1"},"north":{"uv":[2,1,4.5,1.5],"texture":"#1"},"south":{"uv":[2,1,4.5,1.5],"texture":"#1"}}},{"from":[9.25,13.5,6.25],"to":[9.5,14.25,8.5],"faces":{"down":{"uv":[5.5,1.5,6,4],"texture":"#0"},"up":{"uv":[5.5,1.5,6,4],"texture":"#0"},"north":{"uv":[7,1.5,7.5,3],"texture":"#0"},"south":{"uv":[7,1.5,7.5,3],"texture":"#0"},"west":{"uv":[5.5,1.5,7.5,3],"texture":"#0"},"east":{"uv":[5.5,1.5,7.5,3],"texture":"#0"}}},{"from":[9.5,14,6.25],"to":[9.75,14.5,8.5],"faces":{"down":{"uv":[7,1,7.5,3.5],"texture":"#0"},"up":{"uv":[7,1,7.5,3.5],"texture":"#0"},"north":{"uv":[6.5,2.5,7,3.5],"texture":"#0"},"south":{"uv":[6.5,2.5,7,3.5],"texture":"#0"},"west":{"uv":[6.5,1.5,8.5,2.5],"texture":"#0"},"east":{"uv":[6.5,1.5,8.5,2.5],"texture":"#0"}}},{"from":[8.25,14.25,6.25],"to":[8.5,15,8.5],"faces":{"down":{"uv":[3.5,0,4,2.5],"texture":"#0"},"up":{"uv":[3.5,0,4,2.5],"texture":"#0"},"north":{"uv":[6,0,6.5,2.5],"texture":"#0"},"south":{"uv":[6,0,6.5,2.5],"texture":"#0"},"west":{"uv":[6,0,8.5,2.5],"texture":"#0"},"east":{"uv":[6,0,8.5,2.5],"texture":"#0"}}},{"from":[8.25,15,6.5],"to":[8.5,15.25,8.25],"faces":{"up":{"uv":[7,1.5,7.5,4],"texture":"#0"},"north":{"uv":[7,1.5,7.5,2],"texture":"#0"},"south":{"uv":[7,1.5,7.5,2],"texture":"#0"},"west":{"uv":[7,1.5,9.5,2],"texture":"#0"},"east":{"uv":[7,1.5,9.5,2],"texture":"#0"}}},{"from":[7.75,14.25,6.5],"to":[9,14.5,8.25],"faces":{"down":{"uv":[4.5,1.5,7,3.5],"texture":"#0"},"up":{"uv":[4.5,1.5,7,3.5],"texture":"#0"},"north":{"uv":[4.5,1.5,7,2],"texture":"#0"},"south":{"uv":[4.5,1.5,7,2],"texture":"#0"},"west":{"uv":[4.5,1.5,6.5,2],"texture":"#0"},"east":{"uv":[4.5,1.5,6.5,2],"texture":"#0"}}},{"from":[8.25,15.25,7],"to":[8.5,15.5,7.75],"faces":{"up":{"uv":[4.5,2.5,5,4],"texture":"#0"},"north":{"uv":[4,2.5,4.5,3],"texture":"#0"},"south":{"uv":[4,2.5,4.5,3],"texture":"#0"},"west":{"uv":[2,4.5,3.5,5],"texture":"#0"},"east":{"uv":[2,4.5,3.5,5],"texture":"#0"}}},{"from":[8,14.75,6.5],"to":[8.75,15,8.25],"faces":{"down":{"uv":[3,0.5,4.5,3.5],"texture":"#0"},"up":{"uv":[3,0.5,4.5,3.5],"texture":"#0"},"north":{"uv":[3,0.5,4.5,1],"texture":"#0"},"south":{"uv":[3,0.5,4.5,1],"texture":"#0"},"west":{"uv":[3,0.5,5.5,1],"texture":"#0"},"east":{"uv":[3,0.5,5.5,1],"texture":"#0"}}},{"from":[8,15,7],"to":[8.75,15.25,7.75],"faces":{"up":{"uv":[3.5,1.5,5,3],"texture":"#0"},"north":{"uv":[7,2.5,8.5,3],"texture":"#0"},"south":{"uv":[7,2.5,8.5,3],"texture":"#0"},"west":{"uv":[7,1.5,8.5,2],"texture":"#0"},"east":{"uv":[7,1.5,8.5,2],"texture":"#0"}}},{"from":[7.75,14.5,7],"to":[9,14.75,7.75],"faces":{"up":{"uv":[3.5,1.5,6.5,3],"texture":"#0"},"north":{"uv":[3.5,1.5,6.5,2],"texture":"#0"},"south":{"uv":[3.5,1.5,6.5,2],"texture":"#0"},"west":{"uv":[4,2,5.5,2.5],"texture":"#0"},"east":{"uv":[4,2,5.5,2.5],"texture":"#0"}}},{"from":[6.75,14,7],"to":[9.25,14.25,7.75],"faces":{"down":{"uv":[1.5,2.5,7,4.5],"texture":"#0"},"up":{"uv":[1.5,2.5,7,4.5],"texture":"#0"},"north":{"uv":[1.5,2.5,7,3],"texture":"#0"},"south":{"uv":[1.5,2.5,7,3],"texture":"#0"},"west":{"uv":[4,3.5,6,4],"texture":"#0"}}},{"from":[7,14.5,7],"to":[7.25,14.75,7.75],"faces":{"up":{"uv":[6,2,6.5,3.5],"texture":"#0"},"north":{"uv":[6.5,2,7,2.5],"texture":"#0"},"south":{"uv":[6.5,2,7,2.5],"texture":"#0"},"west":{"uv":[7,1.5,8.5,2],"texture":"#0"},"east":{"uv":[7,1.5,8.5,2],"texture":"#0"}}},{"from":[9.25,14.25,7],"to":[10,14.5,7.75],"faces":{"down":{"uv":[3.5,1.5,5,3],"texture":"#0"},"up":{"uv":[3.5,1.5,5,3],"texture":"#0"},"north":{"uv":[3.5,1.5,5,2],"texture":"#0"},"south":{"uv":[3.5,1.5,5,2],"texture":"#0"},"west":{"uv":[3.5,1.5,5,2],"texture":"#0"}}},{"from":[9.5,14.5,7],"to":[9.75,14.75,7.75],"faces":{"up":{"uv":[2,4.5,2.5,6],"texture":"#0"},"north":{"uv":[2,5,2.5,5.5],"texture":"#0"},"south":{"uv":[2,5,2.5,5.5],"texture":"#0"},"west":{"uv":[1.5,5.5,3,6],"texture":"#0"},"east":{"uv":[1.5,5.5,3,6],"texture":"#0"}}},{"from":[8.25,12.5,6.25],"to":[8.5,13,8.5],"faces":{"down":{"uv":[7,1,7.5,3.5],"texture":"#0"},"up":{"uv":[7,1,7.5,3.5],"texture":"#0"},"north":{"uv":[7,1,7.5,2],"texture":"#0"},"south":{"uv":[7,1,7.5,2],"texture":"#0"},"west":{"uv":[7,1,9.5,2],"texture":"#0"},"east":{"uv":[7,1,9.5,2],"texture":"#0"}}},{"from":[6.75,14.25,7],"to":[7.5,14.5,7.75],"faces":{"up":{"uv":[6,2,7.5,3.5],"texture":"#0"},"north":{"uv":[6.5,4.5,8,5],"texture":"#0"},"south":{"uv":[6.5,4.5,8,5],"texture":"#0"},"west":{"uv":[7,5,8.5,5.5],"texture":"#0"},"east":{"uv":[7,5,8.5,5.5],"texture":"#0"}}},{"from":[7,13.5,7],"to":[7.25,14,7.75],"faces":{"down":{"uv":[2.5,0,3,1.5],"texture":"#0"},"north":{"uv":[7,1.5,7.5,2.5],"texture":"#0"},"south":{"uv":[7,1.5,7.5,2.5],"texture":"#0"},"west":{"uv":[2,0,4,1],"texture":"#0"}}},{"from":[7.25,12.25,7.25],"to":[7.5,12.5,7.5],"faces":{"down":{"uv":[7.5,2.5,8,3],"texture":"#0","rotation":90},"north":{"uv":[7.5,2.5,8,3],"texture":"#0","rotation":90},"south":{"uv":[7.5,2.5,8,3],"texture":"#0","rotation":90},"west":{"uv":[7.5,2.5,8,3],"texture":"#0","rotation":90}}},{"from":[6.75,12.5,7],"to":[7,13,7.75],"faces":{"down":{"uv":[5,2,5.5,4],"texture":"#0"},"up":{"uv":[4.5,0.5,5,2.5],"texture":"#0"},"north":{"uv":[6.5,3.5,7,4.5],"texture":"#0"},"south":{"uv":[6.5,3.5,7,4.5],"texture":"#0"},"west":{"uv":[5,2,7,3],"texture":"#0"},"east":{"uv":[5,2,7,3],"texture":"#0"}}},{"from":[6.5,12.25,7],"to":[6.75,12.75,7.75],"faces":{"down":{"uv":[3.5,1,5.5,1.5],"texture":"#0","rotation":90},"up":{"uv":[3.5,1,5.5,1.5],"texture":"#0","rotation":90},"north":{"uv":[3.5,1,4,2],"texture":"#0"},"south":{"uv":[3.5,1,4,2],"texture":"#0"},"west":{"uv":[3.5,1,5.5,2],"texture":"#0"},"east":{"uv":[3.5,1,5.5,2],"texture":"#0"}}},{"from":[7,12.75,7],"to":[7.25,13.25,7.75],"faces":{"down":{"uv":[8,7,8.5,9.5],"texture":"#0","rotation":90},"up":{"uv":[3.5,0,4,2.5],"texture":"#0"},"north":{"uv":[2,5,2.5,6],"texture":"#0"},"south":{"uv":[2,5,2.5,6],"texture":"#0"},"west":{"uv":[7.5,0.5,9.5,1.5],"texture":"#0"}}},{"from":[6.25,12.5,7.25],"to":[7.25,12.75,7.5],"faces":{"down":{"uv":[2.5,0.5,4.5,1],"texture":"#0"},"up":{"uv":[2.5,0.5,4.5,1],"texture":"#0"},"north":{"uv":[7,2.5,9,3],"texture":"#0"},"south":{"uv":[7,2.5,9,3],"texture":"#0"},"west":{"uv":[6.5,2,7,2.5],"texture":"#0"}}},{"from":[6.25,12.25,7.25],"to":[7,12.5,7.5],"faces":{"down":{"uv":[4,0.5,5.5,1],"texture":"#0"},"north":{"uv":[3.5,1.5,5,2],"texture":"#0"},"south":{"uv":[3.5,1.5,5,2],"texture":"#0"},"west":{"uv":[3,4.5,3.5,5],"texture":"#0"},"east":{"uv":[3,4.5,3.5,5],"texture":"#0"}}},{"from":[7,13.25,7.25],"to":[7.25,13.5,7.5],"faces":{"north":{"uv":[5.5,2,6,2.5],"texture":"#0"},"south":{"uv":[5.5,2,6,2.5],"texture":"#0"},"west":{"uv":[5.5,2,6,2.5],"texture":"#0"}}},{"from":[6.5,12,7.25],"to":[6.75,12.25,7.5],"faces":{"down":{"uv":[7.5,2.5,8,3],"texture":"#0"},"north":{"uv":[7.5,2.5,8,3],"texture":"#0"},"south":{"uv":[7.5,2.5,8,3],"texture":"#0"},"west":{"uv":[7.5,2.5,8,3],"texture":"#0"},"east":{"uv":[7.5,2.5,8,3],"texture":"#0"}}},{"from":[6.5,12.75,7.25],"to":[6.75,13,7.5],"faces":{"up":{"uv":[7,4,7.5,4.5],"texture":"#0"},"north":{"uv":[7,4,7.5,4.5],"texture":"#0"},"south":{"uv":[7,4,7.5,4.5],"texture":"#0"},"west":{"uv":[7,4,7.5,4.5],"texture":"#0"}}},{"from":[6.75,13,7.25],"to":[7,13.25,7.5],"faces":{"up":{"uv":[6.5,2,7,2.5],"texture":"#0"},"north":{"uv":[6.5,2,7,2.5],"texture":"#0"},"south":{"uv":[6.5,2,7,2.5],"texture":"#0"},"west":{"uv":[6.5,2,7,2.5],"texture":"#0"}}},{"from":[9.25,17.25,7.25],"to":[9.75,18.25,7.5],"faces":{"down":{"uv":[5,7.5,5.5,5.5],"texture":"#1"},"up":{"uv":[5,7.5,5.5,5.5],"texture":"#1"},"north":{"uv":[5,7.5,5.5,5.5],"texture":"#1"},"south":{"uv":[5,7.5,5.5,5.5],"texture":"#1"},"west":{"uv":[5,7.5,5.5,5.5],"texture":"#1"},"east":{"uv":[5,7.5,5.5,5.5],"texture":"#1"}}},{"from":[9.75,-9.25,7],"to":[10,-9,7.75],"faces":{"down":{"uv":[5,2.5,5.5,3.999999],"texture":"#0"},"up":{"uv":[5,2.5,5.5,3.999999],"texture":"#0"},"north":{"uv":[4.5,3.5,5,4],"texture":"#0"},"south":{"uv":[4.5,3.5,5,4],"texture":"#0"},"east":{"uv":[4.5,3.5,5,4],"texture":"#0"}}},{"from":[9.5,-9.25,6.75],"to":[9.75,-9,8],"faces":{"down":{"uv":[1.5,3,2,4.5],"texture":"#0"},"up":{"uv":[1.5,3,2,4.5],"texture":"#0"},"north":{"uv":[1.5,4.5,2,5],"texture":"#0"},"south":{"uv":[1.5,4.5,2,5],"texture":"#0"},"west":{"uv":[1.5,4,3,4.5],"texture":"#0"},"east":{"uv":[1.5,4,3,4.5],"texture":"#0"}}},{"from":[9.5,-9,7],"to":[9.75,-8.75,7.75],"faces":{"up":{"uv":[2,4,2.5,5.5],"texture":"#0"},"north":{"uv":[2.5,2,3,2.5],"texture":"#0"},"south":{"uv":[2.5,2,3,2.5],"texture":"#0"},"east":{"uv":[2,2,3.5,2.5],"texture":"#0"}}},{"from":[9.25,-9,6.75],"to":[9.5,-8.75,8],"faces":{"down":{"uv":[2,4,2.5,5.5],"texture":"#0"},"up":{"uv":[3.5,2.5,4,4],"texture":"#0"},"north":{"uv":[6,9,6.5,9.5],"texture":"#0"},"south":{"uv":[9.5,9,10,9.5],"texture":"#0"},"east":{"uv":[2.5,1,4,1.5],"texture":"#0"}}},{"from":[9,-9,6.5],"to":[9.25,-8.75,8.25],"faces":{"down":{"uv":[2,1,2.5,3.5],"texture":"#0"},"up":{"uv":[2,1,2.5,3.5],"texture":"#0"},"north":{"uv":[1.5,2.5,2,3],"texture":"#0"},"south":{"uv":[1.5,2.5,2,3],"texture":"#0"},"west":{"uv":[1,2.5,3,3],"texture":"#0"},"east":{"uv":[1,2.5,3,3],"texture":"#0"}}},{"from":[9,-8.75,6.75],"to":[9.25,-8.25,8],"faces":{"up":{"uv":[7,9,9.5,9.5],"texture":"#0","rotation":270},"north":{"uv":[2,2,2.5,3],"texture":"#0"},"south":{"uv":[2,2,2.5,3],"texture":"#0"},"west":{"uv":[1,2,3.5,3],"texture":"#0"},"east":{"uv":[1,2,3.5,3],"texture":"#0"}}},{"from":[8.75,-8.75,6.5],"to":[9,-8.5,8.25],"faces":{"down":{"uv":[1,2,4.5,2.5],"texture":"#0","rotation":270},"up":{"uv":[1,2,4.5,2.5],"texture":"#0","rotation":270},"north":{"uv":[7.5,2.5,8,3],"texture":"#0"},"south":{"uv":[7.5,2.5,8,3],"texture":"#0"},"west":{"uv":[3,2,6.5,2.5],"texture":"#0"},"east":{"uv":[3,2,6.5,2.5],"texture":"#0"}}},{"from":[7.5,-8.25,7],"to":[9.25,-8,7.75],"faces":{"down":{"uv":[1.5,4,5,4.5],"texture":"#0"},"up":{"uv":[1.5,4,5,4.5],"texture":"#0"},"north":{"uv":[4.5,4,5,4.5],"texture":"#0"},"south":{"uv":[4.5,4,5,4.5],"texture":"#0"},"west":{"uv":[5.5,3.5,7,4],"texture":"#0"},"east":{"uv":[5.5,3.5,7,4],"texture":"#0"}}},{"from":[8.75,-8.5,6.75],"to":[9,-7.75,8],"faces":{"north":{"uv":[8,0,8.5,1.5],"texture":"#0"},"south":{"uv":[8,0,8.5,1.5],"texture":"#0"},"east":{"uv":[2.5,4,5,5.5],"texture":"#0"}}},{"from":[8.75,-7.75,6.5],"to":[9,-7.5,8.25],"faces":{"down":{"uv":[6.5,7,10,7.5],"texture":"#0","rotation":90},"up":{"uv":[6.5,8.5,10,9],"texture":"#0","rotation":270},"north":{"uv":[1.5,2,2,2.5],"texture":"#0"},"south":{"uv":[1.5,2,2,2.5],"texture":"#0"},"west":{"uv":[5.5,3.5,6,4],"texture":"#0"},"east":{"uv":[6.5,6.5,10,7],"texture":"#0"}}},{"from":[9,-8,6.75],"to":[9.25,-7.5,8],"faces":{"down":{"uv":[4,2,6.5,2.5],"texture":"#0","rotation":90},"north":{"uv":[3,5,3.5,6],"texture":"#0"},"south":{"uv":[3,5,3.5,6],"texture":"#0"},"west":{"uv":[0.5,2,3,3],"texture":"#0"},"east":{"uv":[0.5,2,3,3],"texture":"#0"}}},{"from":[8.5,-8.5,6.5],"to":[8.75,-7.75,8.25],"faces":{"down":{"uv":[3,1.5,6.5,2],"texture":"#0","rotation":90},"up":{"uv":[4,3,7.5,3.5],"texture":"#0","rotation":270},"north":{"uv":[6,3,6.5,4.5],"texture":"#0"},"south":{"uv":[6,3,6.5,4.5],"texture":"#0"},"west":{"uv":[5,1,8.5,2.5],"texture":"#0"},"east":{"uv":[5,1,8.5,2.5],"texture":"#0"}}},{"from":[9,-7.5,6.5],"to":[9.25,-7.25,8.25],"faces":{"down":{"uv":[6.5,6.5,10,7],"texture":"#0","rotation":90},"up":{"uv":[6.5,6.5,10,7],"texture":"#0","rotation":270},"north":{"uv":[5.5,3.5,6,4],"texture":"#0"},"south":{"uv":[5.5,3.5,6,4],"texture":"#0"},"west":{"uv":[1.5,4,5,4.5],"texture":"#0"},"east":{"uv":[1.5,4,5,4.5],"texture":"#0"}}},{"from":[9.25,-7.5,6.75],"to":[9.5,-7.25,8],"faces":{"down":{"uv":[4.5,4.5,7,5],"texture":"#0","rotation":90},"up":{"uv":[4.5,4.5,7,5],"texture":"#0","rotation":270},"north":{"uv":[3,5,3.5,5.5],"texture":"#0"},"south":{"uv":[3,5,3.5,5.5],"texture":"#0"},"east":{"uv":[5.5,1.5,8,2],"texture":"#0"}}},{"from":[9.5,-7.5,7],"to":[9.75,-7.25,7.75],"faces":{"down":{"uv":[4,1,5.5,1.5],"texture":"#0","rotation":90},"north":{"uv":[9,0.5,9.5,1],"texture":"#0"},"south":{"uv":[9,0.5,9.5,1],"texture":"#0"},"east":{"uv":[7.5,5,9,5.5],"texture":"#0"}}},{"from":[9.5,-7.25,6.75],"to":[9.75,-7,8],"faces":{"down":{"uv":[7,5.5,9.5,6],"texture":"#0","rotation":90},"up":{"uv":[7,5.5,9.5,6],"texture":"#0","rotation":270},"north":{"uv":[5.5,5.5,6,6],"texture":"#0"},"south":{"uv":[5.5,5.5,6,6],"texture":"#0"},"west":{"uv":[6.5,5.5,9,6],"texture":"#0"},"east":{"uv":[6.5,5.5,9,6],"texture":"#0"}}},{"from":[9.75,-7.25,7],"to":[10,-7,7.75],"faces":{"down":{"uv":[5,0,6.5,0.5],"texture":"#0","rotation":90},"up":{"uv":[5,0,6.5,0.5],"texture":"#0","rotation":270},"north":{"uv":[0,0,0.5,0.5],"texture":"#0"},"south":{"uv":[0,0,0.5,0.5],"texture":"#0"},"east":{"uv":[7.5,5.5,9,6],"texture":"#0"}}},{"from":[9.75,-7,7.25],"to":[10,-6.75,7.5],"faces":{"up":{"uv":[8,5,8.5,5.5],"texture":"#0","rotation":90},"north":{"uv":[5,5,5.5,5.5],"texture":"#0"},"south":{"uv":[5,5,5.5,5.5],"texture":"#0"},"west":{"uv":[7.5,5,8,5.5],"texture":"#0"},"east":{"uv":[8,5,8.5,5.5],"texture":"#0"}}},{"from":[8,13.25,6.5],"to":[8.75,14,8.25],"faces":{"down":{"uv":[2.5,0.5,4,2],"texture":"#1"},"up":{"uv":[2.5,0.5,4,2],"texture":"#1"},"north":{"uv":[2.5,0.5,4,2],"texture":"#1"},"south":{"uv":[2.5,0.5,4,2],"texture":"#1"},"west":{"uv":[2.5,0.5,4,2],"texture":"#1"},"east":{"uv":[2.5,0.5,4,2],"texture":"#1"}}},{"from":[8.5,12.75,6.25],"to":[8.75,13.25,8.5],"faces":{"down":{"uv":[1.5,1.5,2,4],"texture":"#0"},"up":{"uv":[1.5,1.5,2,4],"texture":"#0"},"north":{"uv":[1,4,1.5,5],"texture":"#0"},"south":{"uv":[1,4,1.5,5],"texture":"#0"},"west":{"uv":[1,4,3,5],"texture":"#0"},"east":{"uv":[1,4,3,5],"texture":"#0"}}}],"display":{"thirdperson_righthand":{"rotation":[0,90,0],"translation":[0.7,14,2],"scale":[1.4,1.4,1.4]},"thirdperson_lefthand":{"rotation":[0,-90,0],"translation":[-1,14,2],"scale":[1.4,1.4,1.4]},"firstperson_righthand":{"rotation":[-11,102,0],"translation":[0,8.3473,0]},"firstperson_lefthand":{"rotation":[-11,-90,0],"translation":[0,8.3473,0]},"gui":{"rotation":[0,0,45],"translation":[-2,1,2],"scale":[0.725,0.725,0.725]},"head":{"scale":[0.0001,0.0001,0.0001]},"ground":{"translation":[0,15.304,0]},"fixed":{"rotation":[0,0,49],"translation":[-3.478,1.3913,0],"scale":[0.8,0.8,0.8]}}}