{"textures":{"0":"octavia_sword0"},"elements":[{"from":[6.5,-4,2.5],"to":[6.75,-0.25,3.25],"faces":{"down":{"uv":[3.5,7,5,11.5],"texture":"#0"},"up":{"uv":[3.5,7,5,11.5],"texture":"#0"},"north":{"uv":[15.5,5.5,16,13],"texture":"#0"},"south":{"uv":[15.5,5.5,16,13],"texture":"#0"},"west":{"uv":[13.5,5.5,15,13],"texture":"#0"},"east":{"uv":[13.5,5.5,15,13],"texture":"#0"}}},{"from":[6.5,-5.5,2.5],"to":[7.5,-5.25,3.25],"faces":{"down":{"uv":[3.5,12.5,6,14],"texture":"#0"},"up":{"uv":[3.5,12.5,6,14],"texture":"#0"},"north":{"uv":[2.5,11.5,4.5,12],"texture":"#0"},"south":{"uv":[2.5,11.5,4.5,12],"texture":"#0"},"west":{"uv":[5,13.5,6.5,14],"texture":"#0"},"east":{"uv":[5,13.5,6.5,14],"texture":"#0"}}},{"from":[6.25,-5.25,2.5],"to":[7.25,-4.75,3.25],"faces":{"down":{"uv":[4,11.5,6.5,13.5],"texture":"#0"},"up":{"uv":[4,11.5,6.5,13.5],"texture":"#0"},"north":{"uv":[4.5,13,6.5,14.5],"texture":"#0"},"south":{"uv":[4.5,13,6.5,14.5],"texture":"#0"},"west":{"uv":[4.5,13,6.5,14.5],"texture":"#0"},"east":{"uv":[4.5,13,6.5,14.5],"texture":"#0"}}},{"from":[6.25,-4.75,2.5],"to":[7,-4,3.25],"faces":{"down":{"uv":[4,12.5,6,14],"texture":"#0"},"up":{"uv":[4,12.5,6,14],"texture":"#0"},"north":{"uv":[4,12.5,6.5,14.5],"texture":"#0"},"south":{"uv":[4,12.5,6.5,14.5],"texture":"#0"},"west":{"uv":[5,13.5,7.5,15.5],"texture":"#0"},"east":{"uv":[5,13.5,7.5,15.5],"texture":"#0"}}},{"from":[6.25,-4,2.75],"to":[7,0,3],"faces":{"down":{"uv":[0,7,1.5,11.5],"texture":"#0"},"up":{"uv":[0,7,1.5,11.5],"texture":"#0"},"north":{"uv":[12.5,5.5,14,13],"texture":"#0"},"south":{"uv":[12.5,5.5,14,13],"texture":"#0"},"west":{"uv":[13,5.5,13.5,13],"texture":"#0"},"east":{"uv":[13,5.5,13.5,13],"texture":"#0"}}},{"from":[5.75,0.75,2.75],"to":[7,1.5,3],"faces":{"down":{"uv":[1,4,4,4.5],"texture":"#0"},"up":{"uv":[1,4,4,4.5],"texture":"#0"},"north":{"uv":[1,4.5,3,6],"texture":"#0"},"south":{"uv":[1,4.5,3,6],"texture":"#0"},"west":{"uv":[1,4.5,1.5,7],"texture":"#0"},"east":{"uv":[1,4.5,1.5,7],"texture":"#0"}}},{"from":[5.75,0,2.5],"to":[7,0.25,3.25],"faces":{"down":{"uv":[13.5,7.5,16,9],"texture":"#0"},"up":{"uv":[13.5,7.5,16,9],"texture":"#0"},"north":{"uv":[13.5,9,16,9.5],"texture":"#0"},"south":{"uv":[13.5,9,16,9.5],"texture":"#0"},"west":{"uv":[13,10,14.5,10.5],"texture":"#0"},"east":{"uv":[13,10,14.5,10.5],"texture":"#0"}}},{"from":[6,-0.25,2.5],"to":[7,0,3.25],"faces":{"down":{"uv":[12.5,5.5,14.5,7],"texture":"#0"},"up":{"uv":[12.5,5.5,14.5,7],"texture":"#0"},"north":{"uv":[14,6,16,6.5],"texture":"#0"},"south":{"uv":[14,6,16,6.5],"texture":"#0"},"west":{"uv":[12.5,5.5,14,6],"texture":"#0"},"east":{"uv":[14,7,15.5,7.5],"texture":"#0"}}},{"from":[5.75,0.25,2.75],"to":[7,0.75,3],"faces":{"down":{"uv":[1,4.5,4,5],"texture":"#0"},"up":{"uv":[1,4.5,4,5],"texture":"#0"},"north":{"uv":[1,4.5,3,5.5],"texture":"#0"},"south":{"uv":[1,4.5,3,5.5],"texture":"#0"},"west":{"uv":[1,4.5,1.5,5.5],"texture":"#0"},"east":{"uv":[1,4.5,1.5,5.5],"texture":"#0"}}},{"from":[5.75,2.25,2.75],"to":[7,2.75,3],"faces":{"down":{"uv":[1,4,3.5,4.5],"texture":"#0"},"up":{"uv":[1,4,3.5,4.5],"texture":"#0"},"north":{"uv":[1,4.5,3,5.5],"texture":"#0"},"south":{"uv":[1,4.5,3,5.5],"texture":"#0"},"west":{"uv":[1,4.5,1.5,5.5],"texture":"#0"},"east":{"uv":[1,4.5,1.5,5.5],"texture":"#0"}}},{"from":[6,2.75,2.75],"to":[6.25,4.75,3],"faces":{"down":{"uv":[3,5.5,3.5,6],"texture":"#0"},"up":{"uv":[3,5.5,3.5,6],"texture":"#0"},"north":{"uv":[3.5,4,4,7],"texture":"#0"},"south":{"uv":[3.5,4,4,7],"texture":"#0"},"west":{"uv":[3,4,3.5,7],"texture":"#0"},"east":{"uv":[3,4,3.5,7],"texture":"#0"}}},{"from":[6,4.75,2.75],"to":[6.5,7,3],"faces":{"down":{"uv":[1.5,5.5,2.5,6],"texture":"#0"},"up":{"uv":[1.5,5.5,2.5,6],"texture":"#0"},"north":{"uv":[5,4,6,8.5],"texture":"#0"},"south":{"uv":[5,4,6,8.5],"texture":"#0"},"west":{"uv":[4,4,4.5,7],"texture":"#0"},"east":{"uv":[4,4,4.5,7],"texture":"#0"}}},{"from":[6,7,2.75],"to":[6.25,8.25,3],"faces":{"down":{"uv":[0.5,4.5,1,5],"texture":"#0"},"up":{"uv":[0.5,4.5,1,5],"texture":"#0"},"north":{"uv":[2,4,2.5,6],"texture":"#0"},"south":{"uv":[2,4,2.5,6],"texture":"#0"},"west":{"uv":[1,4,1.5,7],"texture":"#0"},"east":{"uv":[1,4,1.5,7],"texture":"#0"}}},{"from":[6,8.25,2.75],"to":[6.25,8.5,3],"faces":{"down":{"uv":[1,6.5,1.5,7],"texture":"#0"},"up":{"uv":[1,6.5,1.5,7],"texture":"#0"},"north":{"uv":[1,6,1.5,6.5],"texture":"#0"},"south":{"uv":[1,6,1.5,6.5],"texture":"#0"},"west":{"uv":[1,6.5,1.5,7],"texture":"#0"},"east":{"uv":[1,6.5,1.5,7],"texture":"#0"}}},{"from":[5.75,9.75,2.75],"to":[6.75,10.75,3],"faces":{"down":{"uv":[5,5.5,7,6],"texture":"#0"},"up":{"uv":[5.5,6,7.5,6.5],"texture":"#0"},"north":{"uv":[7.5,4,5.5,6],"texture":"#0"},"south":{"uv":[5.5,4,7.5,6],"texture":"#0"},"west":{"uv":[5.5,4,6,7],"texture":"#0"},"east":{"uv":[7.5,4,8,7],"texture":"#0"}}},{"from":[5.75,10.75,2.75],"to":[6.5,11.25,3],"faces":{"down":{"uv":[5.5,6,7,6.5],"texture":"#0"},"up":{"uv":[6,5.5,7.5,6],"texture":"#0"},"north":{"uv":[7.5,6,5.5,7.5],"texture":"#0"},"south":{"uv":[5.5,6,7.5,7.5],"texture":"#0"},"west":{"uv":[2.5,4.5,3,6],"texture":"#0"},"east":{"uv":[9.5,5,10,6.5],"texture":"#0"}}},{"from":[6,2.25,2.5],"to":[6.75,2.5,3.25],"faces":{"down":{"uv":[0,12,1.5,14],"texture":"#0"},"up":{"uv":[0,12,1.5,14],"texture":"#0"},"north":{"uv":[1,13,2.5,13.5],"texture":"#0"},"south":{"uv":[1,13,2.5,13.5],"texture":"#0"},"west":{"uv":[0,12,2,12.5],"texture":"#0"},"east":{"uv":[0,12,2,12.5],"texture":"#0"}}},{"from":[6.75,7,2.75],"to":[7.25,8.25,3],"faces":{"down":{"uv":[1,6.5,2,7],"texture":"#0"},"up":{"uv":[4,4.5,5,5],"texture":"#0"},"north":{"uv":[2,4,3,6],"texture":"#0"},"south":{"uv":[2,4,3,6],"texture":"#0"},"west":{"uv":[1,4,1.5,7],"texture":"#0"},"east":{"uv":[1,4,1.5,7],"texture":"#0"}}},{"from":[6.75,4.75,2.75],"to":[7.25,7,3],"faces":{"down":{"uv":[2,5,3,5.5],"texture":"#0"},"up":{"uv":[2,5,3,5.5],"texture":"#0"},"north":{"uv":[6,2,5,6],"texture":"#0"},"south":{"uv":[6,2,5,6],"texture":"#0"},"west":{"uv":[2,4,2.5,7],"texture":"#0"},"east":{"uv":[2,4,2.5,7],"texture":"#0"}}},{"from":[6.75,2.75,2.75],"to":[7.25,4.75,3],"faces":{"down":{"uv":[0.5,4,1.5,4.5],"texture":"#0"},"up":{"uv":[0.5,4,1.5,4.5],"texture":"#0"},"north":{"uv":[2,4,3,7],"texture":"#0"},"south":{"uv":[2,4,3,7],"texture":"#0"},"west":{"uv":[1,4,1.5,7],"texture":"#0"},"east":{"uv":[1,4,1.5,7],"texture":"#0"}}},{"from":[6.25,2.75,2.75],"to":[6.5,3.5,3],"faces":{"down":{"uv":[1.5,5.5,2,6],"texture":"#0"},"up":{"uv":[1.5,5.5,2,6],"texture":"#0"},"north":{"uv":[2,4.5,2.5,5.5],"texture":"#0"},"south":{"uv":[2,4.5,2.5,5.5],"texture":"#0"},"west":{"uv":[2,4.5,2.5,5.5],"texture":"#0"},"east":{"uv":[2,4.5,2.5,5.5],"texture":"#0"}}},{"from":[5.75,2.75,2.75],"to":[6,4.5,3],"faces":{"down":{"uv":[0.5,5,1,5.5],"texture":"#0"},"up":{"uv":[0.5,5,1,5.5],"texture":"#0"},"north":{"uv":[4,3,4.5,6],"texture":"#0"},"south":{"uv":[4,3,4.5,6],"texture":"#0"},"west":{"uv":[1,4,1.5,7],"texture":"#0"},"east":{"uv":[1,4,1.5,7],"texture":"#0"}}},{"from":[6.25,4.25,2.75],"to":[6.5,4.75,3],"faces":{"down":{"uv":[1.5,5.5,2,6],"texture":"#0"},"up":{"uv":[1.5,5.5,2,6],"texture":"#0"},"north":{"uv":[3.5,5,4,6],"texture":"#0"},"south":{"uv":[3.5,5,4,6],"texture":"#0"},"west":{"uv":[3.5,5,4,6],"texture":"#0"},"east":{"uv":[3.5,5,4,6],"texture":"#0"}}},{"from":[6.25,7,2.75],"to":[6.5,8,3],"faces":{"down":{"uv":[2.5,4.5,3,5],"texture":"#0"},"up":{"uv":[2.5,4.5,3,5],"texture":"#0"},"north":{"uv":[3.5,4,4,6],"texture":"#0"},"south":{"uv":[3.5,4,4,6],"texture":"#0"},"west":{"uv":[2.5,4.5,3,7],"texture":"#0"},"east":{"uv":[2.5,4.5,3,7],"texture":"#0"}}},{"from":[6.5,8.25,2.75],"to":[7,9.75,3],"faces":{"down":{"uv":[2,4.5,3,5],"texture":"#0"},"up":{"uv":[6.5,4.5,7.5,5],"texture":"#0"},"north":{"uv":[7.5,4,6.5,6.5],"texture":"#0"},"south":{"uv":[6.5,4,7.5,6.5],"texture":"#0"},"west":{"uv":[5.5,4,6,7],"texture":"#0"},"east":{"uv":[11,4,11.5,7.5],"texture":"#0"}}},{"from":[6.25,8.75,2.75],"to":[6.5,9.75,3],"faces":{"down":{"uv":[2,4,2.5,4.5],"texture":"#0"},"up":{"uv":[2,4,2.5,4.5],"texture":"#0"},"north":{"uv":[3,4,3.5,7],"texture":"#0"},"south":{"uv":[3,4,3.5,7],"texture":"#0"},"west":{"uv":[3,4,3.5,4.5],"texture":"#0"},"east":{"uv":[3,4,3.5,4.5],"texture":"#0"}}},{"from":[5.75,8.5,2.75],"to":[6.25,9.75,3],"faces":{"down":{"uv":[4,4,5,4.5],"texture":"#0"},"up":{"uv":[4,4,5,4.5],"texture":"#0"},"north":{"uv":[2.5,4,3.5,7],"texture":"#0"},"south":{"uv":[2.5,4,3.5,7],"texture":"#0"},"west":{"uv":[4,4,4.5,7],"texture":"#0"},"east":{"uv":[4,4,4.5,7],"texture":"#0"}}},{"from":[6.5,2.75,2.75],"to":[6.75,4,3],"faces":{"down":{"uv":[4,4,5,4.5],"texture":"#0"},"up":{"uv":[4,4,5,4.5],"texture":"#0"},"north":{"uv":[4,4,4.5,6],"texture":"#0"},"south":{"uv":[4,4,4.5,6],"texture":"#0"},"west":{"uv":[4,4,4.5,6],"texture":"#0"},"east":{"uv":[4,4,4.5,6],"texture":"#0"}}},{"from":[6.25,1.75,2.5],"to":[6.5,2,3.25],"faces":{"down":{"uv":[1,11.5,1.5,14.5],"texture":"#0"},"up":{"uv":[1,11.5,1.5,14.5],"texture":"#0"},"north":{"uv":[0.5,13,1.5,14],"texture":"#0"},"south":{"uv":[0.5,13,1.5,14],"texture":"#0"},"west":{"uv":[0,13.5,2.5,14],"texture":"#0"},"east":{"uv":[0,13.5,2.5,14],"texture":"#0"}}},{"from":[6,1.25,2.5],"to":[6.75,1.5,3.25],"faces":{"down":{"uv":[0,12.5,2,14.5],"texture":"#0"},"up":{"uv":[0,12.5,2,14.5],"texture":"#0"},"north":{"uv":[0,12.5,2,13],"texture":"#0"},"south":{"uv":[0,12.5,2,13],"texture":"#0"},"west":{"uv":[0,12.5,1.5,13],"texture":"#0"},"east":{"uv":[0,12.5,1.5,13],"texture":"#0"}}},{"from":[6.75,1.5,2.5],"to":[7,2.25,3.25],"faces":{"down":{"uv":[1,12,2,14],"texture":"#0"},"up":{"uv":[1,12,2,14],"texture":"#0"},"north":{"uv":[1,13.5,1.5,15],"texture":"#0"},"south":{"uv":[1,13.5,1.5,15],"texture":"#0"},"west":{"uv":[0.5,14,2.5,16],"texture":"#0"},"east":{"uv":[0.5,14,2.5,16],"texture":"#0"}}},{"from":[5.75,1.5,2.5],"to":[6,2.25,3.25],"faces":{"down":{"uv":[1.5,12.5,2.5,14.5],"texture":"#0"},"up":{"uv":[1.5,12.5,2.5,14.5],"texture":"#0"},"north":{"uv":[1.5,13,2,14.5],"texture":"#0"},"south":{"uv":[1.5,13,2,14.5],"texture":"#0"},"west":{"uv":[0,12.5,2,14],"texture":"#0"},"east":{"uv":[0,12.5,2,14],"texture":"#0"}}},{"from":[6,1.5,2.75],"to":[6.75,2.25,3],"faces":{"down":{"uv":[1,4,3.5,6],"texture":"#0"},"up":{"uv":[1,4,2.5,5.5],"texture":"#0"},"north":{"uv":[4,4.5,5.5,6],"texture":"#0"},"south":{"uv":[4,4.5,5.5,6],"texture":"#0"},"west":{"uv":[1,4,3.5,6],"texture":"#0"},"east":{"uv":[1,4,3.5,6],"texture":"#0"}}},{"from":[5.75,12.125,2.75],"to":[5.875,12.25,3],"faces":{"down":{"uv":[7,2.5,7.5,3],"texture":"#0"},"up":{"uv":[7,2.5,7.5,3],"texture":"#0"},"north":{"uv":[7,2.5,7.5,3],"texture":"#0"},"south":{"uv":[7,2.5,7.5,3],"texture":"#0"},"west":{"uv":[7,2.5,7.5,3],"texture":"#0"},"east":{"uv":[7,2.5,7.5,3],"texture":"#0"}}},{"from":[5.75,11.25,2.75],"to":[6.25,11.75,3],"faces":{"down":{"uv":[6,5.5,7,6],"texture":"#0"},"up":{"uv":[5.5,5.5,8,6],"texture":"#0"},"north":{"uv":[7.5,1.5,6,2.5],"texture":"#0"},"south":{"uv":[6,1.5,7.5,2.5],"texture":"#0"},"west":{"uv":[3,5.5,3.5,7],"texture":"#0"},"east":{"uv":[7.5,4.5,8,6],"texture":"#0"}}},{"from":[5.75,11.75,2.75],"to":[6.1,12,3],"faces":{"down":{"uv":[5,5.5,7,6],"texture":"#0"},"up":{"uv":[6,7.5,7.5,8],"texture":"#0"},"north":{"uv":[7.5,7.5,6,8.5],"texture":"#0"},"south":{"uv":[6,7.5,7.5,8.5],"texture":"#0"},"west":{"uv":[6,6,6.5,7],"texture":"#0"},"east":{"uv":[7,7.5,7.5,8.5],"texture":"#0"}}},{"from":[5.75,12,2.75],"to":[6,12.125,3],"faces":{"down":{"uv":[6,5,7,5.5],"texture":"#0"},"up":{"uv":[6.5,2.5,7.5,3],"texture":"#0"},"north":{"uv":[7.5,2.5,6.5,3],"texture":"#0"},"south":{"uv":[6.5,2.5,7.5,3],"texture":"#0"},"west":{"uv":[6,3,7,3.5],"texture":"#0"},"east":{"uv":[7,2.5,7.5,3],"texture":"#0"}}}],"display":{"thirdperson_righthand":{"rotation":[0,90,0],"translation":[7.8,13.5,-1],"scale":[1.5,1.5,1.5]},"thirdperson_lefthand":{"rotation":[0,-90,0],"translation":[-7.8,13.5,-1],"scale":[1.5,1.5,1.5]},"firstperson_righthand":{"rotation":[0,106,0],"translation":[5,10,-5]},"firstperson_lefthand":{"rotation":[0,-86,0],"translation":[-5,10,-5]},"gui":{"rotation":[-180,-180,-135],"translation":[-2.5,4.8368,0],"scale":[1.1,1.1,1.1]}}}