{
	"credit": "Made with Blockbench",
	"textures": {
		"0": "Desktop/amarillo",
		"1": "Desktop/E5109",
		"particle": "Desktop/amarillo"
	},
	"elements": [
		{
			"from": [11.08, 0, 7.88],
			"to": [12.08, 3, 8.88],
			"rotation": {"angle": 0, "axis": "y", "origin": [8.04, 3.6, 7.94]},
			"faces": {
				"north": {"uv": [0, 0, 1, 3], "texture": "#0"},
				"east": {"uv": [0, 0, 1, 3], "texture": "#0"},
				"south": {"uv": [0, 0, 16, 16], "texture": "#0"},
				"west": {"uv": [0, 0, 1, 3], "texture": "#0"},
				"up": {"uv": [0, 0, 1, 1], "rotation": 180, "texture": "#0"},
				"down": {"uv": [0, 0, 1, 1], "rotation": 180, "texture": "#0"}
			}
		},
		{
			"from": [4.08, 5, 6.88],
			"to": [12.08, 9, 7.88],
			"rotation": {"angle": 0, "axis": "y", "origin": [8.04, 3.6, 7.94]},
			"faces": {
				"north": {"uv": [0, 0, 8, 4], "texture": "#0"},
				"east": {"uv": [0, 0, 1, 4], "texture": "#0"},
				"south": {"uv": [0, 2.25, 16, 13.5], "texture": "#1"},
				"west": {"uv": [0, 0, 1, 4], "texture": "#0"},
				"up": {"uv": [0, 0, 8, 1], "rotation": 180, "texture": "#0"},
				"down": {"uv": [0, 0, 8, 1], "rotation": 180, "texture": "#0"}
			}
		},
		{
			"from": [11.08, 3, 7.28],
			"to": [12.08, 5, 8.28],
			"rotation": {"angle": 0, "axis": "y", "origin": [8.04, 3.6, 7.94]},
			"faces": {
				"north": {"uv": [0, 0, 1, 3], "texture": "#0"},
				"east": {"uv": [0, 0, 1, 3], "texture": "#0"},
				"south": {"uv": [0, 0, 16, 16], "texture": "#0"},
				"west": {"uv": [0, 0, 1, 3], "texture": "#0"},
				"up": {"uv": [0, 0, 1, 1], "rotation": 180, "texture": "#0"},
				"down": {"uv": [0, 0, 1, 1], "rotation": 180, "texture": "#0"}
			}
		},
		{
			"from": [3.98, 0, 7.88],
			"to": [4.98, 3, 8.88],
			"rotation": {"angle": 0, "axis": "y", "origin": [8.04, 3.6, 7.94]},
			"faces": {
				"north": {"uv": [0, 0, 1, 3], "texture": "#0"},
				"east": {"uv": [0, 0, 1, 3], "texture": "#0"},
				"south": {"uv": [0, 0, 16, 16], "texture": "#0"},
				"west": {"uv": [0, 0, 1, 3], "texture": "#0"},
				"up": {"uv": [0, 0, 1, 1], "rotation": 180, "texture": "#0"},
				"down": {"uv": [0, 0, 1, 1], "rotation": 180, "texture": "#0"}
			}
		},
		{
			"from": [3.98, 3, 7.28],
			"to": [4.98, 5, 8.28],
			"rotation": {"angle": 0, "axis": "y", "origin": [8.04, 3.6, 7.94]},
			"faces": {
				"north": {"uv": [0, 0, 1, 3], "texture": "#0"},
				"east": {"uv": [0, 0, 1, 3], "texture": "#0"},
				"south": {"uv": [0, 0, 16, 16], "texture": "#0"},
				"west": {"uv": [0, 0, 1, 3], "texture": "#0"},
				"up": {"uv": [0, 0, 1, 1], "rotation": 180, "texture": "#0"},
				"down": {"uv": [0, 0, 1, 1], "rotation": 180, "texture": "#0"}
			}
		},
		{
			"from": [4, 9, 6.3],
			"to": [5, 10, 7.3],
			"rotation": {"angle": 0, "axis": "y", "origin": [12, 17, 14.3]},
			"faces": {
				"north": {"uv": [0, 0, 1, 1], "texture": "#0"},
				"east": {"uv": [0, 0, 1, 1], "texture": "#0"},
				"south": {"uv": [0, 0, 1, 1], "texture": "#0"},
				"west": {"uv": [0, 0, 1, 1], "texture": "#0"},
				"up": {"uv": [0, 0, 1, 1], "texture": "#0"},
				"down": {"uv": [0, 0, 1, 1], "texture": "#0"}
			}
		},
		{
			"from": [4, 9, 4.6],
			"to": [5, 10, 5.6],
			"rotation": {"angle": 0, "axis": "y", "origin": [12, 17, 12.6]},
			"faces": {
				"north": {"uv": [0, 0, 1, 1], "texture": "#0"},
				"east": {"uv": [0, 0, 1, 1], "texture": "#0"},
				"south": {"uv": [0, 0, 1, 1], "texture": "#0"},
				"west": {"uv": [0, 0, 1, 1], "texture": "#0"},
				"up": {"uv": [0, 0, 1, 1], "texture": "#0"},
				"down": {"uv": [0, 0, 1, 1], "texture": "#0"}
			}
		},
		{
			"from": [11, 9, 4.6],
			"to": [12, 10, 5.6],
			"rotation": {"angle": 0, "axis": "y", "origin": [19, 17, 12.6]},
			"faces": {
				"north": {"uv": [0, 0, 1, 1], "texture": "#0"},
				"east": {"uv": [0, 0, 1, 1], "texture": "#0"},
				"south": {"uv": [0, 0, 1, 1], "texture": "#0"},
				"west": {"uv": [0, 0, 1, 1], "texture": "#0"},
				"up": {"uv": [0, 0, 1, 1], "texture": "#0"},
				"down": {"uv": [0, 0, 1, 1], "texture": "#0"}
			}
		},
		{
			"from": [11, 9, 6.6],
			"to": [12, 10, 7.6],
			"rotation": {"angle": 0, "axis": "y", "origin": [19, 17, 14.6]},
			"faces": {
				"north": {"uv": [0, 0, 1, 1], "texture": "#0"},
				"east": {"uv": [0, 0, 1, 1], "texture": "#0"},
				"south": {"uv": [0, 0, 1, 1], "texture": "#0"},
				"west": {"uv": [0, 0, 1, 1], "texture": "#0"},
				"up": {"uv": [0, 0, 1, 1], "texture": "#0"},
				"down": {"uv": [0, 0, 1, 1], "texture": "#0"}
			}
		},
		{
			"from": [4.1, 9.8, 5],
			"to": [12, 10.9, 6.8],
			"rotation": {"angle": 0, "axis": "y", "origin": [19, 17, 13.8]},
			"faces": {
				"north": {"uv": [0, 0, 7.9, 1.1], "texture": "#0"},
				"east": {"uv": [0, 0, 1.8, 1.1], "texture": "#0"},
				"south": {"uv": [0, 0, 7.9, 1.1], "texture": "#0"},
				"west": {"uv": [0, 0, 1.8, 1.1], "texture": "#0"},
				"up": {"uv": [0, 0, 7.9, 1.8], "texture": "#0"},
				"down": {"uv": [0, 0, 7.9, 1.8], "texture": "#0"}
			}
		},
		{
			"from": [4, 5, 5],
			"to": [5, 6, 7],
			"rotation": {"angle": 0, "axis": "y", "origin": [12, 13, 14]},
			"faces": {
				"north": {"uv": [0, 0, 1, 1], "texture": "#0"},
				"east": {"uv": [0, 0, 2, 1], "texture": "#0"},
				"south": {"uv": [0, 0, 1, 1], "texture": "#0"},
				"west": {"uv": [0, 0, 2, 1], "texture": "#0"},
				"up": {"uv": [0, 0, 1, 2], "texture": "#0"},
				"down": {"uv": [0, 0, 1, 2], "texture": "#0"}
			}
		},
		{
			"from": [11, 5, 5],
			"to": [12, 6, 7],
			"rotation": {"angle": 0, "axis": "y", "origin": [19, 13, 14]},
			"faces": {
				"north": {"uv": [0, 0, 1, 1], "texture": "#0"},
				"east": {"uv": [0, 0, 2, 1], "texture": "#0"},
				"south": {"uv": [0, 0, 1, 1], "texture": "#0"},
				"west": {"uv": [0, 0, 2, 1], "texture": "#0"},
				"up": {"uv": [0, 0, 1, 2], "texture": "#0"},
				"down": {"uv": [0, 0, 1, 2], "texture": "#0"}
			}
		},
		{
			"from": [4, 0, 3],
			"to": [5, 3, 4],
			"rotation": {"angle": 0, "axis": "y", "origin": [12, 8, 11]},
			"faces": {
				"north": {"uv": [0, 0, 16, 16], "texture": "#0"},
				"east": {"uv": [0, 0, 1, 3], "texture": "#0"},
				"south": {"uv": [0, 0, 1, 3], "texture": "#0"},
				"west": {"uv": [0, 0, 1, 3], "texture": "#0"},
				"up": {"uv": [0, 0, 1, 1], "texture": "#0"},
				"down": {"uv": [0, 0, 1, 1], "texture": "#0"}
			}
		},
		{
			"from": [4, 5, 4],
			"to": [12, 9, 5],
			"rotation": {"angle": 0, "axis": "y", "origin": [16, 13, 12]},
			"faces": {
				"north": {"uv": [0, 2.25, 16, 13.5], "texture": "#1"},
				"east": {"uv": [0, 0, 1, 4], "texture": "#0"},
				"south": {"uv": [0, 0, 8, 4], "texture": "#0"},
				"west": {"uv": [0, 0, 1, 4], "texture": "#0"},
				"up": {"uv": [0, 0, 8, 1], "texture": "#0"},
				"down": {"uv": [0, 0, 8, 1], "texture": "#0"}
			}
		},
		{
			"from": [4, 3, 3.6],
			"to": [5, 5, 4.6],
			"rotation": {"angle": 0, "axis": "y", "origin": [12, 11, 11.6]},
			"faces": {
				"north": {"uv": [0, 0, 16, 16], "texture": "#0"},
				"east": {"uv": [0, 0, 1, 3], "texture": "#0"},
				"south": {"uv": [0, 0, 1, 3], "texture": "#0"},
				"west": {"uv": [0, 0, 1, 3], "texture": "#0"},
				"up": {"uv": [0, 0, 1, 1], "texture": "#0"},
				"down": {"uv": [0, 0, 1, 1], "texture": "#0"}
			}
		},
		{
			"from": [11.1, 0, 3],
			"to": [12.1, 3, 4],
			"rotation": {"angle": 0, "axis": "y", "origin": [19.1, 8, 11]},
			"faces": {
				"north": {"uv": [0, 0, 16, 16], "texture": "#0"},
				"east": {"uv": [0, 0, 1, 3], "texture": "#0"},
				"south": {"uv": [0, 0, 1, 3], "texture": "#0"},
				"west": {"uv": [0, 0, 1, 3], "texture": "#0"},
				"up": {"uv": [0, 0, 1, 1], "texture": "#0"},
				"down": {"uv": [0, 0, 1, 1], "texture": "#0"}
			}
		},
		{
			"from": [11.1, 3, 3.6],
			"to": [12.1, 5, 4.6],
			"rotation": {"angle": 0, "axis": "y", "origin": [19.1, 11, 11.6]},
			"faces": {
				"north": {"uv": [0, 0, 16, 16], "texture": "#0"},
				"east": {"uv": [0, 0, 1, 3], "texture": "#0"},
				"south": {"uv": [0, 0, 1, 3], "texture": "#0"},
				"west": {"uv": [0, 0, 1, 3], "texture": "#0"},
				"up": {"uv": [0, 0, 1, 1], "texture": "#0"},
				"down": {"uv": [0, 0, 1, 1], "texture": "#0"}
			}
		}
	],
	"display": {
		"thirdperson_righthand": {
			"rotation": [90.75, 0, 0],
			"translation": [-0.25, -3, -1.75]
		},
		"thirdperson_lefthand": {
			"rotation": [100.75, 0, 0],
			"translation": [0, -3, -2]
		},
		"gui": {
			"translation": [0, 4, 0],
			"scale": [1.5, 1.5, 1.5]
		},
		"head": {
			"translation": [-0.5, 14.25, 1.75]
		},
		"fixed": {
			"translation": [1.25, 3.25, -0.5]
		}
	},
	"groups": [
		{
			"name": "group",
			"origin": [19.1, 11, 11.6],
			"children": [0, 1, 2, 3, 4]
		},
		{
			"name": "group",
			"origin": [12, 17, 14.3],
			"children": [5, 6, 7, 8, 9, 10, 11]
		},
		{
			"name": "group",
			"origin": [19.1, 11, 11.6],
			"children": [12, 13, 14, 15, 16]
		}
	]
}