{"textures":{"0":"pharaoh_head0"},"elements":[{"from":[3,15,3],"to":[5,16,13],"faces":{"down":{"uv":[3.75,0,4.25,2.5],"texture":"#0"},"up":{"uv":[3.75,0,4.25,2.5],"texture":"#0"},"north":{"uv":[4.25,0,3.75,0.25],"texture":"#0"},"south":{"uv":[3.75,2.25,4.25,2.5],"texture":"#0"},"west":{"uv":[3.75,0,4,2.5],"texture":"#0","rotation":90},"east":{"uv":[4,0,4.25,2.5],"texture":"#0","rotation":90}}},{"from":[3,16,7],"to":[4,18,9],"faces":{"up":{"uv":[6.25,3,6.75,3.25],"texture":"#0","rotation":90},"north":{"uv":[6.25,3,6.5,3.5],"texture":"#0"},"south":{"uv":[6.5,3,6.75,3.5],"texture":"#0"},"west":{"uv":[6.25,3,6.75,3.5],"texture":"#0"}}},{"from":[2,19,7],"to":[3,20,9],"faces":{"down":{"uv":[6.75,2.5,6.25,2.75],"texture":"#0","rotation":90},"up":{"uv":[6.25,2.5,6.75,2.75],"texture":"#0","rotation":90},"north":{"uv":[6.25,2.5,6.5,2.75],"texture":"#0"},"south":{"uv":[6.5,2.5,6.75,2.75],"texture":"#0"},"west":{"uv":[6.25,2.5,6.75,2.75],"texture":"#0"},"east":{"uv":[6.75,2.5,6.25,2.75],"texture":"#0"}}},{"from":[4,15,4],"to":[12,19,12],"faces":{"down":{"uv":[6,0.25,8,2.25],"texture":"#0"},"up":{"uv":[4,0.25,6,2.25],"texture":"#0"},"north":{"uv":[2.25,2.5,4.25,3.5],"texture":"#0"},"south":{"uv":[2.25,2.5,4.25,3.5],"texture":"#0"},"west":{"uv":[2.25,2.5,4.25,3.5],"texture":"#0"},"east":{"uv":[2.25,2.5,4.25,3.5],"texture":"#0"}}},{"from":[12,8,4],"to":[13,15,12],"faces":{"down":{"uv":[2.25,6.25,4.25,6.5],"texture":"#0","rotation":90},"west":{"uv":[2.25,4.75,4.25,6.5],"texture":"#0"},"east":{"uv":[2.25,4.75,4.25,6.5],"texture":"#0"}}},{"from":[12,5,5],"to":[13,8,11],"faces":{"down":{"uv":[2.5,7,4,7.25],"texture":"#0","rotation":90},"north":{"uv":[2.5,6.5,2.75,7.25],"texture":"#0"},"south":{"uv":[3.75,6.5,4,7.25],"texture":"#0"},"west":{"uv":[2.5,6.5,4,7.25],"texture":"#0"},"east":{"uv":[2.5,6.5,4,7.25],"texture":"#0"}}},{"from":[12,0,7],"to":[13,5,9],"faces":{"down":{"uv":[3,8.25,3.5,8.5],"texture":"#0"},"north":{"uv":[3,7.25,3.5,8.5],"texture":"#0"},"south":{"uv":[3,7.25,3.5,8.5],"texture":"#0"},"west":{"uv":[3,7.25,3.5,8.5],"texture":"#0"},"east":{"uv":[3,7.25,3.5,8.5],"texture":"#0"}}},{"from":[4,2,2],"to":[5,9,4],"faces":{"down":{"uv":[0.5,1.5,0,1.75],"texture":"#0","rotation":270},"north":{"uv":[0.25,0,0.5,1.75],"texture":"#0"},"south":{"uv":[0,0,0.25,1.75],"texture":"#0"},"west":{"uv":[0.5,0,0,1.75],"texture":"#0"},"east":{"uv":[0,0,0.5,1.75],"texture":"#0"}}},{"from":[4,9,1],"to":[10,13,4],"faces":{"down":{"uv":[1.5,2.75,0,3.5],"texture":"#0"},"up":{"uv":[0.75,0,2.25,0.75],"texture":"#0"},"north":{"uv":[0.75,1.75,2.25,2.75],"texture":"#0"},"south":{"uv":[2.25,0.75,0.75,1.75],"texture":"#0"},"west":{"uv":[0,1.75,0.75,2.75],"texture":"#0"},"east":{"uv":[0.75,1.75,1,2.75],"texture":"#0"}}},{"from":[5,13,2],"to":[11,17,4],"faces":{"down":{"uv":[2.25,0.25,2.5,0.5],"texture":"#0"},"up":{"uv":[1.5,4,0,3.5],"texture":"#0"},"north":{"uv":[2.25,1,3.75,2],"texture":"#0"},"south":{"uv":[4.5,2.5,6,3.5],"texture":"#0"},"west":{"uv":[2.25,0,2.75,1],"texture":"#0"},"east":{"uv":[2.25,1,2.5,2],"texture":"#0"}}},{"from":[13,5,7],"to":[14,17,9],"faces":{"down":{"uv":[0,7,0.5,7.25],"texture":"#0","rotation":90},"up":{"uv":[0.5,4.25,0,4.5],"texture":"#0","rotation":90},"north":{"uv":[0.25,4.25,0.5,7.25],"texture":"#0"},"south":{"uv":[0,4.25,0.25,7.25],"texture":"#0"},"west":{"uv":[0.5,4.25,0,7.25],"texture":"#0"},"east":{"uv":[0,4.25,0.5,7.25],"texture":"#0"}}},{"from":[2,18,6],"to":[3,19,7],"faces":{"down":{"uv":[6,2.75,6.25,3],"texture":"#0"},"up":{"uv":[6,2.75,6.25,3],"texture":"#0"},"north":{"uv":[6,2.75,6.25,3],"texture":"#0"},"south":{"uv":[6,2.75,6.25,3],"texture":"#0"},"west":{"uv":[6,2.75,6.25,3],"texture":"#0"},"east":{"uv":[6,2.75,6.25,3],"texture":"#0"}}},{"from":[2,18,9],"to":[3,19,10],"faces":{"down":{"uv":[6.75,2.75,7,3],"texture":"#0"},"up":{"uv":[6.75,2.75,7,3],"texture":"#0"},"north":{"uv":[6.75,2.75,7,3],"texture":"#0"},"south":{"uv":[6.75,2.75,7,3],"texture":"#0"},"west":{"uv":[6.75,2.75,7,3],"texture":"#0"},"east":{"uv":[6.75,2.75,7,3],"texture":"#0"}}},{"from":[4,2,12],"to":[5,9,14],"faces":{"down":{"uv":[0,1.5,0.5,1.75],"texture":"#0","rotation":270},"north":{"uv":[0,0,0.25,1.75],"texture":"#0"},"south":{"uv":[0.25,0,0.5,1.75],"texture":"#0"},"west":{"uv":[0,0,0.5,1.75],"texture":"#0"},"east":{"uv":[0.5,0,0,1.75],"texture":"#0"}}},{"from":[4,9,12],"to":[10,13,15],"faces":{"down":{"uv":[1.5,2.75,0,3.5],"texture":"#0"},"up":{"uv":[0.75,0.75,2.25,0],"texture":"#0"},"north":{"uv":[0.75,0.75,2.25,1.75],"texture":"#0"},"south":{"uv":[2.25,1.75,0.75,2.75],"texture":"#0"},"west":{"uv":[0.75,1.75,0,2.75],"texture":"#0"},"east":{"uv":[0.75,1.75,1,2.75],"texture":"#0"}}},{"from":[5,13,12],"to":[11,17,14],"faces":{"down":{"uv":[2.25,0.25,2.5,0.5],"texture":"#0"},"up":{"uv":[1.5,3.5,0,4],"texture":"#0"},"north":{"uv":[6,2.5,4.5,3.5],"texture":"#0"},"south":{"uv":[3.75,1,2.25,2],"texture":"#0"},"west":{"uv":[2.75,0,2.25,1],"texture":"#0"},"east":{"uv":[2.25,1,2.5,2],"texture":"#0"}}},{"from":[11,8,3],"to":[13,17,4],"faces":{"down":{"uv":[0.75,6.25,1.25,6.5],"texture":"#0","rotation":90},"up":{"uv":[0.75,4.25,1.25,4.5],"texture":"#0","rotation":180},"north":{"uv":[0.75,4.25,1.25,6.5],"texture":"#0"},"south":{"uv":[1,4.5,1.25,4.75],"texture":"#0"},"west":{"uv":[1,4.25,1.25,6.5],"texture":"#0"},"east":{"uv":[0.75,4.25,1,6.5],"texture":"#0"}}},{"from":[6,17,3],"to":[11,18,4],"faces":{"up":{"uv":[5.5,0.5,4.25,0.75],"texture":"#0"},"north":{"uv":[4.25,0.5,5.5,0.75],"texture":"#0"},"west":{"uv":[5.25,0.5,5.5,0.75],"texture":"#0"},"east":{"uv":[4.25,0.5,4.5,0.75],"texture":"#0"}}},{"from":[11,8,12],"to":[13,17,13],"faces":{"down":{"uv":[0.75,6.25,1.25,6.5],"texture":"#0","rotation":90},"up":{"uv":[0.75,4.25,1.25,4.5],"texture":"#0","rotation":180},"north":{"uv":[1,4.5,1.25,4.75],"texture":"#0"},"south":{"uv":[1.25,4.25,0.75,6.5],"texture":"#0"},"west":{"uv":[1,4.25,1.25,6.5],"texture":"#0"},"east":{"uv":[0.75,4.25,1,6.5],"texture":"#0"}}},{"from":[6,17,12],"to":[11,18,13],"faces":{"up":{"uv":[5.5,0.5,4.25,0.75],"texture":"#0"},"south":{"uv":[5.5,0.5,4.25,0.75],"texture":"#0"},"west":{"uv":[5.25,0.5,5.5,0.75],"texture":"#0"},"east":{"uv":[4.25,0.5,4.5,0.75],"texture":"#0"}}},{"from":[3,14,6],"to":[4,15,10],"faces":{"down":{"uv":[3.75,0.5,4,0.75],"texture":"#0"},"north":{"uv":[3.75,0.25,4,0.5],"texture":"#0"},"south":{"uv":[3.75,0.25,4,0.5],"texture":"#0"},"west":{"uv":[3.75,0.25,4,0.5],"texture":"#0"},"east":{"uv":[3.75,0.25,4,0.5],"texture":"#0"}}},{"from":[12,15,4],"to":[13,18,12],"faces":{"up":{"uv":[2.25,3.75,4.25,4],"texture":"#0","rotation":90},"north":{"uv":[2.25,3.75,2.5,4.5],"texture":"#0"},"south":{"uv":[4,3.75,4.25,4.5],"texture":"#0"},"east":{"uv":[2.25,3.75,4.25,4.5],"texture":"#0"}}},{"from":[10,9,2],"to":[11,13,4],"faces":{"down":{"uv":[2.25,1.75,2.5,2],"texture":"#0"},"north":{"uv":[2.25,1,2.5,2],"texture":"#0"},"south":{"uv":[2.25,1.25,2.5,1.5],"texture":"#0"},"east":{"uv":[2.25,1,2.5,2],"texture":"#0"}}},{"from":[10,9,12],"to":[11,13,14],"faces":{"down":{"uv":[2.25,1.75,2.5,2],"texture":"#0"},"north":{"uv":[2.25,1.25,2.5,1.5],"texture":"#0"},"south":{"uv":[2.25,1,2.5,2],"texture":"#0"},"east":{"uv":[2.25,1,2.5,2],"texture":"#0"}}},{"from":[5,19,5],"to":[11,20,11],"faces":{"up":{"uv":[4.25,0.5,5.75,2],"texture":"#0"},"north":{"uv":[4.25,0.5,5.75,0.75],"texture":"#0"},"south":{"uv":[4.25,1.75,5.75,2],"texture":"#0"},"west":{"uv":[4.25,0.5,5.75,0.75],"texture":"#0"},"east":{"uv":[4.25,1.75,5.75,2],"texture":"#0"}}},{"from":[2.5,18,7],"to":[3,19,9],"faces":{"down":{"uv":[0.5,7.5,0,7.75],"texture":"#0","rotation":90},"west":{"uv":[0,7.5,0.5,7.75],"texture":"#0"},"east":{"uv":[0.5,7.5,0,7.75],"texture":"#0"}}}],"display":{"thirdperson_righthand":{"rotation":[-52,0,0],"translation":[0,-4.54,0.56],"scale":[0.75,0.75,0.75]},"thirdperson_lefthand":{"rotation":[-52,-180,0],"translation":[0,-4.54,0.56],"scale":[0.75,0.75,0.75]},"firstperson_righthand":{"rotation":[0,16,0],"translation":[4.54,-3.59,-7.37]},"firstperson_lefthand":{"rotation":[0,-176,0],"translation":[4.54,-3.59,-7.37]},"gui":{"rotation":[-16,67,30],"translation":[0.38,-1.51,0],"scale":[0.65,0.65,0.65]},"head":{"rotation":[0,-90,0],"translation":[0,-6.24,0],"scale":[1.6,1.6,1.6]},"ground":{"translation":[0,3.21,0],"scale":[0.5,0.5,0.5]},"fixed":{"rotation":[0,-90,0],"translation":[0,-2.27,0],"scale":[0.75,0.75,0.75]}}}