{"__comment":"DesignedbyHighBridRedForOraxen","textures":{"0":"space_helmet"},"elements":[{"from":[4.5,11.5,9.5],"to":[11.5,12.5,10.5],"faces":{"down":{"uv":[4.96,4.96,7.04,7.04],"texture":"#0"},"up":{"uv":[4.96,4.96,7.04,7.04],"texture":"#0"},"north":{"uv":[4.96,4.96,7.04,7.04],"texture":"#0"},"south":{"uv":[4.96,4.96,7.04,7.04],"texture":"#0"},"west":{"uv":[4.96,4.96,7.04,7.04],"texture":"#0"},"east":{"uv":[4.96,4.96,7.04,7.04],"texture":"#0"}}},{"from":[4.5,12,9],"to":[5,12.5,9.5],"faces":{"down":{"uv":[4.96,4.96,7.04,7.04],"texture":"#0"},"north":{"uv":[4.96,4.96,7.04,7.04],"texture":"#0"},"west":{"uv":[4.96,4.96,7.04,7.04],"texture":"#0"}}},{"from":[4.5,12,10.5],"to":[5,14,11],"faces":{"down":{"uv":[4.96,4.96,7.04,7.04],"texture":"#0"},"up":{"uv":[4.96,4.96,7.04,7.04],"texture":"#0"},"north":{"uv":[4.96,4.96,7.04,7.04],"texture":"#0"},"south":{"uv":[4.96,4.96,7.04,7.04],"texture":"#0"},"west":{"uv":[4.96,4.96,7.04,7.04],"texture":"#0"}}},{"from":[4.5,12.5,9],"to":[11.5,13,9.5],"faces":{"down":{"uv":[8.96,4.96,11.04,7.04],"texture":"#0"},"up":{"uv":[8.96,4.96,11.04,7.04],"texture":"#0"},"north":{"uv":[8.96,4.96,11.04,7.04],"texture":"#0"},"south":{"uv":[8.96,4.96,11.04,7.04],"texture":"#0"},"west":{"uv":[8.96,4.96,11.04,7.04],"texture":"#0"},"east":{"uv":[8.96,4.96,11.04,7.04],"texture":"#0"}}},{"from":[4.5,12.5,9.5],"to":[5,13.5,10.5],"faces":{"up":{"uv":[8.96,4.96,11.04,7.04],"texture":"#0"},"north":{"uv":[8.96,4.96,11.04,7.04],"texture":"#0"},"west":{"uv":[8.96,4.96,11.04,7.04],"texture":"#0"}}},{"from":[4.5,13,9],"to":[5,14,9.5],"faces":{"up":{"uv":[12.96,4.96,15.04,7.04],"texture":"#0"},"north":{"uv":[12.96,4.96,15.04,7.04],"texture":"#0"},"south":{"uv":[12.96,4.96,15.04,7.04],"texture":"#0"},"west":{"uv":[12.96,4.96,15.04,7.04],"texture":"#0"},"east":{"uv":[12.96,4.96,15.04,7.04],"texture":"#0"}}},{"from":[4.5,13.5,9.5],"to":[11.5,14.5,10],"faces":{"down":{"uv":[12.96,4.96,15.04,7.04],"texture":"#0"},"up":{"uv":[12.96,4.96,15.04,7.04],"texture":"#0"},"north":{"uv":[12.96,4.96,15.04,7.04],"texture":"#0"},"south":{"uv":[12.96,4.96,15.04,7.04],"texture":"#0"},"west":{"uv":[12.96,4.96,15.04,7.04],"texture":"#0"},"east":{"uv":[12.96,4.96,15.04,7.04],"texture":"#0"}}},{"from":[4.5,13.5,10],"to":[5,14.5,10.5],"faces":{"up":{"uv":[8.96,4.96,11.04,7.04],"texture":"#0"},"south":{"uv":[8.96,4.96,11.04,7.04],"texture":"#0"},"west":{"uv":[8.96,4.96,11.04,7.04],"texture":"#0"}}},{"from":[5,9,5.5],"to":[11,10,9.5],"faces":{"down":{"uv":[4.96,0.96,7.04,3.04],"texture":"#0"},"up":{"uv":[4.96,0.96,7.04,3.04],"texture":"#0"},"north":{"uv":[4.96,0.96,7.04,3.04],"texture":"#0"},"south":{"uv":[4.96,0.96,7.04,3.04],"texture":"#0"},"west":{"uv":[4.96,0.96,7.04,3.04],"texture":"#0"},"east":{"uv":[4.96,0.96,7.04,3.04],"texture":"#0"}}},{"from":[5,9.5,5],"to":[5.5,11,5.5],"faces":{"down":{"uv":[8.96,0.96,11.04,3.04],"texture":"#0"},"up":{"uv":[8.96,0.96,11.04,3.04],"texture":"#0"},"north":{"uv":[8.96,0.96,11.04,3.04],"texture":"#0"},"south":{"uv":[8.96,0.96,11.04,3.04],"texture":"#0"},"west":{"uv":[8.96,0.96,11.04,3.04],"texture":"#0"},"east":{"uv":[8.96,0.96,11.04,3.04],"texture":"#0"}}},{"from":[5,9.5,9.5],"to":[11,11,11],"faces":{"down":{"uv":[4.96,0.96,7.04,3.04],"texture":"#0"},"up":{"uv":[4.96,0.96,7.04,3.04],"texture":"#0"},"north":{"uv":[4.96,0.96,7.04,3.04],"texture":"#0"},"south":{"uv":[4.96,0.96,7.04,3.04],"texture":"#0"},"west":{"uv":[4.96,0.96,7.04,3.04],"texture":"#0"},"east":{"uv":[4.96,0.96,7.04,3.04],"texture":"#0"}}},{"from":[5,10,5.5],"to":[5.5,11,7.5],"faces":{"up":{"uv":[8.96,0.96,11.04,3.04],"texture":"#0"},"south":{"uv":[8.96,0.96,11.04,3.04],"texture":"#0"},"west":{"uv":[8.96,0.96,11.04,3.04],"texture":"#0"},"east":{"uv":[8.96,0.96,11.04,3.04],"texture":"#0"}}},{"from":[5,10,7.5],"to":[8,10.5,9.5],"faces":{"up":{"uv":[4.96,0.96,7.04,3.04],"texture":"#0"},"north":{"uv":[4.96,0.96,7.04,3.04],"texture":"#0"},"west":{"uv":[4.96,0.96,7.04,3.04],"texture":"#0"},"east":{"uv":[4.96,0.96,7.04,3.04],"texture":"#0"}}},{"from":[5,10,11],"to":[11,11.5,11.5],"faces":{"down":{"uv":[4.96,0.96,7.04,3.04],"texture":"#0"},"up":{"uv":[4.96,0.96,7.04,3.04],"texture":"#0"},"north":{"uv":[4.96,0.96,7.04,3.04],"texture":"#0"},"south":{"uv":[4.96,0.96,7.04,3.04],"texture":"#0"},"west":{"uv":[4.96,0.96,7.04,3.04],"texture":"#0"},"east":{"uv":[4.96,0.96,7.04,3.04],"texture":"#0"}}},{"from":[5,10.5,7.5],"to":[11,12.5,8],"faces":{"down":{"uv":[8.96,0.96,11.04,3.04],"texture":"#0"},"up":{"uv":[8.96,0.96,11.04,3.04],"texture":"#0"},"north":{"uv":[8.96,0.96,11.04,3.04],"texture":"#0"},"south":{"uv":[8.96,0.96,11.04,3.04],"texture":"#0"},"west":{"uv":[8.96,0.96,11.04,3.04],"texture":"#0"},"east":{"uv":[8.96,0.96,11.04,3.04],"texture":"#0"}}},{"from":[5,10.5,8],"to":[10,13,9],"faces":{"down":{"uv":[8.96,0.96,11.04,3.04],"texture":"#0"},"up":{"uv":[8.96,0.96,11.04,3.04],"texture":"#0"},"north":{"uv":[8.96,0.96,11.04,3.04],"texture":"#0"},"south":{"uv":[8.96,0.96,11.04,3.04],"texture":"#0"},"west":{"uv":[8.96,0.96,11.04,3.04],"texture":"#0"},"east":{"uv":[8.96,0.96,11.04,3.04],"texture":"#0"}}},{"from":[5,10.5,9],"to":[10,11,9.5],"faces":{"down":{"uv":[8.96,0.96,11.04,3.04],"texture":"#0"},"up":{"uv":[8.96,0.96,11.04,3.04],"texture":"#0"},"west":{"uv":[8.96,0.96,11.04,3.04],"texture":"#0"}}},{"from":[5,10.5,11.5],"to":[11,11.5,12],"faces":{"down":{"uv":[4.96,0.96,7.04,3.04],"texture":"#0"},"up":{"uv":[4.96,0.96,7.04,3.04],"texture":"#0"},"south":{"uv":[4.96,0.96,7.04,3.04],"texture":"#0"},"west":{"uv":[4.96,0.96,7.04,3.04],"texture":"#0"},"east":{"uv":[4.96,0.96,7.04,3.04],"texture":"#0"}}},{"from":[5,11,6.5],"to":[11,11.5,7.5],"faces":{"down":{"uv":[8.96,0.96,11.04,3.04],"texture":"#0"},"up":{"uv":[8.96,0.96,11.04,3.04],"texture":"#0"},"north":{"uv":[8.96,0.96,11.04,3.04],"texture":"#0"},"west":{"uv":[8.96,0.96,11.04,3.04],"texture":"#0"},"east":{"uv":[8.96,0.96,11.04,3.04],"texture":"#0"}}},{"from":[5,11,9],"to":[5.5,12,9.5],"faces":{"south":{"uv":[4.96,0.96,7.04,3.04],"texture":"#0"},"west":{"uv":[4.96,0.96,7.04,3.04],"texture":"#0"}}},{"from":[5,11,9.5],"to":[5.5,11.5,11],"faces":{"up":{"uv":[4.96,0.96,7.04,3.04],"texture":"#0"},"west":{"uv":[4.96,0.96,7.04,3.04],"texture":"#0"},"east":{"uv":[4.96,0.96,7.04,3.04],"texture":"#0"}}},{"from":[5,11.5,7],"to":[11,12,7.5],"faces":{"up":{"uv":[8.96,0.96,11.04,3.04],"texture":"#0"},"north":{"uv":[8.96,0.96,11.04,3.04],"texture":"#0"},"west":{"uv":[8.96,0.96,11.04,3.04],"texture":"#0"},"east":{"uv":[8.96,0.96,11.04,3.04],"texture":"#0"}}},{"from":[5,11.5,10.5],"to":[5.5,12,11],"faces":{"west":{"uv":[4.96,0.96,7.04,3.04],"texture":"#0"}}},{"from":[5,11.5,11],"to":[9.5,14.5,11.5],"faces":{"up":{"uv":[8.96,0.96,11.04,3.04],"texture":"#0"},"north":{"uv":[8.96,0.96,11.04,3.04],"texture":"#0"},"south":{"uv":[8.96,0.96,11.04,3.04],"texture":"#0"},"west":{"uv":[8.96,0.96,11.04,3.04],"texture":"#0"},"east":{"uv":[8.96,0.96,11.04,3.04],"texture":"#0"}}},{"from":[5,11.5,11.5],"to":[8,14.5,12],"faces":{"up":{"uv":[8.96,0.96,11.04,3.04],"texture":"#0"},"south":{"uv":[8.96,0.96,11.04,3.04],"texture":"#0"},"west":{"uv":[8.96,0.96,11.04,3.04],"texture":"#0"},"east":{"uv":[8.96,0.96,11.04,3.04],"texture":"#0"}}},{"from":[5,12,9],"to":[11,12.5,9.5],"faces":{"down":{"uv":[8.96,0.96,11.04,3.04],"texture":"#0"},"north":{"uv":[8.96,0.96,11.04,3.04],"texture":"#0"}}},{"from":[5,12,10.5],"to":[11,14.5,11],"faces":{"down":{"uv":[8.96,0.96,11.04,3.04],"texture":"#0"},"up":{"uv":[8.96,0.96,11.04,3.04],"texture":"#0"},"north":{"uv":[8.96,0.96,11.04,3.04],"texture":"#0"},"south":{"uv":[8.96,0.96,11.04,3.04],"texture":"#0"},"west":{"uv":[8.96,0.96,11.04,3.04],"texture":"#0"},"east":{"uv":[8.96,0.96,11.04,3.04],"texture":"#0"}}},{"from":[5,12,12],"to":[11,13,12.5],"faces":{"down":{"uv":[8.96,0.96,11.04,3.04],"texture":"#0"},"up":{"uv":[8.96,0.96,11.04,3.04],"texture":"#0"},"north":{"uv":[8.96,0.96,11.04,3.04],"texture":"#0"},"south":{"uv":[8.96,0.96,11.04,3.04],"texture":"#0"},"west":{"uv":[8.96,0.96,11.04,3.04],"texture":"#0"},"east":{"uv":[8.96,0.96,11.04,3.04],"texture":"#0"}}},{"from":[5,12.5,9.5],"to":[11,13.5,10.5],"faces":{"up":{"uv":[8.96,0.96,11.04,3.04],"texture":"#0"},"north":{"uv":[8.96,0.96,11.04,3.04],"texture":"#0"},"east":{"uv":[8.96,0.96,11.04,3.04],"texture":"#0"}}},{"from":[5,13,8],"to":[5.5,14.5,8.5],"faces":{"north":{"uv":[0.96,8.96,3.04,11.04],"texture":"#0"},"south":{"uv":[0.96,8.96,3.04,11.04],"texture":"#0"},"west":{"uv":[0.96,8.96,3.04,11.04],"texture":"#0"}}},{"from":[5,13,8.5],"to":[11,13.5,9.5],"faces":{"down":{"uv":[8.96,0.96,11.04,3.04],"texture":"#0"},"up":{"uv":[8.96,0.96,11.04,3.04],"texture":"#0"},"north":{"uv":[8.96,0.96,11.04,3.04],"texture":"#0"},"west":{"uv":[8.96,0.96,11.04,3.04],"texture":"#0"},"east":{"uv":[8.96,0.96,11.04,3.04],"texture":"#0"}}},{"from":[5,13.5,8.5],"to":[5.5,14.5,9],"faces":{"south":{"uv":[0.96,8.96,3.04,11.04],"texture":"#0"},"west":{"uv":[0.96,8.96,3.04,11.04],"texture":"#0"}}},{"from":[5,13.5,9],"to":[11,14,9.5],"faces":{"up":{"uv":[8.96,0.96,11.04,3.04],"texture":"#0"},"north":{"uv":[8.96,0.96,11.04,3.04],"texture":"#0"}}},{"from":[5,13.5,10],"to":[11,14.5,10.5],"faces":{"up":{"uv":[8.96,0.96,11.04,3.04],"texture":"#0"},"east":{"uv":[8.96,0.96,11.04,3.04],"texture":"#0"}}},{"from":[5,14,9],"to":[5.5,15,9.5],"faces":{"north":{"uv":[0.96,8.96,3.04,11.04],"texture":"#0"},"south":{"uv":[0.96,8.96,3.04,11.04],"texture":"#0"},"west":{"uv":[0.96,8.96,3.04,11.04],"texture":"#0"}}},{"from":[5,14.5,8],"to":[5.5,15,8.5],"faces":{"up":{"uv":[4.96,4.96,7.04,7.04],"texture":"#0"},"north":{"uv":[4.96,4.96,7.04,7.04],"texture":"#0"},"west":{"uv":[4.96,4.96,7.04,7.04],"texture":"#0"}}},{"from":[5,14.5,8.5],"to":[10.5,15,9],"faces":{"down":{"uv":[4.96,8.96,7.04,11.04],"texture":"#0"},"up":{"uv":[4.96,8.96,7.04,11.04],"texture":"#0"},"north":{"uv":[4.96,8.96,7.04,11.04],"texture":"#0"},"south":{"uv":[4.96,8.96,7.04,11.04],"texture":"#0"},"west":{"uv":[4.96,8.96,7.04,11.04],"texture":"#0"}}},{"from":[5,14.5,9.5],"to":[5.5,15,11.5],"faces":{"down":{"uv":[0.96,8.96,3.04,11.04],"texture":"#0"},"up":{"uv":[0.96,8.96,3.04,11.04],"texture":"#0"},"south":{"uv":[0.96,8.96,3.04,11.04],"texture":"#0"},"west":{"uv":[0.96,8.96,3.04,11.04],"texture":"#0"},"east":{"uv":[0.96,8.96,3.04,11.04],"texture":"#0"}}},{"from":[5,15,9],"to":[5.5,15.5,10],"faces":{"down":{"uv":[4.96,8.96,7.04,11.04],"texture":"#0"},"up":{"uv":[4.96,8.96,7.04,11.04],"texture":"#0"},"north":{"uv":[4.96,8.96,7.04,11.04],"texture":"#0"},"west":{"uv":[4.96,8.96,7.04,11.04],"texture":"#0"}}},{"from":[5,15,10],"to":[10,15.5,10.5],"faces":{"down":{"uv":[0.96,8.96,3.04,11.04],"texture":"#0"},"up":{"uv":[0.96,8.96,3.04,11.04],"texture":"#0"},"north":{"uv":[0.96,8.96,3.04,11.04],"texture":"#0"},"south":{"uv":[0.96,8.96,3.04,11.04],"texture":"#0"},"west":{"uv":[0.96,8.96,3.04,11.04],"texture":"#0"}}},{"from":[5.5,9,9.5],"to":[10.5,9.5,10],"faces":{"down":{"uv":[4.96,0.96,7.04,3.04],"texture":"#0"},"south":{"uv":[4.96,0.96,7.04,3.04],"texture":"#0"},"west":{"uv":[4.96,0.96,7.04,3.04],"texture":"#0"},"east":{"uv":[4.96,0.96,7.04,3.04],"texture":"#0"}}},{"from":[5.5,9.5,5],"to":[11,10,5.5],"faces":{"down":{"uv":[4.96,0.96,7.04,3.04],"texture":"#0"},"up":{"uv":[4.96,0.96,7.04,3.04],"texture":"#0"},"north":{"uv":[4.96,0.96,7.04,3.04],"texture":"#0"},"east":{"uv":[4.96,0.96,7.04,3.04],"texture":"#0"}}},{"from":[5.5,10,4.5],"to":[10.5,10.5,5],"faces":{"down":{"uv":[8.96,0.96,11.04,3.04],"texture":"#0"},"up":{"uv":[8.96,0.96,11.04,3.04],"texture":"#0"},"north":{"uv":[8.96,0.96,11.04,3.04],"texture":"#0"},"south":{"uv":[8.96,0.96,11.04,3.04],"texture":"#0"},"west":{"uv":[8.96,0.96,11.04,3.04],"texture":"#0"},"east":{"uv":[8.96,0.96,11.04,3.04],"texture":"#0"}}},{"from":[5.5,10,5],"to":[6.5,11,5.5],"faces":{"up":{"uv":[8.96,0.96,11.04,3.04],"texture":"#0"},"north":{"uv":[8.96,0.96,11.04,3.04],"texture":"#0"},"south":{"uv":[8.96,0.96,11.04,3.04],"texture":"#0"},"east":{"uv":[8.96,0.96,11.04,3.04],"texture":"#0"}}},{"from":[5.5,10,5.5],"to":[10.5,10.5,7.5],"faces":{"north":{"uv":[4.96,0.96,7.04,3.04],"texture":"#0"},"south":{"uv":[4.96,0.96,7.04,3.04],"texture":"#0"},"east":{"uv":[4.96,0.96,7.04,3.04],"texture":"#0"}}},{"from":[5.5,10,11.5],"to":[10.5,10.5,12],"faces":{"down":{"uv":[4.96,0.96,7.04,3.04],"texture":"#0"},"south":{"uv":[4.96,0.96,7.04,3.04],"texture":"#0"},"west":{"uv":[4.96,0.96,7.04,3.04],"texture":"#0"},"east":{"uv":[4.96,0.96,7.04,3.04],"texture":"#0"}}},{"from":[5.5,10.5,5.5],"to":[11,11,7.5],"faces":{"down":{"uv":[8.96,0.96,11.04,3.04],"texture":"#0"},"up":{"uv":[8.96,0.96,11.04,3.04],"texture":"#0"},"north":{"uv":[8.96,0.96,11.04,3.04],"texture":"#0"},"east":{"uv":[8.96,0.96,11.04,3.04],"texture":"#0"}}},{"from":[5.5,11,5.5],"to":[10.5,12,6.5],"faces":{"up":{"uv":[12.96,0.96,15.04,3.04],"texture":"#0"},"north":{"uv":[12.96,0.96,15.04,3.04],"texture":"#0"},"south":{"uv":[12.96,0.96,15.04,3.04],"texture":"#0"},"west":{"uv":[12.96,0.96,15.04,3.04],"texture":"#0"},"east":{"uv":[12.96,0.96,15.04,3.04],"texture":"#0"}}},{"from":[5.5,11,9],"to":[10.5,12,9.5],"faces":{"down":{"uv":[8.96,0.96,11.04,3.04],"texture":"#0"},"north":{"uv":[8.96,0.96,11.04,3.04],"texture":"#0"},"south":{"uv":[8.96,0.96,11.04,3.04],"texture":"#0"}}},{"from":[5.5,11,9.5],"to":[10.5,11.5,10.5],"faces":{"south":{"uv":[8.96,0.96,11.04,3.04],"texture":"#0"}}},{"from":[5.5,11,10.5],"to":[9.5,12,11],"faces":{"north":{"uv":[8.96,0.96,11.04,3.04],"texture":"#0"},"south":{"uv":[8.96,0.96,11.04,3.04],"texture":"#0"},"west":{"uv":[8.96,0.96,11.04,3.04],"texture":"#0"},"east":{"uv":[8.96,0.96,11.04,3.04],"texture":"#0"}}},{"from":[5.5,11,12],"to":[10.5,11.5,12.5],"faces":{"down":{"uv":[4.96,0.96,7.04,3.04],"texture":"#0"},"up":{"uv":[4.96,0.96,7.04,3.04],"texture":"#0"},"south":{"uv":[4.96,0.96,7.04,3.04],"texture":"#0"},"west":{"uv":[4.96,0.96,7.04,3.04],"texture":"#0"},"east":{"uv":[4.96,0.96,7.04,3.04],"texture":"#0"}}},{"from":[5.5,11.5,6.5],"to":[10.5,13.5,7],"faces":{"up":{"uv":[12.96,0.96,15.04,3.04],"texture":"#0"},"north":{"uv":[12.96,0.96,15.04,3.04],"texture":"#0"},"south":{"uv":[12.96,0.96,15.04,3.04],"texture":"#0"},"west":{"uv":[12.96,0.96,15.04,3.04],"texture":"#0"},"east":{"uv":[12.96,0.96,15.04,3.04],"texture":"#0"}}},{"from":[5.5,11.5,12],"to":[8,12,12.5],"faces":{"south":{"uv":[8.96,0.96,11.04,3.04],"texture":"#0"},"west":{"uv":[8.96,0.96,11.04,3.04],"texture":"#0"}}},{"from":[5.5,12,5.5],"to":[6,12.5,6.5],"faces":{"up":{"uv":[12.96,0.96,15.04,3.04],"texture":"#0"},"north":{"uv":[12.96,0.96,15.04,3.04],"texture":"#0"},"west":{"uv":[12.96,0.96,15.04,3.04],"texture":"#0"},"east":{"uv":[12.96,0.96,15.04,3.04],"texture":"#0"}}},{"from":[5.5,12,7],"to":[10.5,14,7.5],"faces":{"up":{"uv":[12.96,0.96,15.04,3.04],"texture":"#0"},"north":{"uv":[12.96,0.96,15.04,3.04],"texture":"#0"},"south":{"uv":[12.96,0.96,15.04,3.04],"texture":"#0"},"west":{"uv":[12.96,0.96,15.04,3.04],"texture":"#0"},"east":{"uv":[12.96,0.96,15.04,3.04],"texture":"#0"}}},{"from":[5.5,12.5,6],"to":[6,13.5,6.5],"faces":{"up":{"uv":[12.96,0.96,15.04,3.04],"texture":"#0"},"north":{"uv":[12.96,0.96,15.04,3.04],"texture":"#0"},"west":{"uv":[12.96,0.96,15.04,3.04],"texture":"#0"},"east":{"uv":[12.96,0.96,15.04,3.04],"texture":"#0"}}},{"from":[5.5,12.5,7.5],"to":[10.5,14.5,8],"faces":{"up":{"uv":[12.96,0.96,15.04,3.04],"texture":"#0"},"north":{"uv":[12.96,0.96,15.04,3.04],"texture":"#0"},"south":{"uv":[12.96,0.96,15.04,3.04],"texture":"#0"},"west":{"uv":[12.96,0.96,15.04,3.04],"texture":"#0"},"east":{"uv":[12.96,0.96,15.04,3.04],"texture":"#0"}}},{"from":[5.5,13,8],"to":[11,14.5,8.5],"faces":{"down":{"uv":[8.96,0.96,11.04,3.04],"texture":"#0"},"up":{"uv":[8.96,0.96,11.04,3.04],"texture":"#0"},"north":{"uv":[8.96,0.96,11.04,3.04],"texture":"#0"},"south":{"uv":[8.96,0.96,11.04,3.04],"texture":"#0"},"east":{"uv":[8.96,0.96,11.04,3.04],"texture":"#0"}}},{"from":[5.5,13,12],"to":[9,14,12.5],"faces":{"up":{"uv":[8.96,0.96,11.04,3.04],"texture":"#0"},"north":{"uv":[8.96,0.96,11.04,3.04],"texture":"#0"},"south":{"uv":[8.96,0.96,11.04,3.04],"texture":"#0"},"west":{"uv":[8.96,0.96,11.04,3.04],"texture":"#0"}}},{"from":[5.5,13.5,6.5],"to":[7.5,14,7],"faces":{"up":{"uv":[0.96,4.96,3.04,7.04],"texture":"#0"},"north":{"uv":[0.96,4.96,3.04,7.04],"texture":"#0"},"west":{"uv":[0.96,4.96,3.04,7.04],"texture":"#0"}}},{"from":[5.5,13.5,8.5],"to":[11,14.5,9],"faces":{"up":{"uv":[8.96,0.96,11.04,3.04],"texture":"#0"},"south":{"uv":[8.96,0.96,11.04,3.04],"texture":"#0"},"east":{"uv":[8.96,0.96,11.04,3.04],"texture":"#0"}}},{"from":[5.5,14,7],"to":[7,14.5,7.5],"faces":{"up":{"uv":[0.96,4.96,3.04,7.04],"texture":"#0"},"north":{"uv":[0.96,4.96,3.04,7.04],"texture":"#0"},"west":{"uv":[0.96,4.96,3.04,7.04],"texture":"#0"}}},{"from":[5.5,14,9],"to":[11,15,9.5],"faces":{"up":{"uv":[8.96,0.96,11.04,3.04],"texture":"#0"},"north":{"uv":[8.96,0.96,11.04,3.04],"texture":"#0"},"south":{"uv":[8.96,0.96,11.04,3.04],"texture":"#0"},"east":{"uv":[8.96,0.96,11.04,3.04],"texture":"#0"}}},{"from":[5.5,14.5,8],"to":[6,15,8.5],"faces":{"up":{"uv":[4.96,8.96,7.04,11.04],"texture":"#0"},"north":{"uv":[4.96,8.96,7.04,11.04],"texture":"#0"}}},{"from":[5.5,14.5,9.5],"to":[11,15,10.5],"faces":{"down":{"uv":[8.96,0.96,11.04,3.04],"texture":"#0"},"up":{"uv":[8.96,0.96,11.04,3.04],"texture":"#0"},"south":{"uv":[8.96,0.96,11.04,3.04],"texture":"#0"},"east":{"uv":[8.96,0.96,11.04,3.04],"texture":"#0"}}},{"from":[5.5,14.5,10.5],"to":[10.5,15,11],"faces":{"up":{"uv":[8.96,0.96,11.04,3.04],"texture":"#0"},"south":{"uv":[8.96,0.96,11.04,3.04],"texture":"#0"}}},{"from":[5.5,14.5,11],"to":[10,15,11.5],"faces":{"down":{"uv":[8.96,0.96,11.04,3.04],"texture":"#0"},"up":{"uv":[8.96,0.96,11.04,3.04],"texture":"#0"},"south":{"uv":[8.96,0.96,11.04,3.04],"texture":"#0"}}},{"from":[5.5,14.5,11.5],"to":[9.5,15,12],"faces":{"down":{"uv":[8.96,0.96,11.04,3.04],"texture":"#0"},"up":{"uv":[8.96,0.96,11.04,3.04],"texture":"#0"},"south":{"uv":[8.96,0.96,11.04,3.04],"texture":"#0"},"west":{"uv":[8.96,0.96,11.04,3.04],"texture":"#0"}}},{"from":[5.5,15,8.5],"to":[6,15.5,9],"faces":{"up":{"uv":[4.96,4.96,7.04,7.04],"texture":"#0"},"north":{"uv":[4.96,4.96,7.04,7.04],"texture":"#0"},"west":{"uv":[4.96,4.96,7.04,7.04],"texture":"#0"}}},{"from":[5.5,15,9],"to":[6,15.5,10],"faces":{"down":{"uv":[0.96,8.96,3.04,11.04],"texture":"#0"},"up":{"uv":[0.96,8.96,3.04,11.04],"texture":"#0"},"east":{"uv":[0.96,8.96,3.04,11.04],"texture":"#0"}}},{"from":[5.5,15,10.5],"to":[6.5,15.5,11],"faces":{"up":{"uv":[0.96,8.96,3.04,11.04],"texture":"#0"},"south":{"uv":[0.96,8.96,3.04,11.04],"texture":"#0"},"west":{"uv":[0.96,8.96,3.04,11.04],"texture":"#0"}}},{"from":[6,9,5],"to":[10,9.5,5.5],"faces":{"down":{"uv":[4.96,0.96,7.04,3.04],"texture":"#0"},"north":{"uv":[4.96,0.96,7.04,3.04],"texture":"#0"},"west":{"uv":[4.96,0.96,7.04,3.04],"texture":"#0"},"east":{"uv":[4.96,0.96,7.04,3.04],"texture":"#0"}}},{"from":[6,9.5,4.5],"to":[6.5,10,5],"faces":{"down":{"uv":[8.96,0.96,11.04,3.04],"texture":"#0"},"north":{"uv":[8.96,0.96,11.04,3.04],"texture":"#0"},"west":{"uv":[8.96,0.96,11.04,3.04],"texture":"#0"}}},{"from":[6,9.5,11],"to":[10,10,11.5],"faces":{"down":{"uv":[4.96,0.96,7.04,3.04],"texture":"#0"},"south":{"uv":[4.96,0.96,7.04,3.04],"texture":"#0"},"west":{"uv":[4.96,0.96,7.04,3.04],"texture":"#0"},"east":{"uv":[4.96,0.96,7.04,3.04],"texture":"#0"}}},{"from":[6,10.5,4.5],"to":[10,11,5],"faces":{"up":{"uv":[8.96,0.96,11.04,3.04],"texture":"#0"},"north":{"uv":[8.96,0.96,11.04,3.04],"texture":"#0"},"south":{"uv":[8.96,0.96,11.04,3.04],"texture":"#0"},"west":{"uv":[8.96,0.96,11.04,3.04],"texture":"#0"},"east":{"uv":[8.96,0.96,11.04,3.04],"texture":"#0"}}},{"from":[6,10.5,12],"to":[10,11,12.5],"faces":{"down":{"uv":[4.96,0.96,7.04,3.04],"texture":"#0"},"south":{"uv":[4.96,0.96,7.04,3.04],"texture":"#0"},"west":{"uv":[4.96,0.96,7.04,3.04],"texture":"#0"},"east":{"uv":[4.96,0.96,7.04,3.04],"texture":"#0"}}},{"from":[6,11,5],"to":[10,11.5,5.5],"faces":{"down":{"uv":[12.96,0.96,15.04,3.04],"texture":"#0"},"up":{"uv":[12.96,0.96,15.04,3.04],"texture":"#0"},"north":{"uv":[12.96,0.96,15.04,3.04],"texture":"#0"},"west":{"uv":[12.96,0.96,15.04,3.04],"texture":"#0"},"east":{"uv":[12.96,0.96,15.04,3.04],"texture":"#0"}}},{"from":[6,11.5,5],"to":[7,12,5.5],"faces":{"up":{"uv":[12.96,0.96,15.04,3.04],"texture":"#0"},"north":{"uv":[12.96,0.96,15.04,3.04],"texture":"#0"},"west":{"uv":[12.96,0.96,15.04,3.04],"texture":"#0"}}},{"from":[6,12,5.5],"to":[8.5,12.5,6],"faces":{"up":{"uv":[0.96,4.96,3.04,7.04],"texture":"#0"},"north":{"uv":[0.96,4.96,3.04,7.04],"texture":"#0"},"south":{"uv":[0.96,4.96,3.04,7.04],"texture":"#0"}}},{"from":[6,12.5,5.5],"to":[7,13,6.5],"faces":{"down":{"uv":[0.96,4.96,3.04,7.04],"texture":"#0"},"up":{"uv":[0.96,4.96,3.04,7.04],"texture":"#0"},"north":{"uv":[0.96,4.96,3.04,7.04],"texture":"#0"},"west":{"uv":[0.96,4.96,3.04,7.04],"texture":"#0"},"east":{"uv":[0.96,4.96,3.04,7.04],"texture":"#0"}}},{"from":[6,13,6],"to":[8,13.5,6.5],"faces":{"down":{"uv":[0.96,4.96,3.04,7.04],"texture":"#0"},"up":{"uv":[0.96,4.96,3.04,7.04],"texture":"#0"},"north":{"uv":[0.96,4.96,3.04,7.04],"texture":"#0"}}},{"from":[6,14,6.5],"to":[6.5,14.5,7],"faces":{"up":{"uv":[8.96,8.96,11.04,11.04],"texture":"#0"},"north":{"uv":[8.96,8.96,11.04,11.04],"texture":"#0"},"west":{"uv":[8.96,8.96,11.04,11.04],"texture":"#0"}}},{"from":[6,14.5,8],"to":[11,15,8.5],"faces":{"up":{"uv":[8.96,0.96,11.04,3.04],"texture":"#0"},"north":{"uv":[8.96,0.96,11.04,3.04],"texture":"#0"},"south":{"uv":[8.96,0.96,11.04,3.04],"texture":"#0"},"east":{"uv":[8.96,0.96,11.04,3.04],"texture":"#0"}}},{"from":[6,15,8],"to":[6.5,15.5,8.5],"faces":{"up":{"uv":[4.96,8.96,7.04,11.04],"texture":"#0"},"north":{"uv":[4.96,8.96,7.04,11.04],"texture":"#0"},"west":{"uv":[4.96,8.96,7.04,11.04],"texture":"#0"}}},{"from":[6,15,8.5],"to":[6.5,15.5,9],"faces":{"up":{"uv":[0.96,8.96,3.04,11.04],"texture":"#0"}}},{"from":[6,15,9],"to":[10.5,15.5,9.5],"faces":{"up":{"uv":[8.96,0.96,11.04,3.04],"texture":"#0"},"north":{"uv":[8.96,0.96,11.04,3.04],"texture":"#0"},"south":{"uv":[8.96,0.96,11.04,3.04],"texture":"#0"}}},{"from":[6,15,9.5],"to":[10,15.5,10],"faces":{"up":{"uv":[8.96,0.96,11.04,3.04],"texture":"#0"}}},{"from":[6,15,11],"to":[9.5,15.5,11.5],"faces":{"up":{"uv":[8.96,0.96,11.04,3.04],"texture":"#0"},"north":{"uv":[8.96,0.96,11.04,3.04],"texture":"#0"},"south":{"uv":[8.96,0.96,11.04,3.04],"texture":"#0"},"west":{"uv":[8.96,0.96,11.04,3.04],"texture":"#0"}}},{"from":[6,15.5,9],"to":[6.5,16,10.5],"faces":{"down":{"uv":[0.96,8.96,3.04,11.04],"texture":"#0"},"up":{"uv":[0.96,8.96,3.04,11.04],"texture":"#0"},"north":{"uv":[0.96,8.96,3.04,11.04],"texture":"#0"},"south":{"uv":[0.96,8.96,3.04,11.04],"texture":"#0"},"west":{"uv":[0.96,8.96,3.04,11.04],"texture":"#0"},"east":{"uv":[0.96,8.96,3.04,11.04],"texture":"#0"}}},{"from":[6.5,9,10],"to":[9.5,9.5,10.5],"faces":{"down":{"uv":[4.96,0.96,7.04,3.04],"texture":"#0"},"south":{"uv":[4.96,0.96,7.04,3.04],"texture":"#0"},"west":{"uv":[4.96,0.96,7.04,3.04],"texture":"#0"},"east":{"uv":[4.96,0.96,7.04,3.04],"texture":"#0"}}},{"from":[6.5,9.5,4.5],"to":[10,10,5],"faces":{"down":{"uv":[4.96,0.96,7.04,3.04],"texture":"#0"},"north":{"uv":[4.96,0.96,7.04,3.04],"texture":"#0"},"east":{"uv":[4.96,0.96,7.04,3.04],"texture":"#0"}}},{"from":[6.5,10.5,4],"to":[9.5,11,4.5],"faces":{"down":{"uv":[8.96,0.96,11.04,3.04],"texture":"#0"},"up":{"uv":[8.96,0.96,11.04,3.04],"texture":"#0"},"north":{"uv":[8.96,0.96,11.04,3.04],"texture":"#0"},"west":{"uv":[8.96,0.96,11.04,3.04],"texture":"#0"},"east":{"uv":[8.96,0.96,11.04,3.04],"texture":"#0"}}},{"from":[6.5,10.5,5],"to":[11,11,5.5],"faces":{"down":{"uv":[8.96,0.96,11.04,3.04],"texture":"#0"},"up":{"uv":[8.96,0.96,11.04,3.04],"texture":"#0"},"north":{"uv":[8.96,0.96,11.04,3.04],"texture":"#0"},"east":{"uv":[8.96,0.96,11.04,3.04],"texture":"#0"}}},{"from":[6.5,12,6],"to":[7.5,12.5,6.5],"faces":{"up":{"uv":[0.96,4.96,3.04,7.04],"texture":"#0"}}},{"from":[6.5,13.5,6],"to":[7,14,6.5],"faces":{"up":{"uv":[8.96,8.96,11.04,11.04],"texture":"#0"},"north":{"uv":[8.96,8.96,11.04,11.04],"texture":"#0"},"west":{"uv":[8.96,8.96,11.04,11.04],"texture":"#0"}}},{"from":[6.5,14,6.5],"to":[7,14.5,7],"faces":{"up":{"uv":[0.96,4.96,3.04,7.04],"texture":"#0"},"north":{"uv":[0.96,4.96,3.04,7.04],"texture":"#0"}}},{"from":[6.5,14,12],"to":[8.5,14.5,12.5],"faces":{"up":{"uv":[8.96,0.96,11.04,3.04],"texture":"#0"},"north":{"uv":[8.96,0.96,11.04,3.04],"texture":"#0"},"south":{"uv":[8.96,0.96,11.04,3.04],"texture":"#0"},"west":{"uv":[8.96,0.96,11.04,3.04],"texture":"#0"}}},{"from":[6.5,14.5,7.5],"to":[9.5,15,8],"faces":{"up":{"uv":[12.96,0.96,15.04,3.04],"texture":"#0"},"north":{"uv":[12.96,0.96,15.04,3.04],"texture":"#0"},"west":{"uv":[12.96,0.96,15.04,3.04],"texture":"#0"},"east":{"uv":[12.96,0.96,15.04,3.04],"texture":"#0"}}},{"from":[6.5,15,8],"to":[8,15.5,8.5],"faces":{"up":{"uv":[0.96,8.96,3.04,11.04],"texture":"#0"},"north":{"uv":[0.96,8.96,3.04,11.04],"texture":"#0"}}},{"from":[6.5,15,8.5],"to":[10.5,15.5,9],"faces":{"up":{"uv":[8.96,0.96,11.04,3.04],"texture":"#0"},"north":{"uv":[8.96,0.96,11.04,3.04],"texture":"#0"},"east":{"uv":[8.96,0.96,11.04,3.04],"texture":"#0"}}},{"from":[6.5,15,10.5],"to":[9.5,16,11],"faces":{"up":{"uv":[8.96,0.96,11.04,3.04],"texture":"#0"},"north":{"uv":[8.96,0.96,11.04,3.04],"texture":"#0"},"south":{"uv":[8.96,0.96,11.04,3.04],"texture":"#0"},"west":{"uv":[8.96,0.96,11.04,3.04],"texture":"#0"},"east":{"uv":[8.96,0.96,11.04,3.04],"texture":"#0"}}},{"from":[6.5,15.5,8.5],"to":[8,16,9],"faces":{"up":{"uv":[0.96,8.96,3.04,11.04],"texture":"#0"},"north":{"uv":[0.96,8.96,3.04,11.04],"texture":"#0"},"west":{"uv":[0.96,8.96,3.04,11.04],"texture":"#0"}}},{"from":[6.5,15.5,9],"to":[10,16,9.5],"faces":{"up":{"uv":[8.96,0.96,11.04,3.04],"texture":"#0"},"north":{"uv":[8.96,0.96,11.04,3.04],"texture":"#0"},"south":{"uv":[8.96,0.96,11.04,3.04],"texture":"#0"},"east":{"uv":[8.96,0.96,11.04,3.04],"texture":"#0"}}},{"from":[6.5,15.5,9.5],"to":[7,16,10.5],"faces":{"down":{"uv":[0.96,8.96,3.04,11.04],"texture":"#0"},"up":{"uv":[0.96,8.96,3.04,11.04],"texture":"#0"}}},{"from":[7,10,4],"to":[9,10.5,4.5],"faces":{"down":{"uv":[8.96,0.96,11.04,3.04],"texture":"#0"},"north":{"uv":[8.96,0.96,11.04,3.04],"texture":"#0"},"west":{"uv":[8.96,0.96,11.04,3.04],"texture":"#0"},"east":{"uv":[8.96,0.96,11.04,3.04],"texture":"#0"}}},{"from":[7,11,4.5],"to":[9,11.5,5],"faces":{"up":{"uv":[12.96,0.96,15.04,3.04],"texture":"#0"},"north":{"uv":[12.96,0.96,15.04,3.04],"texture":"#0"},"west":{"uv":[12.96,0.96,15.04,3.04],"texture":"#0"},"east":{"uv":[12.96,0.96,15.04,3.04],"texture":"#0"}}},{"from":[7,11.5,5],"to":[8.5,12,5.5],"faces":{"up":{"uv":[0.96,4.96,3.04,7.04],"texture":"#0"},"north":{"uv":[0.96,4.96,3.04,7.04],"texture":"#0"}}},{"from":[7,12.5,5.5],"to":[7.5,13.5,6],"faces":{"up":{"uv":[8.96,8.96,11.04,11.04],"texture":"#0"},"north":{"uv":[8.96,8.96,11.04,11.04],"texture":"#0"},"south":{"uv":[8.96,8.96,11.04,11.04],"texture":"#0"},"west":{"uv":[8.96,8.96,11.04,11.04],"texture":"#0"}}},{"from":[7,12.5,6],"to":[8,13,6.5],"faces":{"down":{"uv":[0.96,4.96,3.04,7.04],"texture":"#0"},"north":{"uv":[0.96,4.96,3.04,7.04],"texture":"#0"}}},{"from":[7,13.5,6],"to":[7.5,14,6.5],"faces":{"up":{"uv":[0.96,4.96,3.04,7.04],"texture":"#0"},"north":{"uv":[0.96,4.96,3.04,7.04],"texture":"#0"}}},{"from":[7,14,6.5],"to":[10,14.5,7.5],"faces":{"down":{"uv":[12.96,0.96,15.04,3.04],"texture":"#0"},"up":{"uv":[12.96,0.96,15.04,3.04],"texture":"#0"},"north":{"uv":[12.96,0.96,15.04,3.04],"texture":"#0"},"west":{"uv":[12.96,0.96,15.04,3.04],"texture":"#0"},"east":{"uv":[12.96,0.96,15.04,3.04],"texture":"#0"}}},{"from":[7,14.5,7],"to":[9,15,7.5],"faces":{"up":{"uv":[12.96,0.96,15.04,3.04],"texture":"#0"},"north":{"uv":[12.96,0.96,15.04,3.04],"texture":"#0"},"west":{"uv":[12.96,0.96,15.04,3.04],"texture":"#0"},"east":{"uv":[12.96,0.96,15.04,3.04],"texture":"#0"}}},{"from":[7,15.5,9.5],"to":[10,16,10.5],"faces":{"down":{"uv":[8.96,0.96,11.04,3.04],"texture":"#0"},"up":{"uv":[8.96,0.96,11.04,3.04],"texture":"#0"},"south":{"uv":[8.96,0.96,11.04,3.04],"texture":"#0"},"east":{"uv":[8.96,0.96,11.04,3.04],"texture":"#0"}}},{"from":[7.5,12,5],"to":[8.5,12.5,5.5],"faces":{"up":{"uv":[0.96,4.96,3.04,7.04],"texture":"#0"},"north":{"uv":[0.96,4.96,3.04,7.04],"texture":"#0"},"west":{"uv":[0.96,4.96,3.04,7.04],"texture":"#0"},"east":{"uv":[0.96,4.96,3.04,7.04],"texture":"#0"}}},{"from":[7.5,12,6],"to":[10.5,12.5,6.5],"faces":{"up":{"uv":[12.96,0.96,15.04,3.04],"texture":"#0"},"north":{"uv":[12.96,0.96,15.04,3.04],"texture":"#0"},"east":{"uv":[12.96,0.96,15.04,3.04],"texture":"#0"}}},{"from":[7.5,12.5,5.5],"to":[8,13.5,6],"faces":{"up":{"uv":[0.96,4.96,3.04,7.04],"texture":"#0"},"north":{"uv":[0.96,4.96,3.04,7.04],"texture":"#0"},"south":{"uv":[0.96,4.96,3.04,7.04],"texture":"#0"},"east":{"uv":[0.96,4.96,3.04,7.04],"texture":"#0"}}},{"from":[7.5,13.5,6],"to":[9.5,14,7],"faces":{"down":{"uv":[12.96,0.96,15.04,3.04],"texture":"#0"},"up":{"uv":[12.96,0.96,15.04,3.04],"texture":"#0"},"north":{"uv":[12.96,0.96,15.04,3.04],"texture":"#0"},"west":{"uv":[12.96,0.96,15.04,3.04],"texture":"#0"},"east":{"uv":[12.96,0.96,15.04,3.04],"texture":"#0"}}},{"from":[8,10,8],"to":[11,10.5,9.5],"faces":{"up":{"uv":[4.96,0.96,7.04,3.04],"texture":"#0"},"north":{"uv":[4.96,0.96,7.04,3.04],"texture":"#0"},"east":{"uv":[4.96,0.96,7.04,3.04],"texture":"#0"}}},{"from":[8,11.5,11.5],"to":[11,12,12],"faces":{"up":{"uv":[4.96,0.96,7.04,3.04],"texture":"#0"},"north":{"uv":[4.96,0.96,7.04,3.04],"texture":"#0"},"south":{"uv":[4.96,0.96,7.04,3.04],"texture":"#0"},"east":{"uv":[4.96,0.96,7.04,3.04],"texture":"#0"}}},{"from":[8,11.5,12],"to":[10.5,12,12.5],"faces":{"south":{"uv":[4.96,0.96,7.04,3.04],"texture":"#0"},"east":{"uv":[4.96,0.96,7.04,3.04],"texture":"#0"}}},{"from":[8,12,11.5],"to":[10.5,14,12],"faces":{"up":{"uv":[8.96,0.96,11.04,3.04],"texture":"#0"},"north":{"uv":[8.96,0.96,11.04,3.04],"texture":"#0"},"south":{"uv":[8.96,0.96,11.04,3.04],"texture":"#0"},"east":{"uv":[8.96,0.96,11.04,3.04],"texture":"#0"}}},{"from":[8,12.5,5.5],"to":[10,13,6.5],"faces":{"down":{"uv":[12.96,0.96,15.04,3.04],"texture":"#0"},"up":{"uv":[12.96,0.96,15.04,3.04],"texture":"#0"},"north":{"uv":[12.96,0.96,15.04,3.04],"texture":"#0"},"west":{"uv":[12.96,0.96,15.04,3.04],"texture":"#0"},"east":{"uv":[12.96,0.96,15.04,3.04],"texture":"#0"}}},{"from":[8,13,5.5],"to":[9,13.5,6.5],"faces":{"up":{"uv":[12.96,0.96,15.04,3.04],"texture":"#0"},"north":{"uv":[12.96,0.96,15.04,3.04],"texture":"#0"},"west":{"uv":[12.96,0.96,15.04,3.04],"texture":"#0"},"east":{"uv":[12.96,0.96,15.04,3.04],"texture":"#0"}}},{"from":[8,14,11.5],"to":[9.5,14.5,12],"faces":{"south":{"uv":[8.96,0.96,11.04,3.04],"texture":"#0"}}},{"from":[8,15,8],"to":[10,15.5,8.5],"faces":{"up":{"uv":[8.96,0.96,11.04,3.04],"texture":"#0"},"north":{"uv":[8.96,0.96,11.04,3.04],"texture":"#0"},"east":{"uv":[8.96,0.96,11.04,3.04],"texture":"#0"}}},{"from":[8,15.5,8.5],"to":[9.5,16,9],"faces":{"up":{"uv":[8.96,0.96,11.04,3.04],"texture":"#0"},"north":{"uv":[8.96,0.96,11.04,3.04],"texture":"#0"},"east":{"uv":[8.96,0.96,11.04,3.04],"texture":"#0"}}},{"from":[8.5,10,7.5],"to":[11,10.5,8],"faces":{"north":{"uv":[4.96,0.96,7.04,3.04],"texture":"#0"},"east":{"uv":[4.96,0.96,7.04,3.04],"texture":"#0"}}},{"from":[8.5,11.5,5],"to":[10,12,5.5],"faces":{"up":{"uv":[12.96,0.96,15.04,3.04],"texture":"#0"},"north":{"uv":[12.96,0.96,15.04,3.04],"texture":"#0"},"east":{"uv":[12.96,0.96,15.04,3.04],"texture":"#0"}}},{"from":[8.5,12,5.5],"to":[10.5,12.5,6],"faces":{"up":{"uv":[12.96,0.96,15.04,3.04],"texture":"#0"},"north":{"uv":[12.96,0.96,15.04,3.04],"texture":"#0"},"east":{"uv":[12.96,0.96,15.04,3.04],"texture":"#0"}}},{"from":[8.5,14,12],"to":[9.5,14.5,12.5],"faces":{"down":{"uv":[0.96,8.96,3.04,11.04],"texture":"#0"},"up":{"uv":[0.96,8.96,3.04,11.04],"texture":"#0"},"south":{"uv":[0.96,8.96,3.04,11.04],"texture":"#0"},"east":{"uv":[0.96,8.96,3.04,11.04],"texture":"#0"}}},{"from":[9,13,6],"to":[10.5,13.5,6.5],"faces":{"down":{"uv":[12.96,0.96,15.04,3.04],"texture":"#0"},"up":{"uv":[12.96,0.96,15.04,3.04],"texture":"#0"},"north":{"uv":[12.96,0.96,15.04,3.04],"texture":"#0"},"east":{"uv":[12.96,0.96,15.04,3.04],"texture":"#0"}}},{"from":[9,13,12],"to":[10.5,14,12.5],"faces":{"up":{"uv":[0.96,8.96,3.04,11.04],"texture":"#0"},"south":{"uv":[0.96,8.96,3.04,11.04],"texture":"#0"},"east":{"uv":[0.96,8.96,3.04,11.04],"texture":"#0"}}},{"from":[9.5,11,10.5],"to":[11,11.5,11],"faces":{"up":{"uv":[4.96,0.96,7.04,3.04],"texture":"#0"},"north":{"uv":[4.96,0.96,7.04,3.04],"texture":"#0"},"east":{"uv":[4.96,0.96,7.04,3.04],"texture":"#0"}}},{"from":[9.5,11.5,11],"to":[11,12,11.5],"faces":{"up":{"uv":[4.96,0.96,7.04,3.04],"texture":"#0"},"north":{"uv":[4.96,0.96,7.04,3.04],"texture":"#0"},"east":{"uv":[4.96,0.96,7.04,3.04],"texture":"#0"}}},{"from":[9.5,12,11],"to":[10.5,14.5,11.5],"faces":{"up":{"uv":[8.96,0.96,11.04,3.04],"texture":"#0"},"south":{"uv":[8.96,0.96,11.04,3.04],"texture":"#0"},"east":{"uv":[8.96,0.96,11.04,3.04],"texture":"#0"}}},{"from":[9.5,13.5,6.5],"to":[10.5,14,7],"faces":{"up":{"uv":[12.96,0.96,15.04,3.04],"texture":"#0"},"north":{"uv":[12.96,0.96,15.04,3.04],"texture":"#0"},"east":{"uv":[12.96,0.96,15.04,3.04],"texture":"#0"}}},{"from":[9.5,14,11.5],"to":[10.5,14.5,12],"faces":{"up":{"uv":[0.96,8.96,3.04,11.04],"texture":"#0"},"south":{"uv":[0.96,8.96,3.04,11.04],"texture":"#0"}}},{"from":[9.5,14.5,11.5],"to":[10,15,12],"faces":{"up":{"uv":[0.96,8.96,3.04,11.04],"texture":"#0"},"south":{"uv":[0.96,8.96,3.04,11.04],"texture":"#0"}}},{"from":[9.5,15,10.5],"to":[10,15.5,11.5],"faces":{"down":{"uv":[0.96,8.96,3.04,11.04],"texture":"#0"},"up":{"uv":[0.96,8.96,3.04,11.04],"texture":"#0"},"south":{"uv":[0.96,8.96,3.04,11.04],"texture":"#0"},"west":{"uv":[0.96,8.96,3.04,11.04],"texture":"#0"},"east":{"uv":[0.96,8.96,3.04,11.04],"texture":"#0"}}},{"from":[10,10.5,8],"to":[11,11,9.5],"faces":{"up":{"uv":[4.96,0.96,7.04,3.04],"texture":"#0"},"west":{"uv":[4.96,0.96,7.04,3.04],"texture":"#0"},"east":{"uv":[4.96,0.96,7.04,3.04],"texture":"#0"}}},{"from":[10,11,8],"to":[11,13,9],"faces":{"up":{"uv":[8.96,0.96,11.04,3.04],"texture":"#0"},"north":{"uv":[8.96,0.96,11.04,3.04],"texture":"#0"},"south":{"uv":[8.96,0.96,11.04,3.04],"texture":"#0"},"east":{"uv":[8.96,0.96,11.04,3.04],"texture":"#0"}}},{"from":[10,12.5,6],"to":[10.5,13,6.5],"faces":{"north":{"uv":[12.96,0.96,15.04,3.04],"texture":"#0"},"east":{"uv":[12.96,0.96,15.04,3.04],"texture":"#0"}}},{"from":[10,14,7],"to":[10.5,14.5,7.5],"faces":{"up":{"uv":[12.96,0.96,15.04,3.04],"texture":"#0"},"north":{"uv":[12.96,0.96,15.04,3.04],"texture":"#0"},"east":{"uv":[12.96,0.96,15.04,3.04],"texture":"#0"}}},{"from":[10,14.5,11],"to":[10.5,15,12],"faces":{"down":{"uv":[4.96,8.96,7.04,11.04],"texture":"#0"},"up":{"uv":[4.96,8.96,7.04,11.04],"texture":"#0"},"south":{"uv":[4.96,8.96,7.04,11.04],"texture":"#0"},"west":{"uv":[4.96,8.96,7.04,11.04],"texture":"#0"},"east":{"uv":[4.96,8.96,7.04,11.04],"texture":"#0"}}},{"from":[10,15,9.5],"to":[10.5,15.5,10],"faces":{"up":{"uv":[0.96,8.96,3.04,11.04],"texture":"#0"}}},{"from":[10,15,10],"to":[10.5,15.5,10.5],"faces":{"up":{"uv":[8.96,0.96,11.04,3.04],"texture":"#0"}}},{"from":[10,15,10.5],"to":[10.5,15.5,11],"faces":{"up":{"uv":[4.96,8.96,7.04,11.04],"texture":"#0"},"south":{"uv":[4.96,8.96,7.04,11.04],"texture":"#0"},"east":{"uv":[4.96,8.96,7.04,11.04],"texture":"#0"}}},{"from":[10.5,10,5],"to":[11,10.5,6],"faces":{"down":{"uv":[8.96,0.96,11.04,3.04],"texture":"#0"},"up":{"uv":[8.96,0.96,11.04,3.04],"texture":"#0"},"north":{"uv":[8.96,0.96,11.04,3.04],"texture":"#0"},"west":{"uv":[8.96,0.96,11.04,3.04],"texture":"#0"},"east":{"uv":[8.96,0.96,11.04,3.04],"texture":"#0"}}},{"from":[10.5,10,6],"to":[11,10.5,7.5],"faces":{"east":{"uv":[4.96,0.96,7.04,3.04],"texture":"#0"}}},{"from":[10.5,11,9],"to":[11,12,9.5],"faces":{"south":{"uv":[4.96,0.96,7.04,3.04],"texture":"#0"},"east":{"uv":[4.96,0.96,7.04,3.04],"texture":"#0"}}},{"from":[10.5,11,9.5],"to":[11,11.5,10.5],"faces":{"east":{"uv":[4.96,0.96,7.04,3.04],"texture":"#0"}}},{"from":[10.5,11.5,10.5],"to":[11,12,11],"faces":{"east":{"uv":[4.96,0.96,7.04,3.04],"texture":"#0"}}},{"from":[10.5,12,11],"to":[11,12.5,12],"faces":{"down":{"uv":[4.96,0.96,7.04,3.04],"texture":"#0"},"up":{"uv":[4.96,0.96,7.04,3.04],"texture":"#0"},"west":{"uv":[4.96,0.96,7.04,3.04],"texture":"#0"},"east":{"uv":[4.96,0.96,7.04,3.04],"texture":"#0"}}},{"from":[10.5,12.5,11],"to":[11,14.5,11.5],"faces":{"south":{"uv":[8.96,0.96,11.04,3.04],"texture":"#0"},"east":{"uv":[8.96,0.96,11.04,3.04],"texture":"#0"}}},{"from":[10.5,12.5,11.5],"to":[11,13,12],"faces":{"east":{"uv":[4.96,0.96,7.04,3.04],"texture":"#0"}}},{"from":[10.5,13,11.5],"to":[11,14,12],"faces":{"south":{"uv":[0.96,8.96,3.04,11.04],"texture":"#0"},"east":{"uv":[0.96,8.96,3.04,11.04],"texture":"#0"}}},{"from":[10.5,14,11.5],"to":[11,14.5,12],"faces":{"up":{"uv":[4.96,8.96,7.04,11.04],"texture":"#0"},"south":{"uv":[4.96,8.96,7.04,11.04],"texture":"#0"},"east":{"uv":[4.96,8.96,7.04,11.04],"texture":"#0"}}},{"from":[10.5,14.5,8.5],"to":[11,15,9],"faces":{"up":{"uv":[8.96,0.96,11.04,3.04],"texture":"#0"},"east":{"uv":[8.96,0.96,11.04,3.04],"texture":"#0"}}},{"from":[10.5,14.5,10.5],"to":[11,15,11.5],"faces":{"down":{"uv":[4.96,4.96,7.04,7.04],"texture":"#0"},"up":{"uv":[4.96,4.96,7.04,7.04],"texture":"#0"},"south":{"uv":[4.96,4.96,7.04,7.04],"texture":"#0"},"west":{"uv":[4.96,4.96,7.04,7.04],"texture":"#0"},"east":{"uv":[4.96,4.96,7.04,7.04],"texture":"#0"}}},{"from":[10.5,15,9],"to":[11,15.5,10],"faces":{"down":{"uv":[4.96,8.96,7.04,11.04],"texture":"#0"},"up":{"uv":[4.96,8.96,7.04,11.04],"texture":"#0"},"north":{"uv":[4.96,8.96,7.04,11.04],"texture":"#0"},"west":{"uv":[4.96,8.96,7.04,11.04],"texture":"#0"},"east":{"uv":[4.96,8.96,7.04,11.04],"texture":"#0"}}},{"from":[10.5,15,10],"to":[11,15.5,10.5],"faces":{"up":{"uv":[4.96,4.96,7.04,7.04],"texture":"#0"},"south":{"uv":[4.96,4.96,7.04,7.04],"texture":"#0"},"east":{"uv":[4.96,4.96,7.04,7.04],"texture":"#0"}}},{"from":[11,12,9],"to":[11.5,12.5,9.5],"faces":{"down":{"uv":[4.96,4.96,7.04,7.04],"texture":"#0"},"north":{"uv":[4.96,4.96,7.04,7.04],"texture":"#0"},"east":{"uv":[4.96,4.96,7.04,7.04],"texture":"#0"}}},{"from":[11,12,10.5],"to":[11.5,14,11],"faces":{"down":{"uv":[4.96,4.96,7.04,7.04],"texture":"#0"},"up":{"uv":[4.96,4.96,7.04,7.04],"texture":"#0"},"north":{"uv":[4.96,4.96,7.04,7.04],"texture":"#0"},"south":{"uv":[4.96,4.96,7.04,7.04],"texture":"#0"},"east":{"uv":[4.96,4.96,7.04,7.04],"texture":"#0"}}},{"from":[11,12.5,9.5],"to":[11.5,13,10.5],"faces":{"east":{"uv":[4.96,4.96,7.04,7.04],"texture":"#0"}}},{"from":[11,13,9],"to":[11.5,14,9.5],"faces":{"up":{"uv":[12.96,4.96,15.04,7.04],"texture":"#0"},"north":{"uv":[12.96,4.96,15.04,7.04],"texture":"#0"},"south":{"uv":[12.96,4.96,15.04,7.04],"texture":"#0"},"west":{"uv":[12.96,4.96,15.04,7.04],"texture":"#0"},"east":{"uv":[12.96,4.96,15.04,7.04],"texture":"#0"}}},{"from":[11,13,9.5],"to":[11.5,13.5,10.5],"faces":{"up":{"uv":[8.96,4.96,11.04,7.04],"texture":"#0"},"east":{"uv":[8.96,4.96,11.04,7.04],"texture":"#0"}}},{"from":[11,13.5,10],"to":[11.5,14,10.5],"faces":{"east":{"uv":[8.96,4.96,11.04,7.04],"texture":"#0"}}},{"from":[11,14,10],"to":[11.5,14.5,10.5],"faces":{"up":{"uv":[12.96,4.96,15.04,7.04],"texture":"#0"},"south":{"uv":[12.96,4.96,15.04,7.04],"texture":"#0"},"east":{"uv":[12.96,4.96,15.04,7.04],"texture":"#0"}}}],"display":{"thirdperson_righthand":{"rotation":[75,45,0],"translation":[0,2.5,-3.478]},"thirdperson_lefthand":{"rotation":[75,45,0],"translation":[0,2.5,-3.478]},"firstperson_righthand":{"rotation":[0,20,0]},"firstperson_lefthand":{"rotation":[0,20,0]},"gui":{"rotation":[30,225,0],"translation":[0.6956,-5.564,0],"scale":[1.5,1.5,1.5]},"head":{"translation":[0,-10.42,-2.781],"scale":[3,3,3]},"ground":{"translation":[0,2,0]},"fixed":{"translation":[0,-8.347,-5.565],"scale":[2,2,2]}}}