{"textures":{"0":"witch_hat0","1":"witch_hat1","2":"witch_hat2"},"elements":[{"from":[6.5,12.5,7.5],"to":[9.5,13.5,8.5],"faces":{"down":{"uv":[15.499,8.499,8.001,7.500999],"texture":"#0"},"up":{"uv":[0.501,7.500999,7.999,8.499],"texture":"#0"},"north":{"uv":[8.001,3.500999,15.499,4.499001],"texture":"#0"},"south":{"uv":[0.501,3.500999,7.999,4.499001],"texture":"#0"},"west":{"uv":[7.501,3.500999,8.499,4.499001],"texture":"#0"},"east":{"uv":[7.501,3.500999,8.499,4.499001],"texture":"#0"}}},{"from":[4,15.5,7],"to":[5,16,9],"faces":{"up":{"uv":[2.001,7.000999,7.499,7.499001],"texture":"#0"},"north":{"uv":[8.501,3.500999,13.999,4.499001],"texture":"#0"},"south":{"uv":[2.001,3.500999,7.499,4.499001],"texture":"#0"},"west":{"uv":[7.001,3.500999,7.499,4.499001],"texture":"#0"},"east":{"uv":[8.501,3.500999,8.999,4.499001],"texture":"#0"}}},{"from":[3.5,16.5,7.5],"to":[4.5,17,8.5],"faces":{"up":{"uv":[2.001,7.500999,6.499,8.499],"texture":"#0"},"north":{"uv":[9.501,3.000999,13.999,3.499001],"texture":"#0"},"south":{"uv":[2.001,3.000999,6.499,3.499001],"texture":"#0"},"east":{"uv":[7.501,3.000999,8.499,3.499001],"texture":"#0"}}},{"from":[8.5,12,7],"to":[9.5,12.5,9],"faces":{"up":{"uv":[2.501,7.500999,9.499,8.499],"texture":"#0"},"north":{"uv":[6.501,4.500999,13.499,4.999001],"texture":"#0"},"south":{"uv":[2.501,4.500999,9.499,4.999001],"texture":"#0"},"east":{"uv":[7.501,4.500999,8.499,4.999001],"texture":"#0"}}},{"from":[2.5,17,7.5],"to":[4,17.5,8.5],"faces":{"down":{"uv":[12.999,8.999,7.001,8.501],"texture":"#0"},"up":{"uv":[3.001,8.501,8.999,8.999],"texture":"#0"},"north":{"uv":[7.001,4.500999,12.999,4.999001],"texture":"#0"},"south":{"uv":[3.001,4.500999,8.999,4.999001],"texture":"#0"},"west":{"uv":[8.501,4.500999,8.999,4.999001],"texture":"#0"},"east":{"uv":[7.001,4.500999,7.499,4.999001],"texture":"#0"}}},{"from":[12.5,3,8.5],"to":[13.5,3.5,9.5],"faces":{"down":{"uv":[12.499,8.999,0.001000404,7.500999],"texture":"#2"},"up":{"uv":[3.501,7.500999,15.999,8.999],"texture":"#2"},"north":{"uv":[0.001,12.001,12.499,12.499],"texture":"#2"},"west":{"uv":[7.501,12.001,8.999,12.499],"texture":"#2"}}},{"from":[11.5,3.5,7],"to":[14.5,4,9],"faces":{"down":{"uv":[11.999,9.499,2.501,6.500999],"texture":"#2"},"up":{"uv":[4.001,6.500999,13.499,9.499],"texture":"#2"},"west":{"uv":[6.501,11.501,9.499,11.999],"texture":"#2"},"east":{"uv":[6.501,11.501,9.499,11.999],"texture":"#2"}}},{"from":[4.5,4,2.5],"to":[13.5,4.5,4],"faces":{"down":{"uv":[11.499,13.499,2.501,12.001],"texture":"#0"},"up":{"uv":[4.501,12.001,13.499,13.499],"texture":"#0"},"north":{"uv":[2.501,11.501,11.499,11.999],"texture":"#0"},"west":{"uv":[12.001,11.501,13.499,11.999],"texture":"#0"},"east":{"uv":[2.501,11.501,3.999,11.999],"texture":"#0"}}},{"from":[4.5,11.5,7],"to":[10,12,9],"faces":{"down":{"uv":[10.999,7.499001,6.001,6.500999],"texture":"#0"},"up":{"uv":[5.001,6.500999,9.999,7.499001],"texture":"#0"},"north":{"uv":[6.001,5.500999,10.999,5.999001],"texture":"#0"},"south":{"uv":[5.001,5.500999,9.999,5.999001],"texture":"#0"},"west":{"uv":[6.501,5.500999,7.499,5.999001],"texture":"#0"},"east":{"uv":[8.501,5.500999,9.499,5.999001],"texture":"#0"}}},{"from":[5,6,7.5],"to":[6,8,8.5],"faces":{"up":{"uv":[0.001,14.001,7.999,14.499],"texture":"#1"},"north":{"uv":[3.001,14.001,10.999,14.999],"texture":"#1"},"south":{"uv":[3.001,14.001,10.499,14.999],"texture":"#1"},"west":{"uv":[5.001,14.001,5.999,14.999],"texture":"#1"},"east":{"uv":[3.501,14.001,4.499,14.999],"texture":"#1"}}},{"from":[5,11,6.5],"to":[6.5,12,9.5],"faces":{"down":{"uv":[10.999,8.499,5.501,7.500999],"texture":"#0"},"north":{"uv":[5.501,6.000999,10.999,6.499001],"texture":"#0"},"south":{"uv":[5.001,6.000999,10.499,6.499001],"texture":"#0"},"west":{"uv":[7.501,6.000999,8.499,6.499001],"texture":"#0"},"east":{"uv":[7.501,6.000999,8.499,6.499001],"texture":"#0"}}},{"from":[5,4.5,5.5],"to":[13.5,5,7],"faces":{"down":{"uv":[10.999,11.999,2.501,11.001],"texture":"#0"},"up":{"uv":[5.001,11.001,13.499,11.999],"texture":"#0"},"north":{"uv":[2.501,11.501,10.999,11.999],"texture":"#0"},"south":{"uv":[5.001,11.501,13.499,11.999],"texture":"#0"},"west":{"uv":[11.001,11.501,11.999,11.999],"texture":"#0"},"east":{"uv":[4.001,11.501,4.999,11.999],"texture":"#0"}}},{"from":[5.5,4.5,6],"to":[12.5,6,7.5],"faces":{"down":{"uv":[8.499,14.999,0.5009999,14.501],"texture":"#1"},"up":{"uv":[0.001,14.001,7.999,14.499],"texture":"#1"},"north":{"uv":[3.001,14.001,10.999,14.999],"texture":"#1"},"west":{"uv":[5.001,14.001,5.999,14.999],"texture":"#1"},"east":{"uv":[3.501,14.001,4.499,14.999],"texture":"#1"}}},{"from":[6.5,11.5,6.5],"to":[9,12,9.5],"faces":{"down":{"uv":[10.499,7.499001,6.001,6.500999],"texture":"#0"},"up":{"uv":[5.501,6.500999,9.999,7.499001],"texture":"#0"},"north":{"uv":[6.001,6.000999,10.499,6.499001],"texture":"#0"},"south":{"uv":[5.501,6.000999,9.999,6.499001],"texture":"#0"},"east":{"uv":[8.501,6.000999,9.499,6.499001],"texture":"#0"}}},{"from":[5.5,7.5,7],"to":[6,8,9],"faces":{"down":{"uv":[10.499,8.499,5.001,7.500999],"texture":"#1"},"up":{"uv":[5.501,7.500999,10.999,8.499],"texture":"#1"},"north":{"uv":[5.001,7.000999,10.499,7.999001],"texture":"#1"},"south":{"uv":[5.501,7.000999,10.999,7.999001],"texture":"#1"},"west":{"uv":[7.501,7.000999,8.499,7.999001],"texture":"#1"}}},{"from":[5.5,6,6],"to":[6.5,7.5,7.5],"faces":{"up":{"uv":[0.001,14.001,7.999,14.499],"texture":"#1"},"north":{"uv":[3.001,14.001,10.999,14.999],"texture":"#1"},"south":{"uv":[3.001,14.001,10.499,14.999],"texture":"#1"},"west":{"uv":[5.001,14.001,5.999,14.999],"texture":"#1"},"east":{"uv":[3.501,14.001,4.499,14.999],"texture":"#1"}}},{"from":[6,4.5,5.5],"to":[12.5,6,6],"faces":{"up":{"uv":[0.001,14.001,7.999,14.499],"texture":"#1"},"north":{"uv":[3.001,14.001,10.999,14.999],"texture":"#1"},"west":{"uv":[5.001,14.001,5.999,14.999],"texture":"#1"},"east":{"uv":[3.501,14.001,4.499,14.999],"texture":"#1"}}},{"from":[6,10.5,6],"to":[7,12,6.5],"faces":{"down":{"uv":[9.999,6.499001,9.001,6.000999],"texture":"#0"},"up":{"uv":[6.001,6.000999,6.999,6.499001],"texture":"#0"},"north":{"uv":[9.001,4.500999,9.999,5.999001],"texture":"#0"},"south":{"uv":[6.001,4.500999,6.999,5.999001],"texture":"#0"},"west":{"uv":[6.001,4.500999,6.499,5.999001],"texture":"#0"},"east":{"uv":[9.501,4.500999,9.999,5.999001],"texture":"#0"}}},{"from":[6,7.5,6.5],"to":[11,8,9.5],"faces":{"down":{"uv":[9.999,9.499,5.001,6.500999],"texture":"#0"},"up":{"uv":[6.001,6.500999,10.999,9.499],"texture":"#0"},"north":{"uv":[5.001,8.001,9.999,8.499],"texture":"#0"},"south":{"uv":[6.001,8.001,10.999,8.499],"texture":"#0"},"west":{"uv":[6.501,8.001,9.499,8.499],"texture":"#0"},"east":{"uv":[6.501,8.001,9.499,8.499],"texture":"#0"}}},{"from":[6,10.5,6.5],"to":[10,11,9.5],"faces":{"up":{"uv":[6.001,6.500999,10.499,7.499001],"texture":"#0"},"north":{"uv":[5.501,7.000999,9.999,7.999001],"texture":"#0"},"south":{"uv":[6.001,7.000999,10.499,7.999001],"texture":"#0"},"east":{"uv":[8.501,7.000999,9.499,7.999001],"texture":"#0"}}},{"from":[6,6,7],"to":[11.5,7.5,9],"faces":{"down":{"uv":[9.999,8.999,4.501,7.000999],"texture":"#0"},"up":{"uv":[6.001,7.000999,11.499,8.999],"texture":"#0"},"north":{"uv":[4.501,8.501,9.999,9.999],"texture":"#0"},"south":{"uv":[6.001,8.501,11.499,9.999],"texture":"#0"},"west":{"uv":[7.001,8.501,8.999,9.999],"texture":"#0"},"east":{"uv":[7.001,8.501,8.999,9.999],"texture":"#0"}}},{"from":[6,10.5,9.5],"to":[7,12,10],"faces":{"down":{"uv":[9.999,9.999,9.001,9.501],"texture":"#0"},"up":{"uv":[6.001,9.501,6.999,9.999],"texture":"#0"},"north":{"uv":[9.001,4.500999,9.999,6.499001],"texture":"#0"},"south":{"uv":[6.001,4.500999,6.999,6.499001],"texture":"#0"},"west":{"uv":[9.501,4.500999,9.999,6.499001],"texture":"#0"},"east":{"uv":[6.001,4.500999,6.499,6.499001],"texture":"#0"}}},{"from":[6,6,5.5],"to":[7,7,6],"faces":{"up":{"uv":[0.001,14.001,7.999,14.499],"texture":"#1"},"north":{"uv":[3.001,14.001,10.999,14.999],"texture":"#1"},"south":{"uv":[3.001,14.001,10.499,14.999],"texture":"#1"},"west":{"uv":[5.001,14.001,5.999,14.999],"texture":"#1"}}},{"from":[6,4,1.5],"to":[12.5,4.5,2],"faces":{"down":{"uv":[10.999,13.499,9.501,13.001],"texture":"#2"},"up":{"uv":[4.501,13.001,5.999,13.499],"texture":"#2"},"north":{"uv":[9.501,11.501,10.999,12.499],"texture":"#2"},"west":{"uv":[13.501,11.501,13.999,12.499],"texture":"#2"},"east":{"uv":[2.001,11.501,2.499,12.499],"texture":"#2"}}},{"from":[6.5,4.5,5],"to":[12,6,5.5],"faces":{"up":{"uv":[0.001,14.001,7.999,14.499],"texture":"#1"},"north":{"uv":[3.001,14.001,10.999,14.999],"texture":"#1"},"west":{"uv":[5.001,14.001,5.999,14.999],"texture":"#1"},"east":{"uv":[3.501,14.001,4.499,14.999],"texture":"#1"}}},{"from":[6.5,6,6],"to":[11,7.5,7],"faces":{"up":{"uv":[6.501,6.000999,10.999,6.999001],"texture":"#0"},"north":{"uv":[5.001,8.501,9.499,9.999],"texture":"#0"},"east":{"uv":[9.001,8.501,9.999,9.999],"texture":"#0"}}},{"from":[6.5,7.5,6],"to":[10,10.5,10],"faces":{"down":{"uv":[9.499,6.499001,6.001,6.000999],"texture":"#0"},"up":{"uv":[6.501,6.000999,9.999,6.499001],"texture":"#0"},"north":{"uv":[6.001,6.000999,9.499,8.499],"texture":"#0"},"south":{"uv":[6.501,6.000999,9.999,8.499],"texture":"#0"},"west":{"uv":[6.001,6.000999,6.499,8.499],"texture":"#0"},"east":{"uv":[9.501,6.000999,9.999,8.499],"texture":"#0"}}},{"from":[6.5,6,9],"to":[11,7.5,10],"faces":{"up":{"uv":[6.501,9.001,10.999,9.999],"texture":"#0"},"south":{"uv":[6.501,8.501,10.999,9.999],"texture":"#0"},"east":{"uv":[6.001,8.501,6.999,9.999],"texture":"#0"}}},{"from":[6.5,6,5],"to":[11,6.5,5.5],"faces":{"up":{"uv":[0.001,14.001,7.999,14.499],"texture":"#1"},"north":{"uv":[3.001,14.001,10.999,14.999],"texture":"#1"},"south":{"uv":[3.001,14.001,10.499,14.999],"texture":"#1"},"west":{"uv":[5.001,14.001,5.999,14.999],"texture":"#1"},"east":{"uv":[3.501,14.001,4.499,14.999],"texture":"#1"}}},{"from":[5,4,2],"to":[13,4.5,2.5],"faces":{"up":{"uv":[4.501,13.001,5.999,13.499],"texture":"#0"},"north":{"uv":[9.501,11.501,10.999,12.499],"texture":"#0"},"west":{"uv":[13.501,11.501,13.999,12.499],"texture":"#0"},"east":{"uv":[2.001,11.501,2.499,12.499],"texture":"#0"}}},{"from":[7,4.5,4.5],"to":[11.5,6,5],"faces":{"up":{"uv":[0.001,14.001,7.999,14.499],"texture":"#1"},"north":{"uv":[3.001,14.001,10.999,14.999],"texture":"#1"},"west":{"uv":[5.001,14.001,5.999,14.999],"texture":"#1"},"east":{"uv":[3.501,14.001,4.499,14.999],"texture":"#1"}}},{"from":[7,6,5.5],"to":[10.5,8,6],"faces":{"up":{"uv":[7.001,5.500999,10.499,5.999001],"texture":"#0"},"north":{"uv":[5.501,8.001,8.999,9.999],"texture":"#0"},"south":{"uv":[7.001,8.001,10.499,9.999],"texture":"#0"},"west":{"uv":[5.501,8.001,5.999,9.999],"texture":"#0"},"east":{"uv":[10.001,8.001,10.499,9.999],"texture":"#0"}}},{"from":[7,10,5.5],"to":[8,10.5,6],"faces":{"up":{"uv":[7.001,5.500999,8.999,5.999001],"texture":"#0"},"north":{"uv":[7.001,6.000999,8.999,6.499001],"texture":"#0"},"west":{"uv":[5.501,6.000999,5.999,6.499001],"texture":"#0"},"east":{"uv":[10.001,6.000999,10.499,6.499001],"texture":"#0"}}},{"from":[7,10.5,6],"to":[8.5,11.5,6.5],"faces":{"up":{"uv":[7.001,6.000999,8.499,6.499001],"texture":"#0"},"north":{"uv":[7.501,5.000999,8.999,5.999001],"texture":"#0"},"south":{"uv":[7.001,5.000999,8.499,5.999001],"texture":"#0"},"east":{"uv":[9.501,5.000999,9.999,5.999001],"texture":"#0"}}},{"from":[7,10,9.5],"to":[8,10.5,10.5],"faces":{"up":{"uv":[7.001,9.501,8.999,10.499],"texture":"#0"},"south":{"uv":[7.001,6.000999,8.999,6.499001],"texture":"#0"},"west":{"uv":[9.501,6.000999,10.499,6.499001],"texture":"#0"},"east":{"uv":[5.501,6.000999,6.499,6.499001],"texture":"#0"}}},{"from":[7,10.5,9.5],"to":[8.5,11.5,10],"faces":{"up":{"uv":[7.001,9.501,8.499,9.999],"texture":"#0"},"north":{"uv":[7.501,5.000999,8.999,5.999001],"texture":"#0"},"south":{"uv":[7.001,5.000999,8.499,5.999001],"texture":"#0"},"east":{"uv":[6.001,5.000999,6.499,5.999001],"texture":"#0"}}},{"from":[7,6,10],"to":[10,8.5,10.5],"faces":{"up":{"uv":[7.001,10.001,9.999,10.499],"texture":"#0"},"north":{"uv":[6.001,7.500999,8.999,9.999],"texture":"#0"},"south":{"uv":[7.001,7.500999,9.999,9.999],"texture":"#0"},"west":{"uv":[10.001,7.500999,10.499,9.999],"texture":"#0"},"east":{"uv":[5.501,7.500999,5.999,9.999],"texture":"#0"}}},{"from":[7,6.5,5],"to":[8,7,5.5],"faces":{"up":{"uv":[0.001,14.001,7.999,14.499],"texture":"#1"},"north":{"uv":[3.001,14.001,10.999,14.999],"texture":"#1"},"west":{"uv":[5.001,14.001,5.999,14.999],"texture":"#1"}}},{"from":[7.5,8,5.5],"to":[9,9.5,6],"faces":{"north":{"uv":[7.001,6.500999,8.499,7.999001],"texture":"#0"},"west":{"uv":[5.501,6.500999,5.999,7.999001],"texture":"#0"},"east":{"uv":[10.001,6.500999,10.499,7.999001],"texture":"#0"}}},{"from":[7.5,8.5,10],"to":[9,9.5,10.5],"faces":{"south":{"uv":[7.501,6.500999,8.999,7.499001],"texture":"#0"},"west":{"uv":[10.001,6.500999,10.499,7.499001],"texture":"#0"},"east":{"uv":[5.501,6.500999,5.999,7.499001],"texture":"#0"}}},{"from":[8,4,0.5],"to":[10,4.5,1],"faces":{"down":{"uv":[10.999,13.499,9.501,13.001],"texture":"#2"},"up":{"uv":[4.501,13.001,5.999,13.499],"texture":"#2"},"north":{"uv":[9.501,11.501,10.999,12.499],"texture":"#2"},"west":{"uv":[13.501,11.501,13.999,12.499],"texture":"#2"},"east":{"uv":[2.001,11.501,2.499,12.499],"texture":"#2"}}},{"from":[7.5,7,5],"to":[8,9.5,5.5],"faces":{"up":{"uv":[8.001,5.000999,8.499,5.499001],"texture":"#0"},"north":{"uv":[7.501,7.500999,7.999,9.999],"texture":"#0"},"south":{"uv":[8.001,7.500999,8.499,9.999],"texture":"#0"},"west":{"uv":[5.001,7.500999,5.499,9.999],"texture":"#0"},"east":{"uv":[10.501,7.500999,10.999,9.999],"texture":"#0"}}},{"from":[8,6,10.5],"to":[8.5,8.5,11],"faces":{"up":{"uv":[8.001,10.501,8.499,10.999],"texture":"#0"},"south":{"uv":[8.001,7.500999,8.499,9.999],"texture":"#0"},"west":{"uv":[10.501,7.500999,10.999,9.999],"texture":"#0"},"east":{"uv":[5.001,7.500999,5.499,9.999],"texture":"#0"}}},{"from":[8.5,6.5,5],"to":[9,8.5,5.5],"faces":{"up":{"uv":[8.501,5.000999,8.999,5.499001],"texture":"#0"},"north":{"uv":[7.001,8.001,7.499,9.999],"texture":"#0"},"south":{"uv":[8.501,8.001,8.999,9.999],"texture":"#0"},"east":{"uv":[10.501,8.001,10.999,9.999],"texture":"#0"}}},{"from":[8.5,10.5,6],"to":[9.5,11,6.5],"faces":{"up":{"uv":[8.501,6.000999,9.499,6.499001],"texture":"#0"},"north":{"uv":[6.501,5.500999,7.499,5.999001],"texture":"#0"},"east":{"uv":[9.501,5.500999,9.999,5.999001],"texture":"#0"}}},{"from":[8.5,10.5,9.5],"to":[9.5,11,10],"faces":{"up":{"uv":[8.501,9.501,9.499,9.999],"texture":"#0"},"south":{"uv":[8.501,5.500999,9.499,5.999001],"texture":"#0"},"east":{"uv":[6.001,5.500999,6.499,5.999001],"texture":"#0"}}},{"from":[8.5,6,10.5],"to":[9,8,11],"faces":{"up":{"uv":[8.501,10.501,8.999,10.999],"texture":"#0"},"south":{"uv":[8.501,8.001,8.999,9.999],"texture":"#0"},"east":{"uv":[5.001,8.001,5.499,9.999],"texture":"#0"}}},{"from":[7.5,4.5,1.5],"to":[10.5,5,2],"faces":{"up":{"uv":[4.501,13.001,5.999,13.499],"texture":"#0"},"north":{"uv":[9.501,11.501,10.999,12.499],"texture":"#0"},"west":{"uv":[13.501,11.501,13.999,12.499],"texture":"#0"},"east":{"uv":[2.001,11.501,2.499,12.499],"texture":"#0"}}},{"from":[9,6.5,5],"to":[9.5,8,5.5],"faces":{"up":{"uv":[9.001,5.000999,9.499,5.499001],"texture":"#0"},"north":{"uv":[6.501,8.501,6.999,9.999],"texture":"#0"},"east":{"uv":[10.501,8.501,10.999,9.999],"texture":"#0"}}},{"from":[9,8,5.5],"to":[9.5,9,6],"faces":{"up":{"uv":[9.001,5.500999,9.499,5.999001],"texture":"#0"},"north":{"uv":[6.501,7.000999,6.999,7.999001],"texture":"#0"},"east":{"uv":[10.001,7.000999,10.499,7.999001],"texture":"#0"}}},{"from":[9,8.5,10],"to":[9.5,9,10.5],"faces":{"up":{"uv":[9.001,10.001,9.499,10.499],"texture":"#0"},"south":{"uv":[9.001,7.000999,9.499,7.499001],"texture":"#0"},"east":{"uv":[5.501,7.000999,5.999,7.499001],"texture":"#0"}}},{"from":[9,6,10.5],"to":[9.5,7.5,11],"faces":{"up":{"uv":[9.001,10.501,9.499,10.999],"texture":"#0"},"south":{"uv":[9.001,8.501,9.499,9.999],"texture":"#0"},"east":{"uv":[5.001,8.501,5.499,9.999],"texture":"#0"}}},{"from":[9.5,6.5,5],"to":[10,7.5,5.5],"faces":{"up":{"uv":[9.501,5.000999,9.999,5.499001],"texture":"#0"},"north":{"uv":[6.001,9.001,6.499,9.999],"texture":"#0"},"east":{"uv":[10.501,9.001,10.999,9.999],"texture":"#0"}}},{"from":[9.5,8,5.5],"to":[10,8.5,6],"faces":{"up":{"uv":[9.501,5.500999,9.999,5.999001],"texture":"#0"},"north":{"uv":[6.001,7.500999,6.499,7.999001],"texture":"#0"},"east":{"uv":[10.001,7.500999,10.499,7.999001],"texture":"#0"}}},{"from":[9.5,6,10.5],"to":[10,7,11],"faces":{"up":{"uv":[9.501,10.501,9.999,10.999],"texture":"#0"},"south":{"uv":[9.501,9.001,9.999,9.999],"texture":"#0"},"east":{"uv":[5.001,9.001,5.499,9.999],"texture":"#0"}}},{"from":[10,7.5,6],"to":[10.5,9,6.5],"faces":{"up":{"uv":[10.001,6.000999,10.499,6.499001],"texture":"#0"},"north":{"uv":[5.501,7.000999,5.999,8.499],"texture":"#0"},"south":{"uv":[10.001,7.000999,10.499,8.499],"texture":"#0"},"east":{"uv":[9.501,7.000999,9.999,8.499],"texture":"#0"}}},{"from":[12,3,9.5],"to":[16,3.5,10.5],"faces":{"down":{"uv":[5.999,10.499,0.5009999,9.501],"texture":"#2"},"up":{"uv":[10.001,9.501,15.499,10.499],"texture":"#2"},"north":{"uv":[0.501,12.001,5.999,12.499],"texture":"#2"},"south":{"uv":[10.001,12.001,15.499,12.499],"texture":"#2"},"west":{"uv":[9.501,12.001,10.499,12.499],"texture":"#2"},"east":{"uv":[5.501,12.001,6.499,12.499],"texture":"#2"}}},{"from":[10,7.5,9.5],"to":[10.5,8,10.5],"faces":{"down":{"uv":[5.999,10.499,5.501,9.501],"texture":"#0"},"up":{"uv":[10.001,9.501,10.499,10.499],"texture":"#0"},"south":{"uv":[10.001,8.001,10.499,8.499],"texture":"#0"},"west":{"uv":[9.501,8.001,10.499,8.499],"texture":"#0"},"east":{"uv":[5.501,8.001,6.499,8.499],"texture":"#0"}}},{"from":[10,8,9.5],"to":[10.5,9,10],"faces":{"up":{"uv":[10.001,9.501,10.499,9.999],"texture":"#0"},"south":{"uv":[10.001,7.000999,10.499,7.999001],"texture":"#0"},"east":{"uv":[6.001,7.000999,6.499,7.999001],"texture":"#0"}}},{"from":[10,6.5,10],"to":[10.5,7.5,10.5],"faces":{"down":{"uv":[5.999,10.499,5.501,10.001],"texture":"#0"},"south":{"uv":[10.001,8.501,10.499,9.499],"texture":"#0"},"east":{"uv":[5.501,8.501,5.999,9.499],"texture":"#0"}}},{"from":[10.5,6,5.5],"to":[11,7,6],"faces":{"up":{"uv":[10.501,5.500999,10.999,5.999001],"texture":"#0"},"north":{"uv":[5.001,9.001,5.499,9.999],"texture":"#0"},"east":{"uv":[10.001,9.001,10.499,9.999],"texture":"#0"}}},{"from":[10.5,7.5,6],"to":[11,8,6.5],"faces":{"up":{"uv":[10.501,6.000999,10.999,6.499001],"texture":"#0"},"north":{"uv":[5.001,8.001,5.499,8.499],"texture":"#0"},"east":{"uv":[9.501,8.001,9.999,8.499],"texture":"#0"}}},{"from":[10.5,8,6.5],"to":[11,8.5,7.5],"faces":{"up":{"uv":[10.501,6.500999,10.999,7.499001],"texture":"#0"},"north":{"uv":[5.001,7.500999,5.499,7.999001],"texture":"#0"},"east":{"uv":[8.501,7.500999,9.499,7.999001],"texture":"#0"}}},{"from":[10.5,8.5,7],"to":[11,9.5,7.5],"faces":{"up":{"uv":[10.501,7.000999,10.999,7.499001],"texture":"#0"},"north":{"uv":[5.001,7.000999,5.499,7.499001],"texture":"#0"},"south":{"uv":[10.501,7.000999,10.999,7.499001],"texture":"#0"},"east":{"uv":[8.501,7.000999,8.999,7.499001],"texture":"#0"}}},{"from":[10.5,9,7.5],"to":[11,10,8.5],"faces":{"up":{"uv":[10.501,7.500999,10.999,8.499],"texture":"#0"},"north":{"uv":[5.001,6.500999,5.499,6.999001],"texture":"#0"},"south":{"uv":[10.501,6.500999,10.999,6.999001],"texture":"#0"},"east":{"uv":[7.501,6.500999,8.499,6.999001],"texture":"#0"}}},{"from":[10.5,8,8.5],"to":[11,8.5,9.5],"faces":{"up":{"uv":[10.501,8.501,10.999,9.499],"texture":"#0"},"south":{"uv":[10.501,7.500999,10.999,7.999001],"texture":"#0"},"east":{"uv":[6.501,7.500999,7.499,7.999001],"texture":"#0"}}},{"from":[10.5,8.5,8.5],"to":[11,9.5,9],"faces":{"up":{"uv":[10.501,8.501,10.999,8.999],"texture":"#0"},"north":{"uv":[5.001,7.000999,5.499,7.499001],"texture":"#0"},"south":{"uv":[10.501,7.000999,10.999,7.499001],"texture":"#0"},"east":{"uv":[7.001,7.000999,7.499,7.499001],"texture":"#0"}}},{"from":[10.5,7.5,9.5],"to":[11,8,10],"faces":{"up":{"uv":[10.501,9.501,10.999,9.999],"texture":"#0"},"south":{"uv":[10.501,8.001,10.999,8.499],"texture":"#0"},"east":{"uv":[6.001,8.001,6.499,8.499],"texture":"#0"}}},{"from":[10.5,6,10],"to":[11,7,10.5],"faces":{"up":{"uv":[10.501,10.001,10.999,10.499],"texture":"#0"},"south":{"uv":[10.501,9.001,10.999,9.999],"texture":"#0"},"west":{"uv":[10.001,9.001,10.499,9.999],"texture":"#0"},"east":{"uv":[5.501,9.001,5.999,9.999],"texture":"#0"}}},{"from":[3.5,4,4.5],"to":[14.5,4.5,5.5],"faces":{"down":{"uv":[5.499,11.499,0.5009999,10.501],"texture":"#0"},"up":{"uv":[10.501,10.501,15.499,11.499],"texture":"#0"},"north":{"uv":[0.501,12.001,5.499,12.499],"texture":"#0"},"west":{"uv":[10.501,12.001,11.499,12.499],"texture":"#0"},"east":{"uv":[4.501,12.001,5.499,12.499],"texture":"#0"}}},{"from":[11,6,5.5],"to":[11.5,6.5,7],"faces":{"down":{"uv":[4.999,6.999001,4.501,5.500999],"texture":"#0"},"up":{"uv":[11.001,5.500999,11.499,6.999001],"texture":"#0"},"north":{"uv":[4.501,9.501,4.999,9.999],"texture":"#0"},"west":{"uv":[5.501,9.501,6.999,9.999],"texture":"#0"},"east":{"uv":[9.001,9.501,10.499,9.999],"texture":"#0"}}},{"from":[11,6.5,6],"to":[11.5,7,7],"faces":{"up":{"uv":[11.001,6.000999,11.499,6.999001],"texture":"#0"},"north":{"uv":[4.501,9.001,4.999,9.499],"texture":"#0"},"east":{"uv":[9.001,9.001,9.999,9.499],"texture":"#0"}}},{"from":[11,7,6.5],"to":[11.5,7.5,7],"faces":{"up":{"uv":[11.001,6.500999,11.499,6.999001],"texture":"#0"},"north":{"uv":[4.501,8.501,4.999,8.999],"texture":"#0"},"east":{"uv":[9.001,8.501,9.499,8.999],"texture":"#0"}}},{"from":[11,7.5,7],"to":[11.5,8,9],"faces":{"up":{"uv":[11.001,7.000999,11.499,8.999],"texture":"#0"},"north":{"uv":[4.501,8.001,4.999,8.499],"texture":"#0"},"south":{"uv":[11.001,8.001,11.499,8.499],"texture":"#0"},"east":{"uv":[7.001,8.001,8.999,8.499],"texture":"#0"}}},{"from":[11,8,7.5],"to":[11.5,8.5,8.5],"faces":{"up":{"uv":[11.001,7.500999,11.499,8.499],"texture":"#0"},"north":{"uv":[4.501,7.500999,4.999,7.999001],"texture":"#0"},"south":{"uv":[11.001,7.500999,11.499,7.999001],"texture":"#0"},"east":{"uv":[7.501,7.500999,8.499,7.999001],"texture":"#0"}}},{"from":[11,6,9],"to":[11.5,6.5,10.5],"faces":{"down":{"uv":[4.999,10.499,4.501,9.001],"texture":"#0"},"up":{"uv":[11.001,9.001,11.499,10.499],"texture":"#0"},"south":{"uv":[11.001,9.501,11.499,9.999],"texture":"#0"},"west":{"uv":[9.001,9.501,10.499,9.999],"texture":"#0"},"east":{"uv":[5.501,9.501,6.999,9.999],"texture":"#0"}}},{"from":[11,6.5,9],"to":[11.5,7,10],"faces":{"up":{"uv":[11.001,9.001,11.499,9.999],"texture":"#0"},"south":{"uv":[11.001,9.001,11.499,9.499],"texture":"#0"},"east":{"uv":[6.001,9.001,6.999,9.499],"texture":"#0"}}},{"from":[11,7,9],"to":[11.5,7.5,9.5],"faces":{"up":{"uv":[11.001,9.001,11.499,9.499],"texture":"#0"},"south":{"uv":[11.001,8.501,11.499,8.999],"texture":"#0"},"east":{"uv":[6.501,8.501,6.999,8.999],"texture":"#0"}}},{"from":[9.5,3.5,12],"to":[14.5,4,12.5],"faces":{"down":{"uv":[4.999,12.499,1.501,11.501],"texture":"#2"},"up":{"uv":[11.001,11.501,14.499,12.499],"texture":"#2"},"north":{"uv":[1.501,12.001,4.999,12.499],"texture":"#2"},"south":{"uv":[11.001,12.001,14.499,12.499],"texture":"#2"},"west":{"uv":[11.501,12.001,12.499,12.499],"texture":"#2"},"east":{"uv":[3.501,12.001,4.499,12.499],"texture":"#2"}}},{"from":[11.5,6,6.5],"to":[12,6.5,9.5],"faces":{"down":{"uv":[4.499,9.499,4.001,6.500999],"texture":"#0"},"up":{"uv":[11.501,6.500999,11.999,9.499],"texture":"#0"},"north":{"uv":[4.001,9.501,4.499,9.999],"texture":"#0"},"south":{"uv":[11.501,9.501,11.999,9.999],"texture":"#0"},"west":{"uv":[6.501,9.501,9.499,9.999],"texture":"#0"},"east":{"uv":[6.501,9.501,9.499,9.999],"texture":"#0"}}},{"from":[11.5,6.5,7],"to":[12,7,9],"faces":{"up":{"uv":[11.501,7.000999,11.999,8.999],"texture":"#0"},"north":{"uv":[4.001,9.001,4.499,9.499],"texture":"#0"},"south":{"uv":[11.501,9.001,11.999,9.499],"texture":"#0"},"east":{"uv":[7.001,9.001,8.999,9.499],"texture":"#0"}}},{"from":[11.5,7,7.5],"to":[12,7.5,8.5],"faces":{"up":{"uv":[11.501,7.500999,11.999,8.499],"texture":"#0"},"north":{"uv":[4.001,8.501,4.499,8.999],"texture":"#0"},"south":{"uv":[11.501,8.501,11.999,8.999],"texture":"#0"},"east":{"uv":[7.501,8.501,8.499,8.999],"texture":"#0"}}},{"from":[4.5,3.5,13],"to":[13.5,4,13.5],"faces":{"down":{"uv":[4.499,13.499,2.501,12.501],"texture":"#2"},"south":{"uv":[11.501,12.001,13.499,12.499],"texture":"#2"},"west":{"uv":[12.501,12.001,13.499,12.499],"texture":"#2"},"east":{"uv":[2.501,12.001,3.499,12.499],"texture":"#2"}}},{"from":[12,6,7.5],"to":[12.5,6.5,8.5],"faces":{"up":{"uv":[12.001,7.500999,12.499,8.499],"texture":"#0"},"north":{"uv":[3.501,9.501,3.999,9.999],"texture":"#0"},"south":{"uv":[12.001,9.501,12.499,9.999],"texture":"#0"},"east":{"uv":[7.501,9.501,8.499,9.999],"texture":"#0"}}},{"from":[5,3.5,13.5],"to":[13,4,14],"faces":{"down":{"uv":[10.999,13.499,9.501,13.001],"texture":"#2"},"south":{"uv":[5.001,11.501,6.499,12.499],"texture":"#2"},"west":{"uv":[13.501,11.501,13.999,12.499],"texture":"#2"},"east":{"uv":[2.001,11.501,2.499,12.499],"texture":"#2"}}},{"from":[12.5,4.5,6.5],"to":[13,5.5,7],"faces":{"up":{"uv":[0.001,14.001,7.999,14.499],"texture":"#1"},"north":{"uv":[3.001,14.251,10.749,14.999],"texture":"#1"},"east":{"uv":[3.501,14.251,4.499,14.999],"texture":"#1"}}},{"from":[12.5,4.5,7],"to":[13,6,9],"faces":{"down":{"uv":[5,9,6.248,9.497999],"texture":"#1"},"up":{"uv":[5,9,6.248,9.497999],"texture":"#1"},"north":{"uv":[5,9,6.248,9.497999],"texture":"#1"},"south":{"uv":[5,9,6.248,9.497999],"texture":"#1"},"west":{"uv":[5,9,6.248,9.497999],"texture":"#1"},"east":{"uv":[0,0,16,16],"texture":"#1"}}},{"from":[12.5,4.5,9],"to":[13,5.5,9.5],"faces":{"up":{"uv":[0.001,14.001,7.999,14.499],"texture":"#1"},"south":{"uv":[3.001,14.251,10.499,14.999],"texture":"#1"},"east":{"uv":[3.501,14.251,4.499,14.999],"texture":"#1"}}},{"from":[1.5,2.5,7],"to":[2,3,9],"faces":{"down":{"uv":[2.999,9.499,0.000999928,6.500999],"texture":"#2"},"up":{"uv":[13.001,6.500999,15.999,9.499],"texture":"#2"},"north":{"uv":[0.001,12.501,2.999,12.999],"texture":"#2"},"south":{"uv":[13.001,12.501,15.999,12.999],"texture":"#2"},"west":{"uv":[6.501,12.501,9.499,12.999],"texture":"#2"}}},{"from":[4.5,4,6.5],"to":[14,4.5,7.5],"faces":{"down":{"uv":[2.499,9.999,2.001,7.000999],"texture":"#0"},"up":{"uv":[13.501,7.000999,13.999,9.999],"texture":"#0"},"south":{"uv":[13.501,11.501,13.999,11.999],"texture":"#0"},"west":{"uv":[7.001,11.501,9.999,11.999],"texture":"#0"},"east":{"uv":[6.001,11.501,8.999,11.999],"texture":"#0"}}},{"from":[11,3,5],"to":[15.5,3.5,5.5],"faces":{"down":{"uv":[2.499,10.999,0.5009999,9.501],"texture":"#2"},"up":{"uv":[13.501,9.501,15.499,10.999],"texture":"#2"},"north":{"uv":[0.501,12.501,2.499,12.999],"texture":"#2"},"south":{"uv":[13.501,12.501,15.499,12.999],"texture":"#2"},"west":{"uv":[9.501,12.501,10.999,12.999],"texture":"#2"},"east":{"uv":[5.001,12.501,6.499,12.999],"texture":"#2"}}},{"from":[4,4,12],"to":[4.5,4.5,12.5],"faces":{"up":{"uv":[13.501,12.001,13.999,12.999],"texture":"#0"},"south":{"uv":[13.501,11.501,13.999,11.999],"texture":"#0"},"west":{"uv":[12.001,11.501,12.999,11.999],"texture":"#0"}}},{"from":[10,3.5,4],"to":[15,4,4.5],"faces":{"down":{"uv":[1.499,11.999,1.001,11.501],"texture":"#2"},"up":{"uv":[14.501,11.501,14.999,11.999],"texture":"#2"},"north":{"uv":[1.001,12.001,1.499,12.499],"texture":"#2"},"west":{"uv":[11.501,12.001,11.999,12.499],"texture":"#2"},"east":{"uv":[4.001,12.001,4.499,12.499],"texture":"#2"}}},{"from":[2,3,7.5],"to":[2.5,3.5,8.5],"faces":{"up":{"uv":[15.501,6.000999,15.999,6.499001],"texture":"#2"},"north":{"uv":[0.001,12.001,0.499,12.999],"texture":"#2"},"south":{"uv":[15.501,12.001,15.999,12.999],"texture":"#2"},"west":{"uv":[6.001,12.001,6.499,12.999],"texture":"#2"}}},{"from":[3.5,4,5.5],"to":[14.5,4.5,6.5],"faces":{"down":{"uv":[2.999,6.499001,2.501,5.000999],"texture":"#0"},"up":{"uv":[13.001,5.000999,13.499,6.499001],"texture":"#0"},"south":{"uv":[13.001,11.501,13.499,11.999],"texture":"#0"},"west":{"uv":[5.001,11.501,6.499,11.999],"texture":"#0"},"east":{"uv":[9.501,11.501,10.999,11.999],"texture":"#0"}}},{"from":[15,2.5,6.5],"to":[16,3,9.5],"faces":{"down":{"uv":[9.999999,8,7.499999,7],"texture":"#2"},"up":{"uv":[9.999999,8,7.499999,7],"texture":"#2"},"north":{"uv":[9.999999,8,7.499999,7],"texture":"#2"},"south":{"uv":[9.999999,8,7.499999,7],"texture":"#2"},"west":{"uv":[9.999999,8,7.499999,7],"texture":"#2"},"east":{"uv":[9.999999,8,7.499999,7],"texture":"#2"}}},{"from":[10.5,3.5,5],"to":[15,4,7],"faces":{"down":{"uv":[11.999,9.499,2.501,6.500999],"texture":"#0"},"up":{"uv":[4.001,6.500999,13.499,9.499],"texture":"#0"},"south":{"uv":[4.001,11.501,13.499,11.999],"texture":"#0"},"west":{"uv":[6.501,11.501,9.499,11.999],"texture":"#0"},"east":{"uv":[6.501,11.501,9.499,11.999],"texture":"#0"}}},{"from":[4.5,4,7.5],"to":[13.5,4.5,8.5],"faces":{"down":{"uv":[2.499,9.999,2.001,7.000999],"texture":"#2"},"up":{"uv":[13.501,7.000999,13.999,9.999],"texture":"#2"},"west":{"uv":[7.001,11.501,9.999,11.999],"texture":"#2"},"east":{"uv":[6.001,11.501,8.999,11.999],"texture":"#2"}}},{"from":[4,4,4],"to":[14,4.5,4.5],"faces":{"down":{"uv":[10.999,11.999,2.501,11.001],"texture":"#0"},"up":{"uv":[5.001,11.001,13.499,11.999],"texture":"#0"},"north":{"uv":[2.501,11.501,10.999,11.999],"texture":"#0"},"west":{"uv":[11.001,11.501,11.999,11.999],"texture":"#0"},"east":{"uv":[4.001,11.501,4.999,11.999],"texture":"#0"}}},{"from":[6.5,4.5,2],"to":[11.5,5,3],"faces":{"down":{"uv":[10.999,11.999,2.501,11.001],"texture":"#0"},"up":{"uv":[5.001,11.001,13.499,11.999],"texture":"#0"},"north":{"uv":[2.501,11.501,10.999,11.999],"texture":"#0"},"west":{"uv":[11.001,11.501,11.999,11.999],"texture":"#0"},"east":{"uv":[4.001,11.501,4.999,11.999],"texture":"#0"}}},{"from":[6,4.5,3],"to":[12,5,4],"faces":{"up":{"uv":[5.001,11.001,13.499,11.999],"texture":"#0"},"north":{"uv":[2.501,11.501,10.999,11.999],"texture":"#0"},"west":{"uv":[11.001,11.501,11.999,11.999],"texture":"#0"},"east":{"uv":[4.001,11.501,4.999,11.999],"texture":"#0"}}},{"from":[8,5,2],"to":[10,5.5,2.5],"faces":{"up":{"uv":[5.001,11.001,13.499,11.999],"texture":"#0"},"north":{"uv":[2.501,11.501,10.999,11.999],"texture":"#0"},"west":{"uv":[11.001,11.501,11.999,11.999],"texture":"#0"},"east":{"uv":[4.001,11.501,4.999,11.999],"texture":"#0"}}},{"from":[6.5,4,14.5],"to":[11.5,4.5,15],"faces":{"down":{"uv":[10.999,13.499,9.501,13.001],"texture":"#2"},"up":{"uv":[4.501,13.001,5.999,13.499],"texture":"#2"},"south":{"uv":[5.001,11.501,6.499,12.499],"texture":"#2"},"west":{"uv":[13.501,11.501,13.999,12.499],"texture":"#2"},"east":{"uv":[2.001,11.501,2.499,12.499],"texture":"#2"}}},{"from":[5.5,4.5,4],"to":[13,5,5.5],"faces":{"down":{"uv":[10.999,11.999,2.501,11.001],"texture":"#0"},"up":{"uv":[5.001,11.001,13.499,11.999],"texture":"#0"},"north":{"uv":[2.501,11.501,10.999,11.999],"texture":"#0"},"west":{"uv":[11.001,11.501,11.999,11.999],"texture":"#0"},"east":{"uv":[4.001,11.501,4.999,11.999],"texture":"#0"}}},{"from":[7,5,3.5],"to":[11,5.5,4.5],"faces":{"down":{"uv":[10.999,11.999,2.501,11.001],"texture":"#0"},"up":{"uv":[5.001,11.001,13.499,11.999],"texture":"#0"},"north":{"uv":[2.501,11.501,10.999,11.999],"texture":"#0"},"west":{"uv":[11.001,11.501,11.999,11.999],"texture":"#0"},"east":{"uv":[4.001,11.501,4.999,11.999],"texture":"#0"}}},{"from":[7.5,5,2.5],"to":[10.5,5.5,3.5],"faces":{"down":{"uv":[10.999,11.999,2.501,11.001],"texture":"#0"},"up":{"uv":[5.001,11.001,13.499,11.999],"texture":"#0"},"north":{"uv":[2.501,11.501,10.999,11.999],"texture":"#0"},"west":{"uv":[11.001,11.501,11.999,11.999],"texture":"#0"},"east":{"uv":[4.001,11.501,4.999,11.999],"texture":"#0"}}},{"from":[8.5,3.5,14.5],"to":[9.5,4,15],"faces":{"down":{"uv":[10.999,13.499,9.501,13.001],"texture":"#2"},"south":{"uv":[5.001,11.501,6.499,12.499],"texture":"#2"},"west":{"uv":[13.501,11.501,13.999,12.499],"texture":"#2"},"east":{"uv":[2.001,11.501,2.499,12.499],"texture":"#2"}}},{"from":[4.5,3.5,2.5],"to":[13.5,4,3],"faces":{"down":{"uv":[4.499,13.499,2.501,12.501],"texture":"#2"},"north":{"uv":[2.501,12.001,4.499,12.499],"texture":"#2"},"west":{"uv":[12.501,12.001,13.499,12.499],"texture":"#2"},"east":{"uv":[2.501,12.001,3.499,12.499],"texture":"#2"}}},{"from":[13.5,4,3.5],"to":[14,4.5,4],"faces":{"up":{"uv":[13.501,12.001,13.999,12.999],"texture":"#0"},"north":{"uv":[2.001,11.501,2.499,11.999],"texture":"#0"},"east":{"uv":[3.001,11.501,3.999,11.999],"texture":"#0"}}},{"from":[8,5,4],"to":[10,6,4.5],"faces":{"up":{"uv":[0.001,14.001,7.999,14.499],"texture":"#1"},"north":{"uv":[3.001,14.001,10.999,14.999],"texture":"#1"},"west":{"uv":[5.001,14.001,5.999,14.999],"texture":"#1"},"east":{"uv":[3.501,14.001,4.499,14.999],"texture":"#1"}}},{"from":[15.5,3,7.5],"to":[16,3.5,8.5],"faces":{"up":{"uv":[9.999999,8,7.499999,7],"texture":"#2"},"north":{"uv":[9.999999,8,7.499999,7],"texture":"#2"},"south":{"uv":[9.999999,8,7.499999,7],"texture":"#2"},"east":{"uv":[9.999999,8,7.499999,7],"texture":"#2"}}},{"from":[16,2.5,7],"to":[16.5,3,9],"faces":{"down":{"uv":[9.999999,8,7.499999,7],"texture":"#2"},"up":{"uv":[9.999999,8,7.499999,7],"texture":"#2"},"north":{"uv":[9.999999,8,7.499999,7],"texture":"#2"},"south":{"uv":[9.999999,8,7.499999,7],"texture":"#2"},"east":{"uv":[9.999999,8,7.499999,7],"texture":"#2"}}},{"from":[10.5,3.5,9],"to":[15,4,11],"faces":{"down":{"uv":[11.999,9.499,2.501,6.500999],"texture":"#0"},"up":{"uv":[4.001,6.500999,13.499,9.499],"texture":"#0"},"north":{"uv":[2.501,11.501,11.999,11.999],"texture":"#0"},"west":{"uv":[6.501,11.501,9.499,11.999],"texture":"#0"},"east":{"uv":[6.501,11.501,9.499,11.999],"texture":"#0"}}},{"from":[11,3,10.5],"to":[15.5,3.5,11],"faces":{"down":{"uv":[2.499,10.999,0.5009999,9.501],"texture":"#2"},"up":{"uv":[13.501,9.501,15.499,10.999],"texture":"#2"},"north":{"uv":[0.501,12.501,2.499,12.999],"texture":"#2"},"south":{"uv":[13.501,12.501,15.499,12.999],"texture":"#2"},"west":{"uv":[9.501,12.501,10.999,12.999],"texture":"#2"},"east":{"uv":[5.001,12.501,6.499,12.999],"texture":"#2"}}},{"from":[3.5,4,9.5],"to":[14.5,4.5,10.5],"faces":{"down":{"uv":[2.999,6.499001,2.501,5.000999],"texture":"#0"},"up":{"uv":[13.001,5.000999,13.499,6.499001],"texture":"#0"},"north":{"uv":[2.501,11.501,2.999,11.999],"texture":"#0"},"west":{"uv":[5.001,11.501,6.499,11.999],"texture":"#0"},"east":{"uv":[9.501,11.501,10.999,11.999],"texture":"#0"}}},{"from":[5,4.5,9],"to":[13.5,5,10.5],"faces":{"down":{"uv":[10.999,11.999,2.501,11.001],"texture":"#0"},"up":{"uv":[5.001,11.001,13.499,11.999],"texture":"#0"},"north":{"uv":[2.501,11.501,10.999,11.999],"texture":"#0"},"south":{"uv":[5.001,11.501,13.499,11.999],"texture":"#0"},"west":{"uv":[11.001,11.501,11.999,11.999],"texture":"#0"},"east":{"uv":[4.001,11.501,4.999,11.999],"texture":"#0"}}},{"from":[3.5,4,10.5],"to":[14.5,4.5,11.5],"faces":{"down":{"uv":[5.499,11.499,0.5009999,10.501],"texture":"#0"},"up":{"uv":[10.501,10.501,15.499,11.499],"texture":"#0"},"south":{"uv":[10.501,12.001,15.499,12.499],"texture":"#0"},"west":{"uv":[10.501,12.001,11.499,12.499],"texture":"#0"},"east":{"uv":[4.501,12.001,5.499,12.499],"texture":"#0"}}},{"from":[10,3.5,11.5],"to":[15,4,12],"faces":{"down":{"uv":[1.499,11.999,1.001,11.501],"texture":"#2"},"up":{"uv":[14.501,11.501,14.999,11.999],"texture":"#2"},"south":{"uv":[14.501,12.001,14.999,12.499],"texture":"#2"},"west":{"uv":[11.501,12.001,11.999,12.499],"texture":"#2"},"east":{"uv":[4.001,12.001,4.499,12.499],"texture":"#2"}}},{"from":[5.5,4.5,10.5],"to":[13,5,12],"faces":{"down":{"uv":[10.999,11.999,2.501,11.001],"texture":"#0"},"up":{"uv":[5.001,11.001,13.499,11.999],"texture":"#0"},"south":{"uv":[5.001,11.501,13.499,11.999],"texture":"#0"},"west":{"uv":[11.001,11.501,11.999,11.999],"texture":"#0"},"east":{"uv":[4.001,11.501,4.999,11.999],"texture":"#0"}}},{"from":[4,4,11.5],"to":[14,4.5,12],"faces":{"down":{"uv":[10.999,11.999,2.501,11.001],"texture":"#0"},"up":{"uv":[5.001,11.001,13.499,11.999],"texture":"#0"},"south":{"uv":[5.001,11.501,13.499,11.999],"texture":"#0"},"west":{"uv":[11.001,11.501,11.999,11.999],"texture":"#0"},"east":{"uv":[4.001,11.501,4.999,11.999],"texture":"#0"}}},{"from":[13.5,4,12],"to":[14,4.5,12.5],"faces":{"up":{"uv":[13.501,12.001,13.999,12.999],"texture":"#0"},"south":{"uv":[13.501,11.501,13.999,11.999],"texture":"#0"},"east":{"uv":[3.001,11.501,3.999,11.999],"texture":"#0"}}},{"from":[4.5,4,12],"to":[13.5,4.5,13.5],"faces":{"down":{"uv":[11.499,13.499,2.501,12.001],"texture":"#0"},"up":{"uv":[4.501,12.001,13.499,13.499],"texture":"#0"},"south":{"uv":[4.501,11.501,13.499,11.999],"texture":"#0"},"west":{"uv":[12.001,11.501,13.499,11.999],"texture":"#0"},"east":{"uv":[2.501,11.501,3.999,11.999],"texture":"#0"}}},{"from":[6,4.5,12],"to":[12,5,13],"faces":{"up":{"uv":[5.001,11.001,13.499,11.999],"texture":"#0"},"south":{"uv":[5.001,11.501,13.499,11.999],"texture":"#0"},"west":{"uv":[11.001,11.501,11.999,11.999],"texture":"#0"},"east":{"uv":[4.001,11.501,4.999,11.999],"texture":"#0"}}},{"from":[5,4,13.5],"to":[13,4.5,14],"faces":{"up":{"uv":[4.501,13.001,5.999,13.499],"texture":"#0"},"south":{"uv":[5.001,11.501,6.499,12.499],"texture":"#0"},"west":{"uv":[13.501,11.501,13.999,12.499],"texture":"#0"},"east":{"uv":[2.001,11.501,2.499,12.499],"texture":"#0"}}},{"from":[6,4,14],"to":[12.5,4.5,14.5],"faces":{"down":{"uv":[10.999,13.499,9.501,13.001],"texture":"#2"},"up":{"uv":[4.501,13.001,5.999,13.499],"texture":"#2"},"south":{"uv":[5.001,11.501,6.499,12.499],"texture":"#2"},"west":{"uv":[13.501,11.501,13.999,12.499],"texture":"#2"},"east":{"uv":[2.001,11.501,2.499,12.499],"texture":"#2"}}},{"from":[6.5,4.5,13],"to":[11.5,5,14],"faces":{"down":{"uv":[10.999,11.999,2.501,11.001],"texture":"#0"},"up":{"uv":[5.001,11.001,13.499,11.999],"texture":"#0"},"south":{"uv":[5.001,11.501,13.499,11.999],"texture":"#0"},"west":{"uv":[11.001,11.501,11.999,11.999],"texture":"#0"},"east":{"uv":[4.001,11.501,4.999,11.999],"texture":"#0"}}},{"from":[7.5,4.5,14],"to":[10.5,5,14.5],"faces":{"up":{"uv":[4.501,13.001,5.999,13.499],"texture":"#0"},"south":{"uv":[5.001,11.501,6.499,12.499],"texture":"#0"},"west":{"uv":[13.501,11.501,13.999,12.499],"texture":"#0"},"east":{"uv":[2.001,11.501,2.499,12.499],"texture":"#0"}}},{"from":[8,4,15],"to":[10,4.5,15.5],"faces":{"down":{"uv":[10.999,13.499,9.501,13.001],"texture":"#2"},"up":{"uv":[4.501,13.001,5.999,13.499],"texture":"#2"},"south":{"uv":[5.001,11.501,6.499,12.499],"texture":"#2"},"west":{"uv":[13.501,11.501,13.999,12.499],"texture":"#2"},"east":{"uv":[2.001,11.501,2.499,12.499],"texture":"#2"}}},{"from":[7,5,11.5],"to":[11,5.5,12.5],"faces":{"down":{"uv":[10.999,11.999,2.501,11.001],"texture":"#0"},"up":{"uv":[5.001,11.001,13.499,11.999],"texture":"#0"},"south":{"uv":[5.001,11.501,13.499,11.999],"texture":"#0"},"west":{"uv":[11.001,11.501,11.999,11.999],"texture":"#0"},"east":{"uv":[4.001,11.501,4.999,11.999],"texture":"#0"}}},{"from":[7.5,5,12.5],"to":[10.5,5.5,13.5],"faces":{"down":{"uv":[10.999,11.999,2.501,11.001],"texture":"#0"},"up":{"uv":[5.001,11.001,13.499,11.999],"texture":"#0"},"south":{"uv":[5.001,11.501,13.499,11.999],"texture":"#0"},"west":{"uv":[11.001,11.501,11.999,11.999],"texture":"#0"},"east":{"uv":[4.001,11.501,4.999,11.999],"texture":"#0"}}},{"from":[8,5,13.5],"to":[10,5.5,14],"faces":{"up":{"uv":[5.001,11.001,13.499,11.999],"texture":"#0"},"south":{"uv":[5.001,11.501,13.499,11.999],"texture":"#0"},"west":{"uv":[11.001,11.501,11.999,11.999],"texture":"#0"},"east":{"uv":[4.001,11.501,4.999,11.999],"texture":"#0"}}},{"from":[8,5,11.5],"to":[10,6,12],"faces":{"up":{"uv":[0.001,14.001,7.999,14.499],"texture":"#1"},"south":{"uv":[3.001,14.001,10.499,14.999],"texture":"#1"},"west":{"uv":[5.001,14.001,5.999,14.999],"texture":"#1"},"east":{"uv":[3.501,14.001,4.499,14.999],"texture":"#1"}}},{"from":[6.5,4.5,10.5],"to":[12,6,11],"faces":{"up":{"uv":[0.001,14.001,7.999,14.499],"texture":"#1"},"south":{"uv":[3.001,14.001,10.499,14.999],"texture":"#1"},"west":{"uv":[5.001,14.001,5.999,14.999],"texture":"#1"},"east":{"uv":[3.501,14.001,4.499,14.999],"texture":"#1"}}},{"from":[7,4.5,11],"to":[11.5,6,11.5],"faces":{"up":{"uv":[0.001,14.001,7.999,14.499],"texture":"#1"},"south":{"uv":[3.001,14.001,10.499,14.999],"texture":"#1"},"west":{"uv":[5.001,14.001,5.999,14.999],"texture":"#1"},"east":{"uv":[3.501,14.001,4.499,14.999],"texture":"#1"}}},{"from":[7,6,4.5],"to":[10.5,6.5,5],"faces":{"up":{"uv":[0.001,14.001,7.999,14.499],"texture":"#1"},"north":{"uv":[3.001,14.001,10.999,14.999],"texture":"#1"},"west":{"uv":[5.001,14.001,5.999,14.999],"texture":"#1"},"east":{"uv":[3.501,14.001,4.499,14.999],"texture":"#1"}}},{"from":[6,4.5,10],"to":[12.5,6,10.5],"faces":{"up":{"uv":[0.001,14.001,7.999,14.499],"texture":"#1"},"south":{"uv":[3.001,14.001,10.499,14.999],"texture":"#1"},"west":{"uv":[5.001,14.001,5.999,14.999],"texture":"#1"},"east":{"uv":[3.501,14.001,4.499,14.999],"texture":"#1"}}},{"from":[5.5,4.5,8.5],"to":[12.5,6,10],"faces":{"down":{"uv":[8.499,14.999,0.5009999,14.501],"texture":"#1"},"up":{"uv":[0.001,14.001,7.999,14.499],"texture":"#1"},"south":{"uv":[3.001,14.001,10.499,14.999],"texture":"#1"},"west":{"uv":[5.001,14.001,5.999,14.999],"texture":"#1"},"east":{"uv":[3.501,14.001,4.499,14.999],"texture":"#1"}}},{"from":[5,4.5,7.5],"to":[12.5,6,8.5],"faces":{"up":{"uv":[0.001,14.001,7.999,14.499],"texture":"#1"},"north":{"uv":[3.001,14.001,10.999,14.999],"texture":"#1"},"south":{"uv":[3.001,14.001,10.499,14.999],"texture":"#1"},"west":{"uv":[5.001,14.001,5.999,14.999],"texture":"#1"}}},{"from":[5.5,6,8.5],"to":[6.5,7.5,10],"faces":{"up":{"uv":[0.001,14.001,7.999,14.499],"texture":"#1"},"north":{"uv":[3.001,14.001,10.999,14.999],"texture":"#1"},"south":{"uv":[3.001,14.001,10.499,14.999],"texture":"#1"},"west":{"uv":[5.001,14.001,5.999,14.999],"texture":"#1"},"east":{"uv":[3.501,14.001,4.499,14.999],"texture":"#1"}}},{"from":[6,6,10],"to":[7,7,10.5],"faces":{"up":{"uv":[0.001,14.001,7.999,14.499],"texture":"#1"},"north":{"uv":[3.001,14.001,10.999,14.999],"texture":"#1"},"south":{"uv":[3.001,14.001,10.499,14.999],"texture":"#1"},"west":{"uv":[5.001,14.001,5.999,14.999],"texture":"#1"}}},{"from":[7,6.5,10.5],"to":[8,7,11],"faces":{"up":{"uv":[0.001,14.001,7.999,14.499],"texture":"#1"},"south":{"uv":[3.001,14.001,10.499,14.999],"texture":"#1"},"west":{"uv":[5.001,14.001,5.999,14.999],"texture":"#1"}}},{"from":[6.5,6,10.5],"to":[11,6.5,11],"faces":{"up":{"uv":[0.001,14.001,7.999,14.499],"texture":"#1"},"north":{"uv":[3.001,14.001,10.999,14.999],"texture":"#1"},"south":{"uv":[3.001,14.001,10.499,14.999],"texture":"#1"},"west":{"uv":[5.001,14.001,5.999,14.999],"texture":"#1"},"east":{"uv":[3.501,14.001,4.499,14.999],"texture":"#1"}}},{"from":[7,6,11],"to":[10.5,6.5,11.5],"faces":{"up":{"uv":[0.001,14.001,7.999,14.499],"texture":"#1"},"south":{"uv":[3.001,14.001,10.499,14.999],"texture":"#1"},"west":{"uv":[5.001,14.001,5.999,14.999],"texture":"#1"},"east":{"uv":[3.501,14.001,4.499,14.999],"texture":"#1"}}},{"from":[7,9.5,9.5],"to":[9,10,10.5],"faces":{"down":{"uv":[8.999,10.499,7.001,9.501],"texture":"#0"},"up":{"uv":[7.001,9.501,8.999,10.499],"texture":"#0"},"south":{"uv":[7.001,6.000999,8.999,6.499001],"texture":"#0"},"west":{"uv":[9.501,6.000999,10.499,6.499001],"texture":"#0"},"east":{"uv":[5.501,6.000999,6.499,6.499001],"texture":"#0"}}},{"from":[7,9.5,5.5],"to":[9,10,6],"faces":{"down":{"uv":[8.999,5.999001,7.001,5.500999],"texture":"#0"},"up":{"uv":[7.001,5.500999,8.999,5.999001],"texture":"#0"},"north":{"uv":[7.001,6.000999,8.999,6.499001],"texture":"#0"},"west":{"uv":[5.501,6.000999,5.999,6.499001],"texture":"#0"},"east":{"uv":[10.001,6.000999,10.499,6.499001],"texture":"#0"}}},{"from":[8,6.5,5],"to":[8.5,9,5.5],"faces":{"up":{"uv":[8.001,5.000999,8.499,5.499001],"texture":"#0"},"north":{"uv":[7.501,7.500999,7.999,9.999],"texture":"#0"},"south":{"uv":[8.001,7.500999,8.499,9.999],"texture":"#0"},"west":{"uv":[5.001,7.500999,5.499,9.999],"texture":"#0"},"east":{"uv":[10.501,7.500999,10.999,9.999],"texture":"#0"}}},{"from":[6,8,6.5],"to":[10.5,10.5,9.5],"faces":{"up":{"uv":[6.001,6.500999,10.499,7.499001],"texture":"#0"},"north":{"uv":[5.501,7.000999,9.999,7.999001],"texture":"#0"},"south":{"uv":[6.001,7.000999,10.499,7.999001],"texture":"#0"},"west":{"uv":[6.501,7.000999,7.499,7.999001],"texture":"#0"},"east":{"uv":[8.501,7.000999,9.499,7.999001],"texture":"#0"}}},{"from":[10,11,7.5],"to":[10.5,11.5,8.5],"faces":{"up":{"uv":[5.001,7.500999,10.499,8.499],"texture":"#0"},"north":{"uv":[5.501,6.000999,10.999,6.499001],"texture":"#0"},"south":{"uv":[5.001,6.000999,10.499,6.499001],"texture":"#0"},"east":{"uv":[7.501,6.000999,8.499,6.499001],"texture":"#0"}}},{"from":[7,13.5,7.5],"to":[9,14,8.5],"faces":{"up":{"uv":[2.001,7.500999,6.499,8.499],"texture":"#0"},"north":{"uv":[9.501,3.000999,13.999,3.499001],"texture":"#0"},"south":{"uv":[2.001,3.000999,6.499,3.499001],"texture":"#0"},"east":{"uv":[7.501,3.000999,8.499,3.499001],"texture":"#0"}}},{"from":[4.5,14,7.5],"to":[8.5,14.5,8.5],"faces":{"down":{"uv":[13.999,8.499,9.501,7.500999],"texture":"#0"},"up":{"uv":[2.001,7.500999,6.499,8.499],"texture":"#0"},"north":{"uv":[9.501,3.000999,13.999,3.499001],"texture":"#0"},"south":{"uv":[2.001,3.000999,6.499,3.499001],"texture":"#0"},"east":{"uv":[7.501,3.000999,8.499,3.499001],"texture":"#0"}}},{"from":[5,10.5,7],"to":[10.5,11,9],"faces":{"down":{"uv":[10.999,8.499,5.501,7.500999],"texture":"#0"},"up":{"uv":[5.001,7.500999,10.499,8.499],"texture":"#0"},"north":{"uv":[5.501,6.000999,10.999,6.499001],"texture":"#0"},"south":{"uv":[5.001,6.000999,10.499,6.499001],"texture":"#0"},"west":{"uv":[7.501,6.000999,8.499,6.499001],"texture":"#0"},"east":{"uv":[7.501,6.000999,8.499,6.499001],"texture":"#0"}}},{"from":[8,11,6.5],"to":[10,11.5,9.5],"faces":{"up":{"uv":[5.501,6.500999,9.999,7.499001],"texture":"#0"},"north":{"uv":[6.001,6.000999,10.499,6.499001],"texture":"#0"},"south":{"uv":[5.501,6.000999,9.999,6.499001],"texture":"#0"},"west":{"uv":[6.501,6.000999,7.499,6.499001],"texture":"#0"},"east":{"uv":[8.501,6.000999,9.499,6.499001],"texture":"#0"}}},{"from":[9.5,12,7.5],"to":[10,12.5,8.5],"faces":{"up":{"uv":[2.501,7.500999,9.499,8.499],"texture":"#0"},"north":{"uv":[6.501,4.500999,13.499,4.999001],"texture":"#0"},"south":{"uv":[2.501,4.500999,9.499,4.999001],"texture":"#0"},"east":{"uv":[7.501,4.500999,8.499,4.999001],"texture":"#0"}}},{"from":[4,15.5,7.5],"to":[5.5,16,8.5],"faces":{"up":{"uv":[2.001,7.500999,6.499,8.499],"texture":"#0"},"north":{"uv":[9.501,3.000999,13.999,3.499001],"texture":"#0"},"south":{"uv":[2.001,3.000999,6.499,3.499001],"texture":"#0"},"east":{"uv":[7.501,3.000999,8.499,3.499001],"texture":"#0"}}},{"from":[3.5,16,7.5],"to":[5,16.5,8.5],"faces":{"down":{"uv":[13.999,8.499,9.501,7.500999],"texture":"#0"},"up":{"uv":[2.001,7.500999,6.499,8.499],"texture":"#0"},"north":{"uv":[9.501,3.000999,13.999,3.499001],"texture":"#0"},"south":{"uv":[2.001,3.000999,6.499,3.499001],"texture":"#0"},"west":{"uv":[7.501,3.000999,8.499,3.499001],"texture":"#0"},"east":{"uv":[7.501,3.000999,8.499,3.499001],"texture":"#0"}}},{"from":[4,14.5,7.5],"to":[7.5,15,8.5],"faces":{"down":{"uv":[13.999,8.499,9.501,7.500999],"texture":"#0"},"up":{"uv":[2.001,7.500999,6.499,8.499],"texture":"#0"},"north":{"uv":[9.501,3.000999,13.999,3.499001],"texture":"#0"},"south":{"uv":[2.001,3.000999,6.499,3.499001],"texture":"#0"},"east":{"uv":[7.501,3.000999,8.499,3.499001],"texture":"#0"}}},{"from":[4,15,7.5],"to":[6.5,15.5,8.5],"faces":{"up":{"uv":[2.001,7.500999,6.499,8.499],"texture":"#0"},"north":{"uv":[9.501,3.000999,13.999,3.499001],"texture":"#0"},"south":{"uv":[2.001,3.000999,6.499,3.499001],"texture":"#0"},"east":{"uv":[7.501,3.000999,8.499,3.499001],"texture":"#0"}}},{"from":[5,13,7],"to":[8.5,13.5,9],"faces":{"up":{"uv":[2.001,7.000999,7.499,7.499001],"texture":"#0"},"north":{"uv":[8.501,3.500999,13.999,4.499001],"texture":"#0"},"south":{"uv":[2.001,3.500999,7.499,4.499001],"texture":"#0"},"east":{"uv":[8.501,3.500999,8.999,4.499001],"texture":"#0"}}},{"from":[4,14.5,6.5],"to":[5,15,9.5],"faces":{"up":{"uv":[3.001,8.501,8.999,8.999],"texture":"#0"},"north":{"uv":[7.001,4.500999,12.999,4.999001],"texture":"#0"},"south":{"uv":[3.001,4.500999,8.999,4.999001],"texture":"#0"},"west":{"uv":[8.501,4.500999,8.999,4.999001],"texture":"#0"},"east":{"uv":[7.001,4.500999,7.499,4.999001],"texture":"#0"}}},{"from":[4,13,7],"to":[4.5,14,9],"faces":{"down":{"uv":[12.999,8.999,7.001,8.501],"texture":"#0"},"north":{"uv":[7.001,4.500999,12.999,4.999001],"texture":"#0"},"south":{"uv":[3.001,4.500999,8.999,4.999001],"texture":"#0"},"west":{"uv":[8.501,4.500999,8.999,4.999001],"texture":"#0"}}},{"from":[3.5,14.5,8.5],"to":[4,16.5,9],"faces":{"down":{"uv":[12.999,8.999,7.001,8.501],"texture":"#0"},"up":{"uv":[3.001,8.501,8.999,8.999],"texture":"#0"},"north":{"uv":[7.001,4.500999,12.999,4.999001],"texture":"#0"},"south":{"uv":[3.001,4.500999,8.999,4.999001],"texture":"#0"},"west":{"uv":[8.501,4.500999,8.999,4.999001],"texture":"#0"},"east":{"uv":[7.001,4.500999,7.499,4.999001],"texture":"#0"}}},{"from":[4.5,13.5,7],"to":[8,14,9],"faces":{"down":{"uv":[13.999,7.499001,8.501,7.000999],"texture":"#0"},"up":{"uv":[2.001,7.000999,7.499,7.499001],"texture":"#0"},"north":{"uv":[8.501,3.500999,13.999,4.499001],"texture":"#0"},"south":{"uv":[2.001,3.500999,7.499,4.499001],"texture":"#0"},"east":{"uv":[8.501,3.500999,8.999,4.499001],"texture":"#0"}}},{"from":[4.5,14,7],"to":[7.5,14.5,9],"faces":{"up":{"uv":[2.001,7.000999,7.499,7.499001],"texture":"#0"},"north":{"uv":[8.501,3.500999,13.999,4.499001],"texture":"#0"},"south":{"uv":[2.001,3.500999,7.499,4.499001],"texture":"#0"},"east":{"uv":[8.501,3.500999,8.999,4.499001],"texture":"#0"}}},{"from":[4.5,14.5,7],"to":[6.5,15,9],"faces":{"up":{"uv":[2.001,7.000999,7.499,7.499001],"texture":"#0"},"north":{"uv":[8.501,3.500999,13.999,4.499001],"texture":"#0"},"south":{"uv":[2.001,3.500999,7.499,4.499001],"texture":"#0"},"east":{"uv":[8.501,3.500999,8.999,4.499001],"texture":"#0"}}},{"from":[4,15,7],"to":[5.5,15.5,9],"faces":{"down":{"uv":[13.999,7.499001,8.501,7.000999],"texture":"#0"},"up":{"uv":[2.001,7.000999,7.499,7.499001],"texture":"#0"},"north":{"uv":[8.501,3.500999,13.999,4.499001],"texture":"#0"},"south":{"uv":[2.001,3.500999,7.499,4.499001],"texture":"#0"},"west":{"uv":[7.001,3.500999,7.499,4.499001],"texture":"#0"},"east":{"uv":[8.501,3.500999,8.999,4.499001],"texture":"#0"}}},{"from":[4.5,12,7],"to":[5,13,9],"faces":{"north":{"uv":[7.001,4.500999,12.999,4.999001],"texture":"#0"},"south":{"uv":[3.001,4.500999,8.999,4.999001],"texture":"#0"},"west":{"uv":[8.501,4.500999,8.999,4.999001],"texture":"#0"}}},{"from":[4.5,13,6.5],"to":[7.5,14,9.5],"faces":{"down":{"uv":[12.999,8.999,7.001,8.501],"texture":"#0"},"up":{"uv":[3.001,8.501,8.999,8.999],"texture":"#0"},"north":{"uv":[7.001,4.500999,12.999,4.999001],"texture":"#0"},"south":{"uv":[3.001,4.500999,8.999,4.999001],"texture":"#0"},"west":{"uv":[8.501,4.500999,8.999,4.999001],"texture":"#0"},"east":{"uv":[7.001,4.500999,7.499,4.999001],"texture":"#0"}}},{"from":[4,12.5,7.5],"to":[4.5,13,8.5],"faces":{"down":{"uv":[12.999,8.999,7.001,8.501],"texture":"#0"},"north":{"uv":[7.001,4.500999,12.999,4.999001],"texture":"#0"},"south":{"uv":[3.001,4.500999,8.999,4.999001],"texture":"#0"},"west":{"uv":[8.501,4.500999,8.999,4.999001],"texture":"#0"}}},{"from":[3.5,13.5,7.5],"to":[4,16,8.5],"faces":{"down":{"uv":[12.999,8.999,7.001,8.501],"texture":"#0"},"north":{"uv":[7.001,4.500999,12.999,4.999001],"texture":"#0"},"south":{"uv":[3.001,4.500999,8.999,4.999001],"texture":"#0"},"west":{"uv":[8.501,4.500999,8.999,4.999001],"texture":"#0"},"east":{"uv":[7.001,4.500999,7.499,4.999001],"texture":"#0"}}},{"from":[4,14,6.5],"to":[6.5,14.5,9.5],"faces":{"down":{"uv":[12.999,8.999,7.001,8.501],"texture":"#0"},"up":{"uv":[3.001,8.501,8.999,8.999],"texture":"#0"},"north":{"uv":[7.001,4.500999,12.999,4.999001],"texture":"#0"},"south":{"uv":[3.001,4.500999,8.999,4.999001],"texture":"#0"},"west":{"uv":[8.501,4.500999,8.999,4.999001],"texture":"#0"},"east":{"uv":[7.001,4.500999,7.499,4.999001],"texture":"#0"}}},{"from":[3.5,14.5,7],"to":[4,16.5,7.5],"faces":{"down":{"uv":[12.999,8.999,7.001,8.501],"texture":"#0"},"up":{"uv":[3.001,8.501,8.999,8.999],"texture":"#0"},"north":{"uv":[7.001,4.500999,12.999,4.999001],"texture":"#0"},"south":{"uv":[3.001,4.500999,8.999,4.999001],"texture":"#0"},"west":{"uv":[8.501,4.500999,8.999,4.999001],"texture":"#0"},"east":{"uv":[7.001,4.500999,7.499,4.999001],"texture":"#0"}}},{"from":[5.5,8,7.5],"to":[11,9,8.5],"faces":{"down":{"uv":[10.499,8.499,5.001,7.500999],"texture":"#0"},"up":{"uv":[5.501,7.500999,10.999,8.499],"texture":"#0"},"north":{"uv":[5.001,7.000999,10.499,7.999001],"texture":"#0"},"south":{"uv":[5.501,7.000999,10.999,7.999001],"texture":"#0"},"west":{"uv":[7.501,7.000999,8.499,7.999001],"texture":"#0"},"east":{"uv":[7.501,7.000999,8.499,7.999001],"texture":"#0"}}},{"from":[5.5,10.5,6.5],"to":[6,11,9.5],"faces":{"down":{"uv":[10.499,8.499,5.001,7.500999],"texture":"#0"},"north":{"uv":[5.001,7.000999,10.499,7.999001],"texture":"#0"},"south":{"uv":[5.501,7.000999,10.999,7.999001],"texture":"#0"},"west":{"uv":[7.501,7.000999,8.499,7.999001],"texture":"#0"}}},{"from":[5.5,10,7],"to":[6,10.5,9],"faces":{"down":{"uv":[10.499,8.499,5.001,7.500999],"texture":"#0"},"north":{"uv":[5.001,7.000999,10.499,7.999001],"texture":"#0"},"south":{"uv":[5.501,7.000999,10.999,7.999001],"texture":"#0"},"west":{"uv":[7.501,7.000999,8.499,7.999001],"texture":"#0"}}},{"from":[5.5,9.5,7.5],"to":[6,10,8.5],"faces":{"down":{"uv":[10.499,8.499,5.001,7.500999],"texture":"#0"},"north":{"uv":[5.001,7.000999,10.499,7.999001],"texture":"#0"},"south":{"uv":[5.501,7.000999,10.999,7.999001],"texture":"#0"},"west":{"uv":[7.501,7.000999,8.499,7.999001],"texture":"#0"}}},{"from":[4.5,4,8.5],"to":[14,4.5,9.5],"faces":{"down":{"uv":[2.499,9.999,2.001,7.000999],"texture":"#0"},"up":{"uv":[13.501,7.000999,13.999,9.999],"texture":"#0"},"north":{"uv":[2.001,11.501,2.499,11.999],"texture":"#0"},"west":{"uv":[7.001,11.501,9.999,11.999],"texture":"#0"},"east":{"uv":[6.001,11.501,8.999,11.999],"texture":"#0"}}},{"from":[5,12,6.5],"to":[8.5,13,9.5],"faces":{"down":{"uv":[12.999,8.999,7.001,8.501],"texture":"#0"},"up":{"uv":[3.001,8.501,8.999,8.999],"texture":"#0"},"north":{"uv":[7.001,4.500999,12.999,4.999001],"texture":"#0"},"south":{"uv":[3.001,4.500999,8.999,4.999001],"texture":"#0"},"west":{"uv":[8.501,4.500999,8.999,4.999001],"texture":"#0"},"east":{"uv":[7.001,4.500999,7.499,4.999001],"texture":"#0"}}},{"from":[3,16.5,7.5],"to":[3.5,17,8.5],"faces":{"down":{"uv":[12.999,8.999,7.001,8.501],"texture":"#0"},"north":{"uv":[7.001,4.500999,12.999,4.999001],"texture":"#0"},"south":{"uv":[3.001,4.500999,8.999,4.999001],"texture":"#0"},"west":{"uv":[8.501,4.500999,8.999,4.999001],"texture":"#0"}}},{"from":[2,2.5,6.5],"to":[3,3,9.5],"faces":{"down":{"uv":[2.999,9.499,0.000999928,6.500999],"texture":"#2"},"up":{"uv":[13.001,6.500999,15.999,9.499],"texture":"#2"},"north":{"uv":[0.001,12.501,2.999,12.999],"texture":"#2"},"south":{"uv":[13.001,12.501,15.999,12.999],"texture":"#2"},"west":{"uv":[6.501,12.501,9.499,12.999],"texture":"#2"},"east":{"uv":[6.501,12.501,9.499,12.999],"texture":"#2"}}},{"from":[2.5,3,10.5],"to":[7,3.5,11],"faces":{"down":{"uv":[2.499,10.999,0.5009999,9.501],"texture":"#2"},"up":{"uv":[13.501,9.501,15.499,10.999],"texture":"#2"},"north":{"uv":[0.501,12.501,2.499,12.999],"texture":"#2"},"south":{"uv":[13.501,12.501,15.499,12.999],"texture":"#2"},"west":{"uv":[9.501,12.501,10.999,12.999],"texture":"#2"},"east":{"uv":[5.001,12.501,6.499,12.999],"texture":"#2"}}},{"from":[3,3.5,11],"to":[8,4,11.5],"faces":{"down":{"uv":[2.499,10.999,0.5009999,9.501],"texture":"#2"},"up":{"uv":[13.501,9.501,15.499,10.999],"texture":"#2"},"north":{"uv":[0.501,12.501,2.499,12.999],"texture":"#2"},"west":{"uv":[9.501,12.501,10.999,12.999],"texture":"#2"},"east":{"uv":[5.001,12.501,6.499,12.999],"texture":"#2"}}},{"from":[2.5,3,5],"to":[7,3.5,5.5],"faces":{"down":{"uv":[2.499,10.999,0.5009999,9.501],"texture":"#2"},"up":{"uv":[13.501,9.501,15.499,10.999],"texture":"#2"},"north":{"uv":[0.501,12.501,2.499,12.999],"texture":"#2"},"south":{"uv":[13.501,12.501,15.499,12.999],"texture":"#2"},"west":{"uv":[9.501,12.501,10.999,12.999],"texture":"#2"},"east":{"uv":[5.001,12.501,6.499,12.999],"texture":"#2"}}},{"from":[10,3.5,11],"to":[15,4,11.5],"faces":{"down":{"uv":[2.499,10.999,0.5009999,9.501],"texture":"#2"},"up":{"uv":[13.501,9.501,15.499,10.999],"texture":"#2"},"north":{"uv":[0.501,12.501,2.499,12.999],"texture":"#2"},"west":{"uv":[9.501,12.501,10.999,12.999],"texture":"#2"},"east":{"uv":[5.001,12.501,6.499,12.999],"texture":"#2"}}},{"from":[2,3,9.5],"to":[6,3.5,10.5],"faces":{"down":{"uv":[5.999,10.499,0.5009999,9.501],"texture":"#2"},"up":{"uv":[10.001,9.501,15.499,10.499],"texture":"#2"},"north":{"uv":[0.501,12.001,5.999,12.499],"texture":"#2"},"south":{"uv":[10.001,12.001,15.499,12.499],"texture":"#2"},"west":{"uv":[9.501,12.001,10.499,12.499],"texture":"#2"},"east":{"uv":[5.501,12.001,6.499,12.499],"texture":"#2"}}},{"from":[2.5,3,6.5],"to":[4.5,3.5,9.5],"faces":{"down":{"uv":[12.499,8.999,0.001000404,7.500999],"texture":"#2"},"up":{"uv":[3.501,7.500999,15.999,8.999],"texture":"#2"},"west":{"uv":[7.501,12.001,8.999,12.499],"texture":"#2"},"east":{"uv":[7.001,12.001,8.499,12.499],"texture":"#2"}}},{"from":[13.5,3,6.5],"to":[15.5,3.5,9.5],"faces":{"down":{"uv":[9.999999,8,7.499999,7],"texture":"#2"},"up":{"uv":[9.999999,8,7.499999,7],"texture":"#2"},"west":{"uv":[9.999999,8,7.499999,7],"texture":"#2"},"east":{"uv":[9.999999,8,7.499999,7],"texture":"#2"}}},{"from":[4.5,3,8.5],"to":[5.5,3.5,9.5],"faces":{"down":{"uv":[12.499,8.999,0.001000404,7.500999],"texture":"#2"},"up":{"uv":[3.501,7.500999,15.999,8.999],"texture":"#2"},"north":{"uv":[0.001,12.001,12.499,12.499],"texture":"#2"},"east":{"uv":[7.001,12.001,8.499,12.499],"texture":"#2"}}},{"from":[12.5,3,6.5],"to":[13.5,3.5,7.5],"faces":{"down":{"uv":[12.499,8.999,0.001000404,7.500999],"texture":"#2"},"up":{"uv":[3.501,7.500999,15.999,8.999],"texture":"#2"},"south":{"uv":[3.501,12.001,15.999,12.499],"texture":"#2"},"west":{"uv":[7.501,12.001,8.999,12.499],"texture":"#2"}}},{"from":[4.5,3,6.5],"to":[5.5,3.5,7.5],"faces":{"down":{"uv":[12.499,8.999,0.001000404,7.500999],"texture":"#2"},"up":{"uv":[3.501,7.500999,15.999,8.999],"texture":"#2"},"south":{"uv":[3.501,12.001,15.999,12.499],"texture":"#2"},"east":{"uv":[7.001,12.001,8.499,12.499],"texture":"#2"}}},{"from":[3,3.5,5],"to":[7.5,4,7],"faces":{"down":{"uv":[11.999,9.499,2.501,6.500999],"texture":"#0"},"up":{"uv":[4.001,6.500999,13.499,9.499],"texture":"#0"},"south":{"uv":[4.001,11.501,13.499,11.999],"texture":"#0"},"west":{"uv":[6.501,11.501,9.499,11.999],"texture":"#0"},"east":{"uv":[6.501,11.501,9.499,11.999],"texture":"#0"}}},{"from":[2,3,5.5],"to":[6,3.5,6.5],"faces":{"down":{"uv":[5.999,10.499,0.5009999,9.501],"texture":"#2"},"up":{"uv":[10.001,9.501,15.499,10.499],"texture":"#2"},"north":{"uv":[0.501,12.001,5.999,12.499],"texture":"#2"},"south":{"uv":[10.001,12.001,15.499,12.499],"texture":"#2"},"west":{"uv":[9.501,12.001,10.499,12.499],"texture":"#2"},"east":{"uv":[5.501,12.001,6.499,12.499],"texture":"#2"}}},{"from":[12,3,5.5],"to":[16,3.5,6.5],"faces":{"down":{"uv":[5.999,10.499,0.5009999,9.501],"texture":"#2"},"up":{"uv":[10.001,9.501,15.499,10.499],"texture":"#2"},"north":{"uv":[0.501,12.001,5.999,12.499],"texture":"#2"},"south":{"uv":[10.001,12.001,15.499,12.499],"texture":"#2"},"west":{"uv":[9.501,12.001,10.499,12.499],"texture":"#2"},"east":{"uv":[5.501,12.001,6.499,12.499],"texture":"#2"}}},{"from":[3,3.5,4.5],"to":[8,4,5],"faces":{"down":{"uv":[2.499,10.999,0.5009999,9.501],"texture":"#2"},"up":{"uv":[13.501,9.501,15.499,10.999],"texture":"#2"},"south":{"uv":[13.501,12.501,15.499,12.999],"texture":"#2"},"west":{"uv":[9.501,12.501,10.999,12.999],"texture":"#2"},"east":{"uv":[5.001,12.501,6.499,12.999],"texture":"#2"}}},{"from":[10,3.5,4.5],"to":[15,4,5],"faces":{"down":{"uv":[2.499,10.999,0.5009999,9.501],"texture":"#2"},"up":{"uv":[13.501,9.501,15.499,10.999],"texture":"#2"},"south":{"uv":[13.501,12.501,15.499,12.999],"texture":"#2"},"west":{"uv":[9.501,12.501,10.999,12.999],"texture":"#2"},"east":{"uv":[5.001,12.501,6.499,12.999],"texture":"#2"}}},{"from":[3,3.5,9],"to":[7.5,4,11],"faces":{"down":{"uv":[11.999,9.499,2.501,6.500999],"texture":"#0"},"up":{"uv":[4.001,6.500999,13.499,9.499],"texture":"#0"},"north":{"uv":[2.501,11.501,11.999,11.999],"texture":"#0"},"west":{"uv":[6.501,11.501,9.499,11.999],"texture":"#0"},"east":{"uv":[6.501,11.501,9.499,11.999],"texture":"#0"}}},{"from":[3.5,3.5,7],"to":[6.5,4,9],"faces":{"down":{"uv":[11.999,9.499,2.501,6.500999],"texture":"#2"},"up":{"uv":[4.001,6.500999,13.499,9.499],"texture":"#2"},"west":{"uv":[6.501,11.501,9.499,11.999],"texture":"#2"},"east":{"uv":[6.501,11.501,9.499,11.999],"texture":"#2"}}},{"from":[3,3.5,4],"to":[8,4,4.5],"faces":{"down":{"uv":[1.499,11.999,1.001,11.501],"texture":"#2"},"up":{"uv":[14.501,11.501,14.999,11.999],"texture":"#2"},"north":{"uv":[1.001,12.001,1.499,12.499],"texture":"#2"},"west":{"uv":[11.501,12.001,11.999,12.499],"texture":"#2"},"east":{"uv":[4.001,12.001,4.499,12.499],"texture":"#2"}}},{"from":[3.5,3.5,12],"to":[8.5,4,12.5],"faces":{"down":{"uv":[4.999,12.499,1.501,11.501],"texture":"#2"},"up":{"uv":[11.001,11.501,14.499,12.499],"texture":"#2"},"north":{"uv":[1.501,12.001,4.999,12.499],"texture":"#2"},"south":{"uv":[11.001,12.001,14.499,12.499],"texture":"#2"},"west":{"uv":[11.501,12.001,12.499,12.499],"texture":"#2"},"east":{"uv":[3.501,12.001,4.499,12.499],"texture":"#2"}}},{"from":[4,3.5,12.5],"to":[14,4,13],"faces":{"down":{"uv":[2.499,12.999,2.001,12.501],"texture":"#2"},"up":{"uv":[13.501,12.501,13.999,12.999],"texture":"#2"},"north":{"uv":[2.001,12.001,2.499,12.499],"texture":"#2"},"south":{"uv":[13.501,12.001,13.999,12.499],"texture":"#2"},"west":{"uv":[12.501,12.001,12.999,12.499],"texture":"#2"},"east":{"uv":[3.001,12.001,3.499,12.499],"texture":"#2"}}},{"from":[5,3.5,2],"to":[13,4,2.5],"faces":{"down":{"uv":[10.999,13.499,9.501,13.001],"texture":"#2"},"north":{"uv":[9.501,11.501,10.999,12.499],"texture":"#2"},"west":{"uv":[13.501,11.501,13.999,12.499],"texture":"#2"},"east":{"uv":[2.001,11.501,2.499,12.499],"texture":"#2"}}},{"from":[7,3.5,14],"to":[11,4,14.5],"faces":{"down":{"uv":[10.999,13.499,9.501,13.001],"texture":"#2"},"south":{"uv":[5.001,11.501,6.499,12.499],"texture":"#2"},"west":{"uv":[13.501,11.501,13.999,12.499],"texture":"#2"},"east":{"uv":[2.001,11.501,2.499,12.499],"texture":"#2"}}},{"from":[3,3.5,11.5],"to":[8,4,12],"faces":{"down":{"uv":[1.499,11.999,1.001,11.501],"texture":"#2"},"up":{"uv":[14.501,11.501,14.999,11.999],"texture":"#2"},"south":{"uv":[14.501,12.001,14.999,12.499],"texture":"#2"},"west":{"uv":[11.501,12.001,11.999,12.499],"texture":"#2"},"east":{"uv":[4.001,12.001,4.499,12.499],"texture":"#2"}}},{"from":[3.5,3.5,3.5],"to":[8.5,4,4],"faces":{"down":{"uv":[4.999,12.499,1.501,11.501],"texture":"#2"},"up":{"uv":[11.001,11.501,14.499,12.499],"texture":"#2"},"north":{"uv":[1.501,12.001,4.999,12.499],"texture":"#2"},"south":{"uv":[11.001,12.001,14.499,12.499],"texture":"#2"},"west":{"uv":[11.501,12.001,12.499,12.499],"texture":"#2"},"east":{"uv":[3.501,12.001,4.499,12.499],"texture":"#2"}}},{"from":[9.5,3.5,3.5],"to":[14.5,4,4],"faces":{"down":{"uv":[4.999,12.499,1.501,11.501],"texture":"#2"},"up":{"uv":[11.001,11.501,14.499,12.499],"texture":"#2"},"north":{"uv":[1.501,12.001,4.999,12.499],"texture":"#2"},"south":{"uv":[11.001,12.001,14.499,12.499],"texture":"#2"},"west":{"uv":[11.501,12.001,12.499,12.499],"texture":"#2"},"east":{"uv":[3.501,12.001,4.499,12.499],"texture":"#2"}}},{"from":[4,3.5,3],"to":[14,4,3.5],"faces":{"down":{"uv":[2.499,12.999,2.001,12.501],"texture":"#2"},"up":{"uv":[13.501,12.501,13.999,12.999],"texture":"#2"},"north":{"uv":[2.001,12.001,2.499,12.499],"texture":"#2"},"south":{"uv":[13.501,12.001,13.999,12.499],"texture":"#2"},"west":{"uv":[12.501,12.001,12.999,12.499],"texture":"#2"},"east":{"uv":[3.001,12.001,3.499,12.499],"texture":"#2"}}},{"from":[7,3.5,1.5],"to":[11,4,2],"faces":{"down":{"uv":[10.999,13.499,9.501,13.001],"texture":"#2"},"north":{"uv":[9.501,11.501,10.999,12.499],"texture":"#2"},"west":{"uv":[13.501,11.501,13.999,12.499],"texture":"#2"},"east":{"uv":[2.001,11.501,2.499,12.499],"texture":"#2"}}},{"from":[8.5,3.5,1],"to":[9.5,4,1.5],"faces":{"down":{"uv":[10.999,13.499,9.501,13.001],"texture":"#2"},"north":{"uv":[9.501,11.501,10.999,12.499],"texture":"#2"},"west":{"uv":[13.501,11.501,13.999,12.499],"texture":"#2"},"east":{"uv":[2.001,11.501,2.499,12.499],"texture":"#2"}}},{"from":[6.5,4,1],"to":[11.5,4.5,1.5],"faces":{"down":{"uv":[10.999,13.499,9.501,13.001],"texture":"#2"},"up":{"uv":[4.501,13.001,5.999,13.499],"texture":"#2"},"north":{"uv":[9.501,11.501,10.999,12.499],"texture":"#2"},"west":{"uv":[13.501,11.501,13.999,12.499],"texture":"#2"},"east":{"uv":[2.001,11.501,2.499,12.499],"texture":"#2"}}}],"display":{"thirdperson_righthand":{"rotation":[0,90,0],"translation":[0,2.46,0.94],"scale":[0.5,0.5,0.5]},"thirdperson_lefthand":{"rotation":[0,-90,0],"translation":[0,2.46,0.94],"scale":[0.5,0.5,0.5]},"firstperson_righthand":{"rotation":[0,108,0],"translation":[0,2.08,0],"scale":[0.5,0.5,0.5]},"firstperson_lefthand":{"rotation":[0,-108,0],"translation":[0,2.08,0],"scale":[0.5,0.5,0.5]},"gui":{"rotation":[17,-139,-9],"translation":[0.57,0.19,0]},"head":{"rotation":[0,90,0],"translation":[0,14,2.08],"scale":[2,2,2]},"ground":{"translation":[0,1.13,0],"scale":[0.5,0.5,0.5]}}}