{"__comment":"DesignedbyTh0rgalwithCubikStudio-https://cubik.studio","textures":{"0":"withooker0"},"elements":[{"from":[6,7,0],"to":[12,13,15],"faces":{"down":{"uv":[10,0,16,16],"texture":"#0","rotation":180},"up":{"uv":[10,0,16,16],"texture":"#0","rotation":90},"north":{"uv":[0,10.25,6,16],"texture":"#0"},"south":{"uv":[10,0,16,4],"texture":"#0","rotation":90},"west":{"uv":[10,0,16,16],"texture":"#0"},"east":{"uv":[10,0,16,16],"texture":"#0","rotation":180}}},{"from":[7,5,10],"to":[11,7,12],"faces":{"down":{"uv":[10,0,16,4],"texture":"#0","rotation":90},"up":{"uv":[0,1.5,9,2.25],"texture":"#0","rotation":90},"north":{"uv":[10,0,16,4],"texture":"#0","rotation":90},"south":{"uv":[0,1.5,9,2.25],"texture":"#0","rotation":270},"west":{"uv":[10,0,16,4],"texture":"#0","rotation":90},"east":{"uv":[10,0,16,4],"texture":"#0","rotation":90}}},{"from":[8,6,8],"to":[10,7,10],"faces":{"down":{"uv":[10,0,16,4],"texture":"#0","rotation":90},"up":{"uv":[0,1.5,9,2.25],"texture":"#0","rotation":90},"north":{"uv":[10,0,16,4],"texture":"#0","rotation":90},"south":{"uv":[0,1.5,9,2.25],"texture":"#0","rotation":270},"west":{"uv":[10,0,16,4],"texture":"#0","rotation":90},"east":{"uv":[10,0,16,4],"texture":"#0","rotation":90}}},{"from":[8,8,15],"to":[10,9,16],"faces":{"down":{"uv":[0,1.5,9,2.25],"texture":"#0","rotation":90},"up":{"uv":[0,1.5,9,2.25],"texture":"#0","rotation":90},"north":{"uv":[0,1.5,9,2.25],"texture":"#0","rotation":90},"south":{"uv":[0,1.5,9,2.25],"texture":"#0","rotation":270},"west":{"uv":[0,1.5,9,2.25],"texture":"#0","rotation":90},"east":{"uv":[0,1.5,9,2.25],"texture":"#0","rotation":90}}},{"from":[7,7,15],"to":[11,8,16],"faces":{"down":{"uv":[0,1.5,9,2.25],"texture":"#0","rotation":90},"up":{"uv":[0,1.5,9,2.25],"texture":"#0","rotation":90},"north":{"uv":[0,1.5,9,2.25],"texture":"#0","rotation":90},"south":{"uv":[0,1.5,9,2.25],"texture":"#0","rotation":270},"west":{"uv":[0,1.5,9,2.25],"texture":"#0","rotation":90},"east":{"uv":[0,1.5,9,2.25],"texture":"#0","rotation":90}}},{"from":[5,7,11],"to":[6,8,15],"faces":{"down":{"uv":[0,1.5,9,2.25],"texture":"#0","rotation":90},"up":{"uv":[10,0,16,8],"texture":"#0","rotation":90},"north":{"uv":[0,1.5,9,2.25],"texture":"#0","rotation":90},"south":{"uv":[0,1.5,9,2.25],"texture":"#0","rotation":270},"west":{"uv":[10,0,16,8],"texture":"#0","rotation":90},"east":{"uv":[0,1.5,9,2.25],"texture":"#0","rotation":90}}},{"from":[10,9,8],"to":[11,10,9],"faces":{"down":{"uv":[0,1.5,9,2.25],"texture":"#0","rotation":90},"up":{"uv":[0,1.5,9,2.25],"texture":"#0","rotation":90},"north":{"uv":[0,1.5,9,2.25],"texture":"#0","rotation":90},"south":{"uv":[0,1.5,9,2.25],"texture":"#0","rotation":270},"west":{"uv":[0,1.5,9,2.25],"texture":"#0","rotation":90},"east":{"uv":[0,1.5,9,2.25],"texture":"#0","rotation":90}}},{"from":[10,11,15],"to":[11,12,16],"faces":{"down":{"uv":[9,0,10,4],"texture":"#0","rotation":90},"up":{"uv":[9,0,10,4],"texture":"#0","rotation":90},"north":{"uv":[0,1.5,9,2.25],"texture":"#0","rotation":90},"south":{"uv":[6,15.75,7,16],"texture":"#0","rotation":270},"west":{"uv":[9,0,10,4],"texture":"#0","rotation":90},"east":{"uv":[9,0,10,4],"texture":"#0","rotation":90}}},{"from":[8,3,12],"to":[10,7,16],"faces":{"down":{"uv":[0,0,9,4],"texture":"#0","rotation":90},"up":{"uv":[0,1.5,9,2.25],"texture":"#0","rotation":90},"north":{"uv":[0,0,9,4],"texture":"#0","rotation":90},"south":{"uv":[7,15.75,9,16],"texture":"#0","rotation":270},"west":{"uv":[0,0,9,4],"texture":"#0","rotation":90},"east":{"uv":[0,0,9,4],"texture":"#0","rotation":90}}},{"from":[10,9,15],"to":[11,10,16],"faces":{"down":{"uv":[9,0,10,4],"texture":"#0","rotation":90},"up":{"uv":[9,0,10,4],"texture":"#0","rotation":90},"north":{"uv":[0,1.5,9,2.25],"texture":"#0","rotation":90},"south":{"uv":[6,15.75,7,16],"texture":"#0","rotation":270},"west":{"uv":[9,0,10,4],"texture":"#0","rotation":90},"east":{"uv":[9,0,10,4],"texture":"#0","rotation":90}}},{"from":[7,3,12],"to":[8,6,16],"faces":{"down":{"uv":[0,0,9,4],"texture":"#0","rotation":90},"up":{"uv":[9,0,10,4],"texture":"#0","rotation":90},"north":{"uv":[0,0,9,4],"texture":"#0","rotation":90},"south":{"uv":[0,0,9,4],"texture":"#0","rotation":270},"west":{"uv":[0,0,9,4],"texture":"#0","rotation":90},"east":{"uv":[9,0,10,4],"texture":"#0","rotation":90}}},{"from":[7,11,15],"to":[8,12,16],"faces":{"down":{"uv":[9,0,10,4],"texture":"#0","rotation":90},"up":{"uv":[9,0,10,4],"texture":"#0","rotation":90},"north":{"uv":[0,1.5,9,2.25],"texture":"#0","rotation":90},"south":{"uv":[6,15.75,7,16],"texture":"#0","rotation":270},"west":{"uv":[9,0,10,4],"texture":"#0","rotation":90},"east":{"uv":[9,0,10,4],"texture":"#0","rotation":90}}},{"from":[12,10,0],"to":[13,11,14],"faces":{"down":{"uv":[9,0,10,4],"texture":"#0","rotation":90},"up":{"uv":[9,0,10,4],"texture":"#0"},"north":{"uv":[9,0,10,4],"texture":"#0","rotation":90},"south":{"uv":[9,0,10,4],"texture":"#0","rotation":90},"west":{"uv":[9,0,10,4],"texture":"#0"},"east":{"uv":[9,0,10,4],"texture":"#0","rotation":90}}},{"from":[5,10,0],"to":[6,11,14],"faces":{"down":{"uv":[9,0,10,4],"texture":"#0","rotation":90},"up":{"uv":[9,0,10,4],"texture":"#0"},"north":{"uv":[9,0,10,4],"texture":"#0","rotation":90},"south":{"uv":[9,0,10,4],"texture":"#0","rotation":90},"west":{"uv":[9,0,10,4],"texture":"#0"},"east":{"uv":[9,0,10,4],"texture":"#0","rotation":90}}},{"from":[7,13,0],"to":[8,14,14],"faces":{"down":{"uv":[9,0,10,4],"texture":"#0","rotation":90},"up":{"uv":[9,0,10,4],"texture":"#0"},"north":{"uv":[9,0,10,4],"texture":"#0","rotation":90},"south":{"uv":[9,0,10,4],"texture":"#0","rotation":90},"west":{"uv":[9,0,10,4],"texture":"#0"},"east":{"uv":[9,0,10,4],"texture":"#0","rotation":90}}},{"from":[10,13,0],"to":[11,14,14],"faces":{"down":{"uv":[9,0,10,4],"texture":"#0","rotation":90},"up":{"uv":[9,0,10,4],"texture":"#0"},"north":{"uv":[9,0,10,4],"texture":"#0","rotation":90},"south":{"uv":[9,0,10,4],"texture":"#0","rotation":90},"west":{"uv":[9,0,10,4],"texture":"#0"},"east":{"uv":[9,0,10,4],"texture":"#0","rotation":90}}},{"from":[5,12,2],"to":[6,13,4],"faces":{"down":{"uv":[3,1.25,4,1.5],"texture":"#0","rotation":90},"up":{"uv":[3,1.25,4,1.5],"texture":"#0","rotation":90},"north":{"uv":[3,1.25,4,1.5],"texture":"#0","rotation":90},"south":{"uv":[3,1.25,4,1.5],"texture":"#0","rotation":270},"west":{"uv":[3,1.25,4,1.5],"texture":"#0","rotation":90},"east":{"uv":[3,1.25,4,1.5],"texture":"#0","rotation":90}}},{"from":[12,7,11],"to":[13,8,15],"faces":{"down":{"uv":[0,1.5,9,2.25],"texture":"#0","rotation":90},"up":{"uv":[0,1.5,9,2.25],"texture":"#0","rotation":90},"north":{"uv":[0,1.5,9,2.25],"texture":"#0","rotation":90},"south":{"uv":[0,1.5,9,2.25],"texture":"#0","rotation":270},"west":{"uv":[0,1.5,9,2.25],"texture":"#0","rotation":90},"east":{"uv":[0,1.5,9,2.25],"texture":"#0","rotation":90}}},{"from":[5,12,6],"to":[6,13,8],"faces":{"down":{"uv":[3,1.25,4,1.5],"texture":"#0","rotation":90},"up":{"uv":[3,1.25,4,1.5],"texture":"#0","rotation":90},"north":{"uv":[3,1.25,4,1.5],"texture":"#0","rotation":90},"south":{"uv":[3,1.25,4,1.5],"texture":"#0","rotation":270},"west":{"uv":[3,1.25,4,1.5],"texture":"#0","rotation":90},"east":{"uv":[3,1.25,4,1.5],"texture":"#0","rotation":90}}},{"from":[5,12,10],"to":[6,13,12],"faces":{"down":{"uv":[3,1.25,4,1.5],"texture":"#0","rotation":90},"up":{"uv":[3,1.25,4,1.5],"texture":"#0","rotation":90},"north":{"uv":[3,1.25,4,1.5],"texture":"#0","rotation":90},"south":{"uv":[3,1.25,4,1.5],"texture":"#0","rotation":270},"west":{"uv":[3,1.25,4,1.5],"texture":"#0","rotation":90},"east":{"uv":[3,1.25,4,1.5],"texture":"#0","rotation":90}}},{"from":[12,12,2],"to":[13,13,4],"faces":{"down":{"uv":[3,1.25,4,1.5],"texture":"#0","rotation":90},"up":{"uv":[3,1.25,4,1.5],"texture":"#0","rotation":90},"north":{"uv":[3,1.25,4,1.5],"texture":"#0","rotation":90},"south":{"uv":[3,1.25,4,1.5],"texture":"#0","rotation":270},"west":{"uv":[3,1.25,4,1.5],"texture":"#0","rotation":90},"east":{"uv":[3,1.25,4,1.5],"texture":"#0","rotation":90}}},{"from":[12,12,6],"to":[13,13,8],"faces":{"down":{"uv":[3,1.25,4,1.5],"texture":"#0","rotation":90},"up":{"uv":[3,1.25,4,1.5],"texture":"#0","rotation":90},"north":{"uv":[3,1.25,4,1.5],"texture":"#0","rotation":90},"south":{"uv":[3,1.25,4,1.5],"texture":"#0","rotation":270},"west":{"uv":[3,1.25,4,1.5],"texture":"#0","rotation":90},"east":{"uv":[3,1.25,4,1.5],"texture":"#0","rotation":90}}},{"from":[12,12,10],"to":[13,13,12],"faces":{"down":{"uv":[3,1.25,4,1.5],"texture":"#0","rotation":90},"up":{"uv":[3,1.25,4,1.5],"texture":"#0","rotation":90},"north":{"uv":[3,1.25,4,1.5],"texture":"#0","rotation":90},"south":{"uv":[3,1.25,4,1.5],"texture":"#0","rotation":270},"west":{"uv":[3,1.25,4,1.5],"texture":"#0","rotation":90},"east":{"uv":[3,1.25,4,1.5],"texture":"#0","rotation":90}}},{"from":[4,9,7],"to":[6,11,9],"faces":{"down":{"uv":[3,1.25,4,1.5],"texture":"#0","rotation":90},"up":{"uv":[3,1.25,4,1.5],"texture":"#0","rotation":90},"north":{"uv":[3,1.25,4,1.5],"texture":"#0","rotation":90},"south":{"uv":[3,1.25,4,1.5],"texture":"#0","rotation":270},"west":{"uv":[3,1.25,4,1.5],"texture":"#0","rotation":90},"east":{"uv":[3,1.25,4,1.5],"texture":"#0","rotation":90}}},{"from":[12,9,7],"to":[14,11,9],"faces":{"down":{"uv":[3,1.25,4,1.5],"texture":"#0","rotation":90},"up":{"uv":[3,1.25,4,1.5],"texture":"#0","rotation":90},"north":{"uv":[3,1.25,4,1.5],"texture":"#0","rotation":90},"south":{"uv":[3,1.25,4,1.5],"texture":"#0","rotation":270},"west":{"uv":[3,1.25,4,1.5],"texture":"#0","rotation":90},"east":{"uv":[3,1.25,4,1.5],"texture":"#0","rotation":90}}},{"from":[5,11,7],"to":[6,12,9],"faces":{"down":{"uv":[3,1.25,4,1.5],"texture":"#0","rotation":90},"up":{"uv":[3,1.25,4,1.5],"texture":"#0","rotation":90},"north":{"uv":[3,1.25,4,1.5],"texture":"#0","rotation":90},"south":{"uv":[3,1.25,4,1.5],"texture":"#0","rotation":270},"west":{"uv":[3,1.25,4,1.5],"texture":"#0","rotation":90},"east":{"uv":[3,1.25,4,1.5],"texture":"#0","rotation":90}}},{"from":[12,11,7],"to":[13,12,9],"faces":{"down":{"uv":[3,1.25,4,1.5],"texture":"#0","rotation":90},"up":{"uv":[3,1.25,4,1.5],"texture":"#0","rotation":90},"north":{"uv":[3,1.25,4,1.5],"texture":"#0","rotation":90},"south":{"uv":[3,1.25,4,1.5],"texture":"#0","rotation":270},"west":{"uv":[3,1.25,4,1.5],"texture":"#0","rotation":90},"east":{"uv":[3,1.25,4,1.5],"texture":"#0","rotation":90}}},{"from":[8,13,7],"to":[10,15,9],"faces":{"down":{"uv":[3,1.25,4,1.5],"texture":"#0","rotation":90},"up":{"uv":[3,1.25,4,1.5],"texture":"#0","rotation":90},"north":{"uv":[3,1.25,4,1.5],"texture":"#0","rotation":90},"south":{"uv":[3,1.25,4,1.5],"texture":"#0","rotation":270},"west":{"uv":[3,1.25,4,1.5],"texture":"#0","rotation":90},"east":{"uv":[3,1.25,4,1.5],"texture":"#0","rotation":90}}},{"from":[6,13,7],"to":[12,14,9],"faces":{"down":{"uv":[3,1.25,4,1.5],"texture":"#0","rotation":90},"up":{"uv":[3,1.25,4,1.5],"texture":"#0","rotation":90},"north":{"uv":[3,1.25,4,1.5],"texture":"#0","rotation":90},"south":{"uv":[3,1.25,4,1.5],"texture":"#0","rotation":270},"west":{"uv":[3,1.25,4,1.5],"texture":"#0","rotation":90},"east":{"uv":[3,1.25,4,1.5],"texture":"#0","rotation":90}}},{"from":[7,14,7],"to":[8,15,9],"faces":{"down":{"uv":[3,1.25,4,1.5],"texture":"#0","rotation":90},"up":{"uv":[3,1.25,4,1.5],"texture":"#0","rotation":90},"north":{"uv":[3,1.25,4,1.5],"texture":"#0","rotation":90},"south":{"uv":[3,1.25,4,1.5],"texture":"#0","rotation":270},"west":{"uv":[3,1.25,4,1.5],"texture":"#0","rotation":90},"east":{"uv":[3,1.25,4,1.5],"texture":"#0","rotation":90}}},{"from":[10,14,7],"to":[11,15,9],"faces":{"down":{"uv":[3,1.25,4,1.5],"texture":"#0","rotation":90},"up":{"uv":[3,1.25,4,1.5],"texture":"#0","rotation":90},"north":{"uv":[3,1.25,4,1.5],"texture":"#0","rotation":90},"south":{"uv":[3,1.25,4,1.5],"texture":"#0","rotation":270},"west":{"uv":[3,1.25,4,1.5],"texture":"#0","rotation":90},"east":{"uv":[3,1.25,4,1.5],"texture":"#0","rotation":90}}},{"from":[8,15,7],"to":[10,16,9],"faces":{"down":{"uv":[3,1.25,4,1.5],"texture":"#0","rotation":90},"up":{"uv":[3,1.25,4,1.5],"texture":"#0","rotation":90},"north":{"uv":[3,1.25,4,1.5],"texture":"#0","rotation":90},"south":{"uv":[3,1.25,4,1.5],"texture":"#0","rotation":270},"west":{"uv":[3,1.25,4,1.5],"texture":"#0","rotation":90},"east":{"uv":[3,1.25,4,1.5],"texture":"#0","rotation":90}}},{"from":[5,8,7],"to":[11,9,9],"faces":{"down":{"uv":[3,1.25,4,1.5],"texture":"#0","rotation":90},"up":{"uv":[3,1.25,4,1.5],"texture":"#0","rotation":90},"north":{"uv":[3,1.25,4,1.5],"texture":"#0","rotation":90},"south":{"uv":[3,1.25,4,1.5],"texture":"#0","rotation":270},"west":{"uv":[3,1.25,4,1.5],"texture":"#0","rotation":90},"east":{"uv":[3,1.25,4,1.5],"texture":"#0","rotation":90}}},{"from":[8,8,5],"to":[11,9,7],"faces":{"down":{"uv":[3,1.25,4,1.5],"texture":"#0","rotation":90},"up":{"uv":[3,1.25,4,1.5],"texture":"#0","rotation":90},"north":{"uv":[3,1.25,4,1.5],"texture":"#0","rotation":90},"south":{"uv":[3,1.25,4,1.5],"texture":"#0","rotation":270},"west":{"uv":[3,1.25,4,1.5],"texture":"#0","rotation":90},"east":{"uv":[3,1.25,4,1.5],"texture":"#0","rotation":90}}},{"from":[7,8,7],"to":[9,9,9],"faces":{"down":{"uv":[3,1.25,4,1.5],"texture":"#0","rotation":90},"up":{"uv":[3,1.25,4,1.5],"texture":"#0","rotation":90},"north":{"uv":[3,1.25,4,1.5],"texture":"#0","rotation":90},"south":{"uv":[3,1.25,4,1.5],"texture":"#0","rotation":270},"west":{"uv":[3,1.25,4,1.5],"texture":"#0","rotation":90},"east":{"uv":[3,1.25,4,1.5],"texture":"#0","rotation":90}}},{"from":[8,13,5],"to":[10,14,7],"faces":{"down":{"uv":[3,1.25,4,1.5],"texture":"#0","rotation":90},"up":{"uv":[3,1.25,4,1.5],"texture":"#0","rotation":90},"north":{"uv":[3,1.25,4,1.5],"texture":"#0","rotation":90},"south":{"uv":[3,1.25,4,1.5],"texture":"#0","rotation":270},"west":{"uv":[3,1.25,4,1.5],"texture":"#0","rotation":90},"east":{"uv":[3,1.25,4,1.5],"texture":"#0","rotation":90}}},{"from":[7,8,7],"to":[9,9,9],"faces":{"down":{"uv":[3,1.25,4,1.5],"texture":"#0","rotation":90},"up":{"uv":[3,1.25,4,1.5],"texture":"#0","rotation":90},"north":{"uv":[3,1.25,4,1.5],"texture":"#0","rotation":90},"south":{"uv":[3,1.25,4,1.5],"texture":"#0","rotation":270},"west":{"uv":[3,1.25,4,1.5],"texture":"#0","rotation":90},"east":{"uv":[3,1.25,4,1.5],"texture":"#0","rotation":90}}},{"from":[8,13,9],"to":[10,14,11],"faces":{"down":{"uv":[3,1.25,4,1.5],"texture":"#0","rotation":90},"up":{"uv":[3,1.25,4,1.5],"texture":"#0","rotation":90},"north":{"uv":[3,1.25,4,1.5],"texture":"#0","rotation":90},"south":{"uv":[3,1.25,4,1.5],"texture":"#0","rotation":270},"west":{"uv":[3,1.25,4,1.5],"texture":"#0","rotation":90},"east":{"uv":[3,1.25,4,1.5],"texture":"#0","rotation":90}}},{"from":[8,8,8],"to":[9,9,9],"faces":{"down":{"uv":[9,0,10,4],"texture":"#0","rotation":90},"up":{"uv":[9,0,10,4],"texture":"#0","rotation":90},"north":{"uv":[0,1.5,9,2.25],"texture":"#0","rotation":90},"south":{"uv":[9,0,10,4],"texture":"#0","rotation":270},"west":{"uv":[9,0,10,4],"texture":"#0","rotation":90},"east":{"uv":[9,0,10,4],"texture":"#0","rotation":90}}},{"from":[8,14,9],"to":[10,15,10],"faces":{"down":{"uv":[9,0,10,4],"texture":"#0","rotation":90},"up":{"uv":[9,0,10,4],"texture":"#0","rotation":90},"north":{"uv":[0,1.5,9,2.25],"texture":"#0","rotation":90},"south":{"uv":[9,0,10,4],"texture":"#0","rotation":270},"west":{"uv":[9,0,10,4],"texture":"#0","rotation":90},"east":{"uv":[9,0,10,4],"texture":"#0","rotation":90}}},{"from":[8,8,6],"to":[10,9,7],"faces":{"down":{"uv":[9,0,10,4],"texture":"#0","rotation":90},"up":{"uv":[9,0,10,4],"texture":"#0","rotation":90},"north":{"uv":[0,1.5,9,2.25],"texture":"#0","rotation":90},"south":{"uv":[9,0,10,4],"texture":"#0","rotation":270},"west":{"uv":[9,0,10,4],"texture":"#0","rotation":90},"east":{"uv":[9,0,10,4],"texture":"#0","rotation":90}}},{"from":[8,14,6],"to":[10,15,7],"faces":{"down":{"uv":[9,0,10,4],"texture":"#0","rotation":90},"up":{"uv":[9,0,10,4],"texture":"#0","rotation":90},"north":{"uv":[3,1.25,4,1.5],"texture":"#0","rotation":90},"south":{"uv":[9,0,10,4],"texture":"#0","rotation":270},"west":{"uv":[9,0,10,4],"texture":"#0","rotation":90},"east":{"uv":[9,0,10,4],"texture":"#0","rotation":90}}},{"from":[6,6,6],"to":[7,7,8],"faces":{"down":{"uv":[3,1.25,4,1.5],"texture":"#0","rotation":90},"up":{"uv":[3,1.25,4,1.5],"texture":"#0","rotation":90},"north":{"uv":[3,1.25,4,1.5],"texture":"#0","rotation":90},"south":{"uv":[3,1.25,4,1.5],"texture":"#0","rotation":270},"west":{"uv":[3,1.25,4,1.5],"texture":"#0","rotation":90},"east":{"uv":[3,1.25,4,1.5],"texture":"#0","rotation":90}}},{"from":[6,6,3],"to":[7,7,5],"faces":{"down":{"uv":[3,1.25,4,1.5],"texture":"#0","rotation":90},"up":{"uv":[3,1.25,4,1.5],"texture":"#0","rotation":90},"north":{"uv":[3,1.25,4,1.5],"texture":"#0","rotation":90},"south":{"uv":[3,1.25,4,1.5],"texture":"#0","rotation":270},"west":{"uv":[3,1.25,4,1.5],"texture":"#0","rotation":90},"east":{"uv":[3,1.25,4,1.5],"texture":"#0","rotation":90}}},{"from":[8,8,9],"to":[9,9,11],"faces":{"down":{"uv":[3,1.25,4,1.5],"texture":"#0","rotation":90},"up":{"uv":[3,1.25,4,1.5],"texture":"#0","rotation":90},"north":{"uv":[3,1.25,4,1.5],"texture":"#0","rotation":90},"south":{"uv":[3,1.25,4,1.5],"texture":"#0","rotation":270},"west":{"uv":[3,1.25,4,1.5],"texture":"#0","rotation":90},"east":{"uv":[3,1.25,4,1.5],"texture":"#0","rotation":90}}},{"from":[8,8,6],"to":[9,9,8],"faces":{"down":{"uv":[3,1.25,4,1.5],"texture":"#0","rotation":90},"up":{"uv":[3,1.25,4,1.5],"texture":"#0","rotation":90},"north":{"uv":[3,1.25,4,1.5],"texture":"#0","rotation":90},"south":{"uv":[3,1.25,4,1.5],"texture":"#0","rotation":270},"west":{"uv":[3,1.25,4,1.5],"texture":"#0","rotation":90},"east":{"uv":[3,1.25,4,1.5],"texture":"#0","rotation":90}}},{"from":[8,8,9],"to":[9,9,11],"faces":{"down":{"uv":[3,1.25,4,1.5],"texture":"#0","rotation":90},"up":{"uv":[3,1.25,4,1.5],"texture":"#0","rotation":90},"north":{"uv":[3,1.25,4,1.5],"texture":"#0","rotation":90},"south":{"uv":[3,1.25,4,1.5],"texture":"#0","rotation":270},"west":{"uv":[3,1.25,4,1.5],"texture":"#0","rotation":90},"east":{"uv":[3,1.25,4,1.5],"texture":"#0","rotation":90}}},{"from":[8,8,6],"to":[9,9,8],"faces":{"down":{"uv":[3,1.25,4,1.5],"texture":"#0","rotation":90},"up":{"uv":[3,1.25,4,1.5],"texture":"#0","rotation":90},"north":{"uv":[3,1.25,4,1.5],"texture":"#0","rotation":90},"south":{"uv":[3,1.25,4,1.5],"texture":"#0","rotation":270},"west":{"uv":[3,1.25,4,1.5],"texture":"#0","rotation":90},"east":{"uv":[3,1.25,4,1.5],"texture":"#0","rotation":90}}},{"from":[8,8,9],"to":[9,9,11],"faces":{"down":{"uv":[3,1.25,4,1.5],"texture":"#0","rotation":90},"up":{"uv":[3,1.25,4,1.5],"texture":"#0","rotation":90},"north":{"uv":[3,1.25,4,1.5],"texture":"#0","rotation":90},"south":{"uv":[3,1.25,4,1.5],"texture":"#0","rotation":270},"west":{"uv":[3,1.25,4,1.5],"texture":"#0","rotation":90},"east":{"uv":[3,1.25,4,1.5],"texture":"#0","rotation":90}}},{"from":[8,8,6],"to":[9,9,8],"faces":{"down":{"uv":[3,1.25,4,1.5],"texture":"#0","rotation":90},"up":{"uv":[3,1.25,4,1.5],"texture":"#0","rotation":90},"north":{"uv":[3,1.25,4,1.5],"texture":"#0","rotation":90},"south":{"uv":[3,1.25,4,1.5],"texture":"#0","rotation":270},"west":{"uv":[3,1.25,4,1.5],"texture":"#0","rotation":90},"east":{"uv":[3,1.25,4,1.5],"texture":"#0","rotation":90}}},{"from":[11,6,6],"to":[12,7,8],"faces":{"down":{"uv":[3,1.25,4,1.5],"texture":"#0","rotation":90},"up":{"uv":[3,1.25,4,1.5],"texture":"#0","rotation":90},"north":{"uv":[3,1.25,4,1.5],"texture":"#0","rotation":90},"south":{"uv":[3,1.25,4,1.5],"texture":"#0","rotation":270},"west":{"uv":[3,1.25,4,1.5],"texture":"#0","rotation":90},"east":{"uv":[3,1.25,4,1.5],"texture":"#0","rotation":90}}},{"from":[11,6,3],"to":[12,7,5],"faces":{"down":{"uv":[3,1.25,4,1.5],"texture":"#0","rotation":90},"up":{"uv":[3,1.25,4,1.5],"texture":"#0","rotation":90},"north":{"uv":[3,1.25,4,1.5],"texture":"#0","rotation":90},"south":{"uv":[3,1.25,4,1.5],"texture":"#0","rotation":270},"west":{"uv":[3,1.25,4,1.5],"texture":"#0","rotation":90},"east":{"uv":[3,1.25,4,1.5],"texture":"#0","rotation":90}}},{"from":[8,6,1],"to":[10,7,2],"faces":{"down":{"uv":[9,0,10,4],"texture":"#0","rotation":90},"up":{"uv":[9,0,10,4],"texture":"#0","rotation":90},"north":{"uv":[9,0,10,4],"texture":"#0","rotation":90},"south":{"uv":[9,0,10,4],"texture":"#0","rotation":270},"west":{"uv":[9,0,10,4],"texture":"#0","rotation":90},"east":{"uv":[9,0,10,4],"texture":"#0","rotation":90}}},{"from":[8,6,5],"to":[10,7,6],"faces":{"down":{"uv":[9,0,10,4],"texture":"#0","rotation":90},"up":{"uv":[9,0,10,4],"texture":"#0","rotation":90},"north":{"uv":[9,0,10,4],"texture":"#0","rotation":90},"south":{"uv":[9,0,10,4],"texture":"#0","rotation":270},"west":{"uv":[9,0,10,4],"texture":"#0","rotation":90},"east":{"uv":[9,0,10,4],"texture":"#0","rotation":90}}},{"from":[8,6,3],"to":[10,7,4],"faces":{"down":{"uv":[3,1.25,4,1.5],"texture":"#0","rotation":90},"up":{"uv":[3,1.25,4,1.5],"texture":"#0","rotation":90},"north":{"uv":[3,1.25,4,1.5],"texture":"#0","rotation":90},"south":{"uv":[3,1.25,4,1.5],"texture":"#0","rotation":270},"west":{"uv":[3,1.25,4,1.5],"texture":"#0","rotation":90},"east":{"uv":[3,1.25,4,1.5],"texture":"#0","rotation":90}}},{"from":[10,3,12],"to":[11,6,16],"faces":{"down":{"uv":[0,0,9,4],"texture":"#0","rotation":90},"up":{"uv":[0,1.5,9,2.25],"texture":"#0","rotation":90},"north":{"uv":[0,0,9,4],"texture":"#0","rotation":90},"south":{"uv":[7,15.75,9,16],"texture":"#0","rotation":270},"west":{"uv":[7,15.75,9,16],"texture":"#0","rotation":90},"east":{"uv":[0,0,9,4],"texture":"#0","rotation":90}}},{"from":[8,7,6],"to":[9,10,10],"faces":{"down":{"uv":[10,0,16,4],"texture":"#0","rotation":90},"up":{"uv":[0,1.5,9,2.25],"texture":"#0","rotation":90},"north":{"uv":[10,0,16,4],"texture":"#0","rotation":90},"south":{"uv":[7,15.75,9,16],"texture":"#0","rotation":270},"west":{"uv":[7,15.75,9,16],"texture":"#0","rotation":90},"east":{"uv":[0,0,9,4],"texture":"#0","rotation":90}}},{"from":[8,3,16],"to":[10,6,17],"faces":{"down":{"uv":[0,0,9,4],"texture":"#0","rotation":90},"up":{"uv":[0,0,9,4],"texture":"#0","rotation":90},"north":{"uv":[0,1.5,9,2.25],"texture":"#0","rotation":90},"south":{"uv":[0,0,9,4],"texture":"#0","rotation":270},"west":{"uv":[0,0,9,4],"texture":"#0","rotation":90},"east":{"uv":[0,0,9,4],"texture":"#0","rotation":90}}},{"from":[7,9,15],"to":[8,10,16],"faces":{"down":{"uv":[9,0,10,4],"texture":"#0","rotation":90},"up":{"uv":[9,0,10,4],"texture":"#0","rotation":90},"north":{"uv":[0,1.5,9,2.25],"texture":"#0","rotation":90},"south":{"uv":[6,15.75,7,16],"texture":"#0","rotation":270},"west":{"uv":[9,0,10,4],"texture":"#0","rotation":90},"east":{"uv":[9,0,10,4],"texture":"#0","rotation":90}}},{"from":[8,9,-1],"to":[10,11,0],"faces":{"down":{"uv":[10,0,16,16],"texture":"#0","rotation":180},"up":{"uv":[10,0,16,16],"texture":"#0","rotation":90},"north":{"uv":[0,10.25,6,16],"texture":"#0"},"south":{"uv":[10,0,16,4],"texture":"#0","rotation":90},"west":{"uv":[10,0,16,16],"texture":"#0"},"east":{"uv":[10,0,16,16],"texture":"#0","rotation":180}}},{"from":[6,7,-1],"to":[7,8,0],"faces":{"down":{"uv":[10,0,16,16],"texture":"#0","rotation":180},"up":{"uv":[10,0,16,16],"texture":"#0","rotation":90},"north":{"uv":[0,10,6,16],"texture":"#0"},"south":{"uv":[10,0,16,4],"texture":"#0","rotation":90},"west":{"uv":[10,0,16,16],"texture":"#0"},"east":{"uv":[10,0,16,16],"texture":"#0","rotation":180}}},{"from":[11,12,-1],"to":[12,13,0],"faces":{"down":{"uv":[10,0,16,16],"texture":"#0","rotation":180},"up":{"uv":[10,0,16,16],"texture":"#0","rotation":90},"north":{"uv":[0,10,6,16],"texture":"#0"},"south":{"uv":[10,0,16,4],"texture":"#0","rotation":90},"west":{"uv":[10,0,16,16],"texture":"#0"},"east":{"uv":[10,0,16,16],"texture":"#0","rotation":180}}},{"from":[6,12,-1],"to":[7,13,0],"faces":{"down":{"uv":[10,0,16,16],"texture":"#0","rotation":180},"up":{"uv":[10,0,16,16],"texture":"#0","rotation":90},"north":{"uv":[0,10,6,16],"texture":"#0"},"south":{"uv":[10,0,16,4],"texture":"#0","rotation":90},"west":{"uv":[10,0,16,16],"texture":"#0"},"east":{"uv":[10,0,16,16],"texture":"#0","rotation":180}}},{"from":[11,7,-1],"to":[12,8,0],"faces":{"down":{"uv":[10,0,16,16],"texture":"#0","rotation":180},"up":{"uv":[10,0,16,16],"texture":"#0","rotation":90},"north":{"uv":[0,10,6,16],"texture":"#0"},"south":{"uv":[10,0,16,4],"texture":"#0","rotation":90},"west":{"uv":[10,0,16,16],"texture":"#0"},"east":{"uv":[10,0,16,16],"texture":"#0","rotation":180}}}],"display":{"thirdperson_righthand":{"rotation":[6,0,0],"translation":[-0.626,2.713,-1.46]},"gui":{"rotation":[-25,-149,2],"translation":[0.5,-0.834,0],"scale":[0.85,0.85,0.85]}}}